/*
SQLyog Professional v12.5.1 (32 bit)
MySQL - 5.6.26 : Database - admin_sada
*********************************************************************
*/

/*!40101 SET NAMES utf8 */;

/*!40101 SET SQL_MODE=''*/;

/*!40014 SET @OLD_UNIQUE_CHECKS=@@UNIQUE_CHECKS, UNIQUE_CHECKS=0 */;
/*!40014 SET @OLD_FOREIGN_KEY_CHECKS=@@FOREIGN_KEY_CHECKS, FOREIGN_KEY_CHECKS=0 */;
/*!40101 SET @OLD_SQL_MODE=@@SQL_MODE, SQL_MODE='NO_AUTO_VALUE_ON_ZERO' */;
/*!40111 SET @OLD_SQL_NOTES=@@SQL_NOTES, SQL_NOTES=0 */;
CREATE DATABASE /*!32312 IF NOT EXISTS*/`admin_sada` /*!40100 DEFAULT CHARACTER SET latin1 */;

USE `admin_sada`;

/*Table structure for table `acs_address` */

DROP TABLE IF EXISTS `acs_address`;

CREATE TABLE `acs_address` (
  `id` varchar(25) NOT NULL,
  `user_id` int(11) DEFAULT NULL,
  `first_name` varchar(50) DEFAULT NULL,
  `last_name` varchar(50) DEFAULT NULL,
  `name` varchar(50) DEFAULT NULL,
  `address` varchar(255) NOT NULL,
  `province` int(11) DEFAULT NULL,
  `city` int(11) DEFAULT NULL,
  `subdistrict` int(11) DEFAULT NULL,
  `phone` varchar(50) DEFAULT NULL,
  `long_format` text,
  `zip` varchar(10) DEFAULT NULL,
  `ctb` varchar(25) NOT NULL,
  `ctd` datetime NOT NULL,
  `mdb` varchar(25) NOT NULL,
  `mdd` datetime NOT NULL,
  PRIMARY KEY (`id`)
) ENGINE=InnoDB DEFAULT CHARSET=latin1;

/*Data for the table `acs_address` */

/*Table structure for table `acs_config` */

DROP TABLE IF EXISTS `acs_config`;

CREATE TABLE `acs_config` (
  `config_id` varchar(25) NOT NULL,
  `config_group` varchar(100) NOT NULL,
  `config_name` varchar(200) NOT NULL,
  `config_value` mediumtext,
  `config_value_id` mediumtext NOT NULL,
  `config_desc` mediumtext,
  `file_location` mediumtext,
  `file_thumb` mediumtext,
  `file_original` mediumtext,
  `ctb` int(11) NOT NULL,
  `ctd` datetime NOT NULL,
  `mdb` int(11) NOT NULL,
  `mdd` datetime NOT NULL,
  PRIMARY KEY (`config_id`)
) ENGINE=InnoDB DEFAULT CHARSET=utf8;

/*Data for the table `acs_config` */

insert  into `acs_config`(`config_id`,`config_group`,`config_name`,`config_value`,`config_value_id`,`config_desc`,`file_location`,`file_thumb`,`file_original`,`ctb`,`ctd`,`mdb`,`mdd`) values 
('1909275D8D8759E56D5','web_config','web_title','<p>SADA</p>\r\n','<p>SADA</p>\r\n','',NULL,NULL,NULL,1,'2019-09-27 10:51:53',6,'2020-02-04 15:31:30'),
('1909275D8D8AEEB2A60','web_config','socmed_facebook','<p>https://facebook.com/</p>\r\n','','',NULL,NULL,NULL,1,'2019-09-27 11:07:10',6,'2019-12-04 10:26:37'),
('1909275D8D8B0AC221C','web_config','socmed_instagram','<p>https://instagram.com/</p>\r\n','<p>https://instagram.com/</p>\r\n',NULL,NULL,NULL,NULL,1,'2019-09-27 11:07:38',1,'2019-10-16 09:29:12'),
('1909275D8D8B3D59E7A','web_config','socmed_youtube','<p>https://youtube.com/</p>\r\n','',NULL,NULL,NULL,NULL,1,'2019-09-27 11:08:29',1,'2019-10-16 09:33:00'),
('1910225DAE769A6D6DB','web_config','admin_mail','<p>admin@sada.com</p>\r\n','<p>admin@sada.com</p>\r\n','admin@sada.com',NULL,NULL,NULL,6,'2019-10-22 10:25:14',6,'2020-02-04 15:31:51'),
('1910225DAE772DD93F0','web_config','mail_cc','<p>testing.imajiku2@gmail.com</p>\r\n','','',NULL,NULL,NULL,6,'2019-10-22 10:27:41',6,'2020-01-22 15:33:05'),
('1911215DD64054EB734','web_config','socmed_twitter','<p>https://twitter.com</p>\r\n','','',NULL,NULL,NULL,6,'2019-11-21 14:44:20',6,'2019-11-21 14:44:20'),
('1912195DFB2247A01A1','web_config','text_socmed','','','',NULL,NULL,NULL,6,'2019-12-19 14:09:59',6,'2020-02-10 10:11:25'),
('1912195DFB22CBF22E2','web_config','text_subscribe','','','',NULL,NULL,NULL,6,'2019-12-19 14:12:11',6,'2020-02-10 10:11:16'),
('2002045E392C339612C','site_config','background_login','<p>linear-gradient(to right, #b39264 11%, #000000 134%);</p>\r\n','<p>linear-gradient(to right, #b39264 11%, #000000 99%);</p>\r\n','',NULL,NULL,NULL,6,'2020-02-04 15:32:51',6,'2020-02-05 15:30:04'),
('2002045E3930F842E6C','site_config','btn_link_hover_login','<p>#D4A24C</p>\r\n','<p>#D4A24C</p>\r\n','',NULL,NULL,NULL,6,'2020-02-04 15:53:12',6,'2020-02-05 15:29:56'),
('2002055E3A7C30E10AF','site_config','btn_link_hovered','<p>#50422D</p>\r\n','<p>#50422D</p>\r\n','',NULL,NULL,NULL,6,'2020-02-05 15:26:24',6,'2020-02-05 15:29:46');

/*Table structure for table `acs_groups` */

DROP TABLE IF EXISTS `acs_groups`;

CREATE TABLE `acs_groups` (
  `id` mediumint(8) unsigned NOT NULL AUTO_INCREMENT,
  `name` varchar(20) NOT NULL,
  `description` varchar(100) NOT NULL,
  PRIMARY KEY (`id`)
) ENGINE=InnoDB AUTO_INCREMENT=3 DEFAULT CHARSET=utf8;

/*Data for the table `acs_groups` */

insert  into `acs_groups`(`id`,`name`,`description`) values 
(1,'admin','Administrator'),
(2,'member','Member');

/*Table structure for table `acs_lang` */

DROP TABLE IF EXISTS `acs_lang`;

CREATE TABLE `acs_lang` (
  `id` varchar(25) CHARACTER SET latin1 NOT NULL,
  `lang` varchar(5) CHARACTER SET latin1 NOT NULL,
  `title` varchar(100) CHARACTER SET latin1 NOT NULL,
  `slug` varchar(100) CHARACTER SET latin1 NOT NULL,
  `status` tinyint(1) NOT NULL,
  `status_default` tinyint(1) NOT NULL DEFAULT '0',
  `ctb` int(11) NOT NULL,
  `ctd` datetime NOT NULL,
  `mdb` int(11) NOT NULL,
  `mdd` datetime NOT NULL,
  PRIMARY KEY (`id`)
) ENGINE=InnoDB DEFAULT CHARSET=utf8;

/*Data for the table `acs_lang` */

insert  into `acs_lang`(`id`,`lang`,`title`,`slug`,`status`,`status_default`,`ctb`,`ctd`,`mdb`,`mdd`) values 
('LGEN','EN','ENGLISH','english',1,1,1,'2018-02-19 00:00:00',6,'2019-10-22 12:07:43'),
('LGID','ID','INDONESIA','indonesia',1,0,1,'2018-02-19 04:50:33',1,'2018-07-11 14:23:05');

/*Table structure for table `acs_login_attempts` */

DROP TABLE IF EXISTS `acs_login_attempts`;

CREATE TABLE `acs_login_attempts` (
  `id` int(11) unsigned NOT NULL AUTO_INCREMENT,
  `ip_address` varchar(45) NOT NULL,
  `login` varchar(100) NOT NULL,
  `time` int(11) unsigned DEFAULT NULL,
  PRIMARY KEY (`id`)
) ENGINE=InnoDB DEFAULT CHARSET=utf8;

/*Data for the table `acs_login_attempts` */

/*Table structure for table `acs_portal` */

DROP TABLE IF EXISTS `acs_portal`;

CREATE TABLE `acs_portal` (
  `id` varchar(25) NOT NULL,
  `title` varchar(50) NOT NULL,
  `description` text,
  `status` tinyint(1) NOT NULL DEFAULT '0',
  `ctb` int(11) NOT NULL,
  `ctd` datetime NOT NULL,
  `mdb` int(11) NOT NULL,
  `mdd` datetime NOT NULL,
  PRIMARY KEY (`id`)
) ENGINE=InnoDB DEFAULT CHARSET=latin1;

/*Data for the table `acs_portal` */

insert  into `acs_portal`(`id`,`title`,`description`,`status`,`ctb`,`ctd`,`mdb`,`mdd`) values 
('1910075D9AE8C77B958','admin','Admin',1,1,'2019-10-07 14:27:03',6,'2020-01-29 10:38:56');

/*Table structure for table `acs_portal_menu` */

DROP TABLE IF EXISTS `acs_portal_menu`;

CREATE TABLE `acs_portal_menu` (
  `id` varchar(25) NOT NULL,
  `portal_id` varchar(25) NOT NULL,
  `parent` varchar(25) NOT NULL DEFAULT '0',
  `link` text NOT NULL,
  `description` text,
  `ctb` int(11) NOT NULL,
  `ctd` datetime NOT NULL,
  `mdb` int(11) NOT NULL,
  `mdd` datetime NOT NULL,
  PRIMARY KEY (`id`)
) ENGINE=InnoDB DEFAULT CHARSET=latin1;

/*Data for the table `acs_portal_menu` */

/*Table structure for table `acs_portal_previleges` */

DROP TABLE IF EXISTS `acs_portal_previleges`;

CREATE TABLE `acs_portal_previleges` (
  `id` int(11) NOT NULL AUTO_INCREMENT,
  `group_id` int(11) NOT NULL,
  `menu_id` varchar(25) NOT NULL,
  `list` tinyint(1) NOT NULL DEFAULT '0',
  `add` tinyint(1) DEFAULT '0',
  `edit` tinyint(1) DEFAULT '0',
  `delete` tinyint(1) DEFAULT '0',
  PRIMARY KEY (`id`)
) ENGINE=InnoDB AUTO_INCREMENT=299 DEFAULT CHARSET=latin1;

/*Data for the table `acs_portal_previleges` */

insert  into `acs_portal_previleges`(`id`,`group_id`,`menu_id`,`list`,`add`,`edit`,`delete`) values 
(252,1,'1912185DF98252958B0',1,1,1,1),
(253,1,'1912185DF9832DD1E4F',1,1,1,1),
(254,1,'1912195DFAF689B8322',1,1,1,1),
(255,1,'1912185DF98256171B4',1,1,1,1),
(256,1,'1912185DF98347DBA6D',1,1,1,1),
(257,1,'1912185DF9835B603E4',1,1,1,1),
(258,1,'1912185DF98259D1A67',1,1,1,1),
(259,1,'1912185DF9838C62DC5',1,1,1,1),
(260,1,'1912185DF982D2ECBD6',1,1,1,1),
(261,1,'1912185DF9844950D3A',1,1,1,1),
(262,1,'2001205E24993BBD939',1,1,1,1),
(263,1,'2001225E27A75AECB24',1,1,1,1),
(264,1,'1912185DF982E6C0E2C',1,1,1,1),
(265,1,'1912185DF987141323F',1,1,1,1),
(266,1,'1912185DF987262FE31',1,1,1,1),
(267,1,'2001025E0D71F255709',1,1,1,1),
(268,1,'1912185DF982AF5AE59',1,1,1,1),
(269,1,'2001085E152FE2811FB',1,1,1,1),
(270,1,'2001085E15302B7D589',1,1,1,1),
(271,1,'2001085E15306149976',1,1,1,1),
(272,1,'2002055E3A753424D40',1,1,1,1),
(273,1,'2002055E3A77B090B5C',1,1,1,1),
(274,1,'2002055E3A78314CC64',1,1,1,1),
(275,1,'2002055E3A784C9C8FB',1,1,1,1),
(276,1,'2002055E3A7868AA62B',1,1,1,1),
(277,1,'2002055E3A789D4A458',1,1,1,1),
(278,1,'2002055E3A709CCB117',1,1,1,1),
(279,1,'1912185DF982DE2D5F3',1,1,1,1),
(280,1,'2001225E27FA3BD6214',1,1,1,1),
(281,1,'2002055E3A726DC02DC',1,1,1,1),
(282,1,'1912185DF982BF2E2B8',1,1,1,1),
(283,1,'1912185DF984FA7F533',1,1,1,1),
(284,1,'1912185DF98690C8FA5',1,1,1,1),
(285,1,'1912185DF986A6700B4',1,1,1,1),
(286,1,'1912185DF987023CC3A',1,1,1,1),
(287,1,'2002055E3A6A479F4EA',1,1,1,1),
(288,1,'1912185DF982C950CA0',1,1,1,1),
(289,1,'1912185DF983BDF2925',1,1,1,1),
(290,1,'1912185DF983D281175',1,1,1,1),
(291,1,'2002055E3A72932EA01',1,1,1,1),
(292,1,'2002055E3A72C02F41C',1,1,1,1),
(293,1,'2002055E3A73E42E463',1,1,1,1),
(294,1,'2002055E3A73F9F2E45',1,1,1,1),
(295,1,'2002055E3A740D61A4F',1,1,1,1),
(296,1,'2002055E3A7491496C8',1,1,1,1),
(297,1,'2002055E3A74AF67E22',1,1,1,1),
(298,1,'2002055E3A74C33A375',1,1,1,1);

/*Table structure for table `acs_users` */

DROP TABLE IF EXISTS `acs_users`;

CREATE TABLE `acs_users` (
  `id` int(11) unsigned NOT NULL AUTO_INCREMENT,
  `oauth_provider` enum('facebook','google','twitter','') NOT NULL,
  `oauth_uid` varchar(50) DEFAULT NULL,
  `ip_address` varchar(45) NOT NULL,
  `username` varchar(100) DEFAULT NULL,
  `password` varchar(255) NOT NULL,
  `salt` varchar(255) DEFAULT NULL,
  `email` varchar(254) NOT NULL,
  `activation_code` varchar(40) DEFAULT NULL,
  `forgotten_password_code` varchar(40) DEFAULT NULL,
  `forgotten_password_time` int(11) unsigned DEFAULT NULL,
  `remember_code` varchar(40) DEFAULT NULL,
  `created_on` int(11) unsigned NOT NULL,
  `last_login` int(11) unsigned DEFAULT NULL,
  `active` tinyint(1) unsigned DEFAULT '1',
  `first_name` varchar(50) DEFAULT NULL,
  `last_name` varchar(50) DEFAULT NULL,
  `company` varchar(100) DEFAULT NULL,
  `phone` varchar(20) DEFAULT NULL,
  `province` int(11) DEFAULT NULL,
  `city` int(11) DEFAULT NULL,
  `subdistrict` int(11) DEFAULT NULL,
  `dob` datetime DEFAULT NULL,
  `zip` varchar(20) DEFAULT NULL,
  `profile` text,
  `gender` varchar(100) DEFAULT NULL,
  `extra_payment` tinyint(1) DEFAULT NULL,
  `locale` varchar(10) DEFAULT NULL,
  `file_original` varchar(255) DEFAULT NULL,
  `file_thumb` varchar(255) DEFAULT NULL,
  `file_name` varchar(255) DEFAULT NULL,
  `picture` varchar(255) DEFAULT NULL,
  `link` varchar(255) DEFAULT NULL,
  `address` text,
  `bank_number` varchar(50) DEFAULT NULL,
  `bank_name` varchar(50) DEFAULT NULL,
  PRIMARY KEY (`id`)
) ENGINE=InnoDB AUTO_INCREMENT=7 DEFAULT CHARSET=utf8;

/*Data for the table `acs_users` */

insert  into `acs_users`(`id`,`oauth_provider`,`oauth_uid`,`ip_address`,`username`,`password`,`salt`,`email`,`activation_code`,`forgotten_password_code`,`forgotten_password_time`,`remember_code`,`created_on`,`last_login`,`active`,`first_name`,`last_name`,`company`,`phone`,`province`,`city`,`subdistrict`,`dob`,`zip`,`profile`,`gender`,`extra_payment`,`locale`,`file_original`,`file_thumb`,`file_name`,`picture`,`link`,`address`,`bank_number`,`bank_name`) values 
(6,'facebook',NULL,'182.1.79.6','user_5da904f1b954c','$2y$08$XIP.2oESbcSXYaV7TickXeVnTmWYMwStRa6oGm0Nw1x5nCjppyqsi',NULL,'admin@admin.com',NULL,NULL,NULL,NULL,1571357937,1581303026,1,'admin','admin',NULL,'0897379434',NULL,NULL,NULL,NULL,NULL,NULL,NULL,NULL,NULL,NULL,NULL,NULL,NULL,NULL,NULL,NULL,NULL);

/*Table structure for table `acs_users_groups` */

DROP TABLE IF EXISTS `acs_users_groups`;

CREATE TABLE `acs_users_groups` (
  `id` int(11) unsigned NOT NULL AUTO_INCREMENT,
  `user_id` int(11) unsigned NOT NULL,
  `group_id` mediumint(8) unsigned NOT NULL,
  PRIMARY KEY (`id`),
  KEY `group_id` (`group_id`),
  KEY `user_id` (`user_id`),
  CONSTRAINT `acs_users_groups_ibfk_1` FOREIGN KEY (`group_id`) REFERENCES `acs_groups` (`id`) ON DELETE CASCADE ON UPDATE CASCADE,
  CONSTRAINT `acs_users_groups_ibfk_2` FOREIGN KEY (`user_id`) REFERENCES `acs_users` (`id`) ON DELETE CASCADE ON UPDATE CASCADE
) ENGINE=InnoDB AUTO_INCREMENT=6 DEFAULT CHARSET=utf8;

/*Data for the table `acs_users_groups` */

insert  into `acs_users_groups`(`id`,`user_id`,`group_id`) values 
(5,6,1);

/*Table structure for table `book_newsletter` */

DROP TABLE IF EXISTS `book_newsletter`;

CREATE TABLE `book_newsletter` (
  `id` varchar(25) NOT NULL,
  `email` varchar(255) NOT NULL,
  `ip_address` varchar(30) DEFAULT NULL,
  `client_browser` varchar(100) DEFAULT NULL,
  `status` tinyint(1) NOT NULL DEFAULT '0',
  `ctd` datetime NOT NULL,
  `mdd` datetime NOT NULL
) ENGINE=InnoDB DEFAULT CHARSET=latin1;

/*Data for the table `book_newsletter` */

/*Table structure for table `career_applicants` */

DROP TABLE IF EXISTS `career_applicants`;

CREATE TABLE `career_applicants` (
  `id` varchar(25) NOT NULL,
  `post_id` varchar(25) NOT NULL,
  `name` varchar(50) NOT NULL,
  `email` varchar(100) NOT NULL,
  `city` varchar(50) NOT NULL,
  `phone` varchar(25) NOT NULL,
  `address` text NOT NULL,
  `curriculum_vitae` varchar(100) NOT NULL,
  `cv_link` varchar(100) DEFAULT NULL,
  `ip_address` varchar(30) NOT NULL,
  `client_browser` varchar(100) NOT NULL,
  `ctb` varchar(25) NOT NULL,
  `ctd` datetime NOT NULL,
  `mdb` varchar(25) NOT NULL,
  `mdd` datetime NOT NULL,
  PRIMARY KEY (`id`),
  KEY `fk_career` (`post_id`)
) ENGINE=MyISAM DEFAULT CHARSET=latin1;

/*Data for the table `career_applicants` */

/*Table structure for table `contact` */

DROP TABLE IF EXISTS `contact`;

CREATE TABLE `contact` (
  `id` varchar(25) NOT NULL,
  `subject_id` varchar(25) DEFAULT NULL,
  `name` varchar(100) NOT NULL,
  `email` varchar(150) NOT NULL,
  `phone` varchar(50) DEFAULT NULL,
  `region` varchar(25) DEFAULT NULL,
  `message` text,
  `ip_address` varchar(30) NOT NULL,
  `client_browser` varchar(100) NOT NULL,
  `status` tinyint(1) NOT NULL DEFAULT '0',
  `ctb` varchar(25) NOT NULL,
  `ctd` datetime NOT NULL,
  `mdb` varchar(25) NOT NULL,
  `mdd` datetime NOT NULL,
  PRIMARY KEY (`id`)
) ENGINE=InnoDB DEFAULT CHARSET=latin1;

/*Data for the table `contact` */

/*Table structure for table `contact_newsletter` */

DROP TABLE IF EXISTS `contact_newsletter`;

CREATE TABLE `contact_newsletter` (
  `id` varchar(25) NOT NULL,
  `email` varchar(150) NOT NULL,
  `ip_address` varchar(30) NOT NULL,
  `client_browser` varchar(100) NOT NULL,
  `status` tinyint(1) NOT NULL DEFAULT '0',
  `ctb` varchar(25) NOT NULL,
  `ctd` datetime NOT NULL,
  `mdb` varchar(25) NOT NULL,
  `mdd` datetime NOT NULL,
  PRIMARY KEY (`id`)
) ENGINE=InnoDB DEFAULT CHARSET=utf8;

/*Data for the table `contact_newsletter` */

/*Table structure for table `contact_subject` */

DROP TABLE IF EXISTS `contact_subject`;

CREATE TABLE `contact_subject` (
  `id` varchar(25) NOT NULL,
  `title` varchar(255) NOT NULL,
  `slug` varchar(255) NOT NULL,
  `email` varchar(50) NOT NULL,
  `status` tinyint(1) NOT NULL DEFAULT '0',
  `ctb` varchar(25) NOT NULL,
  `ctd` datetime NOT NULL,
  `mdb` varchar(25) NOT NULL,
  `mdd` datetime NOT NULL,
  PRIMARY KEY (`id`)
) ENGINE=InnoDB DEFAULT CHARSET=latin1;

/*Data for the table `contact_subject` */

insert  into `contact_subject`(`id`,`title`,`slug`,`email`,`status`,`ctb`,`ctd`,`mdb`,`mdd`) values 
('1912195DFAF85EE9147','24 Hours Services','24-hours-services','adherifai6@gmail.com',1,'6','2019-12-19 11:11:10','6','2020-02-10 10:13:36');

/*Table structure for table `content_kt` */

DROP TABLE IF EXISTS `content_kt`;

CREATE TABLE `content_kt` (
  `id` varchar(25) NOT NULL,
  `parent` varchar(25) DEFAULT '0',
  `ordering` int(11) NOT NULL DEFAULT '0',
  `content_name` varchar(255) NOT NULL,
  `content_type` enum('input','textarea','editor','tagging') NOT NULL,
  `content_format` text,
  `published` datetime DEFAULT NULL,
  `status` tinyint(1) NOT NULL DEFAULT '0',
  `ctb` int(11) NOT NULL,
  `ctd` datetime NOT NULL,
  `mdb` int(11) NOT NULL,
  `mdd` datetime NOT NULL,
  PRIMARY KEY (`id`)
) ENGINE=InnoDB DEFAULT CHARSET=utf8;

/*Data for the table `content_kt` */

/*Table structure for table `content_kt_image` */

DROP TABLE IF EXISTS `content_kt_image`;

CREATE TABLE `content_kt_image` (
  `id` varchar(25) NOT NULL,
  `content_kt_id` varchar(25) NOT NULL,
  `file_name` mediumtext,
  `file_location` mediumtext,
  `file_thumb` mediumtext,
  `file_original` mediumtext,
  `ctb` int(11) NOT NULL,
  `ctd` datetime NOT NULL,
  `mdb` int(11) NOT NULL,
  `mdd` datetime NOT NULL,
  PRIMARY KEY (`id`),
  KEY `fk_tags_kt_id` (`content_kt_id`) USING BTREE,
  CONSTRAINT `content_kt_image_ibfk_1` FOREIGN KEY (`content_kt_id`) REFERENCES `content_kt` (`id`) ON DELETE CASCADE ON UPDATE CASCADE
) ENGINE=InnoDB DEFAULT CHARSET=utf8;

/*Data for the table `content_kt_image` */

/*Table structure for table `content_kt_lang` */

DROP TABLE IF EXISTS `content_kt_lang`;

CREATE TABLE `content_kt_lang` (
  `id` varchar(25) NOT NULL,
  `content_kt_id` varchar(25) NOT NULL,
  `acs_lang_id` varchar(25) NOT NULL,
  `title` varchar(255) NOT NULL,
  `slug` varchar(255) NOT NULL,
  `description` mediumtext NOT NULL,
  `ctb` int(11) NOT NULL,
  `ctd` datetime NOT NULL,
  `mdb` int(11) NOT NULL,
  `mdd` datetime NOT NULL,
  PRIMARY KEY (`id`),
  KEY `fk_acs_lang_id` (`acs_lang_id`) USING BTREE,
  KEY `fk_tags_kt_id` (`content_kt_id`) USING BTREE
) ENGINE=InnoDB DEFAULT CHARSET=utf8;

/*Data for the table `content_kt_lang` */

/*Table structure for table `content_kt_menu` */

DROP TABLE IF EXISTS `content_kt_menu`;

CREATE TABLE `content_kt_menu` (
  `id` varchar(25) NOT NULL,
  `menu_id` varchar(25) NOT NULL,
  `content_kt_id` varchar(25) NOT NULL,
  `ordering` int(11) NOT NULL DEFAULT '0',
  `ctb` int(11) NOT NULL,
  `ctd` datetime NOT NULL,
  `mdb` int(11) NOT NULL,
  `mdd` datetime NOT NULL,
  PRIMARY KEY (`id`),
  KEY `content_kt_Id` (`content_kt_id`),
  KEY `menu_id` (`menu_id`)
) ENGINE=InnoDB DEFAULT CHARSET=utf8 COMMENT='Tabel ini digunakan untuk setting konten berdasarkan menu';

/*Data for the table `content_kt_menu` */

/*Table structure for table `coupon_category` */

DROP TABLE IF EXISTS `coupon_category`;

CREATE TABLE `coupon_category` (
  `id` varchar(25) NOT NULL,
  `coupon_name` tinytext,
  `coupon_postal_free` tinyint(1) DEFAULT '0',
  `coupon_unit` enum('percentage','nominal') DEFAULT NULL,
  `coupon_nominal` bigint(50) DEFAULT '0',
  `coupon_minimum_buy` bigint(50) DEFAULT '0',
  `coupon_maximum_nominal` bigint(50) DEFAULT '0',
  `status` tinyint(1) DEFAULT NULL,
  `ctd` date DEFAULT NULL,
  `ctb` varchar(25) DEFAULT NULL,
  `mdd` date DEFAULT NULL,
  `mdb` varchar(25) DEFAULT NULL,
  PRIMARY KEY (`id`)
) ENGINE=InnoDB DEFAULT CHARSET=latin1;

/*Data for the table `coupon_category` */

/*Table structure for table `coupon_code` */

DROP TABLE IF EXISTS `coupon_code`;

CREATE TABLE `coupon_code` (
  `id` varchar(25) NOT NULL,
  `user_id` int(11) DEFAULT NULL,
  `coupon_category_id` varchar(25) NOT NULL,
  `coupon_code` varchar(25) NOT NULL,
  `start_date` date DEFAULT NULL,
  `end_date` date DEFAULT NULL,
  `status` tinyint(1) DEFAULT NULL,
  `ctd` date DEFAULT NULL,
  `ctb` varchar(25) DEFAULT NULL,
  `mdd` date DEFAULT NULL,
  `mdb` varchar(25) DEFAULT NULL,
  PRIMARY KEY (`id`)
) ENGINE=InnoDB DEFAULT CHARSET=latin1;

/*Data for the table `coupon_code` */

/*Table structure for table `courier` */

DROP TABLE IF EXISTS `courier`;

CREATE TABLE `courier` (
  `id` int(11) NOT NULL AUTO_INCREMENT,
  `code` varchar(10) DEFAULT NULL,
  `name` varchar(50) DEFAULT NULL,
  `status` tinyint(1) DEFAULT '1',
  `ctb` tinyint(1) DEFAULT '1',
  `ctd` datetime NOT NULL,
  `mdb` tinyint(1) DEFAULT '1',
  `mdd` datetime NOT NULL,
  PRIMARY KEY (`id`)
) ENGINE=InnoDB AUTO_INCREMENT=25 DEFAULT CHARSET=latin1;

/*Data for the table `courier` */

insert  into `courier`(`id`,`code`,`name`,`status`,`ctb`,`ctd`,`mdb`,`mdd`) values 
(1,'jne','Jalur Nugraha Ekakurir (JNE)',1,1,'0000-00-00 00:00:00',1,'0000-00-00 00:00:00'),
(2,'pos','POS Indonesia (POS)',1,1,'0000-00-00 00:00:00',1,'0000-00-00 00:00:00'),
(3,'tiki','Citra Van Titipan Kilat (TIKI)',1,1,'0000-00-00 00:00:00',1,'0000-00-00 00:00:00'),
(4,'rpx','RPX Holding (RPX)',0,1,'0000-00-00 00:00:00',1,'0000-00-00 00:00:00'),
(5,'esl','Eka Sari Lorena (ESL)',0,1,'0000-00-00 00:00:00',1,'0000-00-00 00:00:00'),
(6,'pcp','Priority Cargo and Package (PCP)',0,1,'0000-00-00 00:00:00',1,'0000-00-00 00:00:00'),
(7,'pandu','Pandu Express',0,1,'0000-00-00 00:00:00',1,'0000-00-00 00:00:00'),
(8,'wahana','Wahana Prestasi Logistik',1,1,'0000-00-00 00:00:00',1,'0000-00-00 00:00:00'),
(9,'sicepat','SiCepat Express',1,1,'0000-00-00 00:00:00',1,'0000-00-00 00:00:00'),
(11,'pahala','Pahala Kencana Express',0,1,'0000-00-00 00:00:00',1,'0000-00-00 00:00:00'),
(12,'cahaya','Cahaya Ekspress Logistik',0,1,'0000-00-00 00:00:00',1,'0000-00-00 00:00:00'),
(13,'sap','SAP Express Courier',0,1,'0000-00-00 00:00:00',1,'0000-00-00 00:00:00'),
(14,'jet','JET Express',1,1,'0000-00-00 00:00:00',1,'0000-00-00 00:00:00'),
(15,'indah','Indah Logistic',0,1,'0000-00-00 00:00:00',1,'0000-00-00 00:00:00'),
(16,'dse','21 Express',0,1,'0000-00-00 00:00:00',1,'0000-00-00 00:00:00'),
(17,'slis','Synergy First Logistics',0,1,'0000-00-00 00:00:00',1,'0000-00-00 00:00:00'),
(18,'ncs','Nusantara Card Semesta',0,1,'0000-00-00 00:00:00',1,'0000-00-00 00:00:00'),
(19,'star','Star Cargo',0,1,'0000-00-00 00:00:00',1,'0000-00-00 00:00:00'),
(20,'ninja','Ninja Xpress',1,1,'0000-00-00 00:00:00',1,'0000-00-00 00:00:00'),
(21,'lion','Lion Parcel',0,1,'0000-00-00 00:00:00',1,'0000-00-00 00:00:00'),
(22,'idl','Indotama Domestik Lestari',0,1,'0000-00-00 00:00:00',1,'0000-00-00 00:00:00'),
(23,'rex','Royal Express Indonesia',0,1,'0000-00-00 00:00:00',1,'0000-00-00 00:00:00'),
(24,'jnt','J&T Express',1,1,'0000-00-00 00:00:00',1,'0000-00-00 00:00:00');

/*Table structure for table `inquiry_form` */

DROP TABLE IF EXISTS `inquiry_form`;

CREATE TABLE `inquiry_form` (
  `id` varchar(25) NOT NULL,
  `post_id` varchar(25) NOT NULL,
  `name` varchar(100) NOT NULL,
  `email` varchar(150) NOT NULL,
  `phone` varchar(50) DEFAULT NULL,
  `subject` varchar(255) DEFAULT NULL,
  `message` text,
  `ip_address` varchar(30) NOT NULL,
  `client_browser` varchar(100) NOT NULL,
  `status` tinyint(1) NOT NULL DEFAULT '0',
  `ctb` varchar(25) NOT NULL,
  `ctd` datetime NOT NULL,
  `mdb` varchar(25) NOT NULL,
  `mdd` datetime NOT NULL,
  `city` varchar(250) DEFAULT NULL,
  `address` text NOT NULL,
  `company` varchar(50) DEFAULT NULL,
  PRIMARY KEY (`id`)
) ENGINE=InnoDB DEFAULT CHARSET=latin1;

/*Data for the table `inquiry_form` */

/*Table structure for table `location_city` */

DROP TABLE IF EXISTS `location_city`;

CREATE TABLE `location_city` (
  `id` int(11) NOT NULL,
  `province_id` int(11) DEFAULT NULL,
  `province` varchar(50) DEFAULT NULL,
  `type` varchar(50) DEFAULT NULL,
  `city_name` varchar(50) DEFAULT NULL,
  `postal_code` varchar(50) DEFAULT NULL,
  PRIMARY KEY (`id`)
) ENGINE=InnoDB DEFAULT CHARSET=latin1;

/*Data for the table `location_city` */

insert  into `location_city`(`id`,`province_id`,`province`,`type`,`city_name`,`postal_code`) values 
(1,21,'Nanggroe Aceh Darussalam (NAD)','Kabupaten','Aceh Barat','23681'),
(2,21,'Nanggroe Aceh Darussalam (NAD)','Kabupaten','Aceh Barat Daya','23764'),
(3,21,'Nanggroe Aceh Darussalam (NAD)','Kabupaten','Aceh Besar','23951'),
(4,21,'Nanggroe Aceh Darussalam (NAD)','Kabupaten','Aceh Jaya','23654'),
(5,21,'Nanggroe Aceh Darussalam (NAD)','Kabupaten','Aceh Selatan','23719'),
(6,21,'Nanggroe Aceh Darussalam (NAD)','Kabupaten','Aceh Singkil','24785'),
(7,21,'Nanggroe Aceh Darussalam (NAD)','Kabupaten','Aceh Tamiang','24476'),
(8,21,'Nanggroe Aceh Darussalam (NAD)','Kabupaten','Aceh Tengah','24511'),
(9,21,'Nanggroe Aceh Darussalam (NAD)','Kabupaten','Aceh Tenggara','24611'),
(10,21,'Nanggroe Aceh Darussalam (NAD)','Kabupaten','Aceh Timur','24454'),
(11,21,'Nanggroe Aceh Darussalam (NAD)','Kabupaten','Aceh Utara','24382'),
(12,32,'Sumatera Barat','Kabupaten','Agam','26411'),
(13,23,'Nusa Tenggara Timur (NTT)','Kabupaten','Alor','85811'),
(14,19,'Maluku','Kota','Ambon','97222'),
(15,34,'Sumatera Utara','Kabupaten','Asahan','21214'),
(16,24,'Papua','Kabupaten','Asmat','99777'),
(17,1,'Bali','Kabupaten','Badung','80351'),
(18,13,'Kalimantan Selatan','Kabupaten','Balangan','71611'),
(19,15,'Kalimantan Timur','Kota','Balikpapan','76111'),
(20,21,'Nanggroe Aceh Darussalam (NAD)','Kota','Banda Aceh','23238'),
(21,18,'Lampung','Kota','Bandar Lampung','35139'),
(22,9,'Jawa Barat','Kabupaten','Bandung','40311'),
(23,9,'Jawa Barat','Kota','Bandung','40111'),
(24,9,'Jawa Barat','Kabupaten','Bandung Barat','40721'),
(25,29,'Sulawesi Tengah','Kabupaten','Banggai','94711'),
(26,29,'Sulawesi Tengah','Kabupaten','Banggai Kepulauan','94881'),
(27,2,'Bangka Belitung','Kabupaten','Bangka','33212'),
(28,2,'Bangka Belitung','Kabupaten','Bangka Barat','33315'),
(29,2,'Bangka Belitung','Kabupaten','Bangka Selatan','33719'),
(30,2,'Bangka Belitung','Kabupaten','Bangka Tengah','33613'),
(31,11,'Jawa Timur','Kabupaten','Bangkalan','69118'),
(32,1,'Bali','Kabupaten','Bangli','80619'),
(33,13,'Kalimantan Selatan','Kabupaten','Banjar','70619'),
(34,9,'Jawa Barat','Kota','Banjar','46311'),
(35,13,'Kalimantan Selatan','Kota','Banjarbaru','70712'),
(36,13,'Kalimantan Selatan','Kota','Banjarmasin','70117'),
(37,10,'Jawa Tengah','Kabupaten','Banjarnegara','53419'),
(38,28,'Sulawesi Selatan','Kabupaten','Bantaeng','92411'),
(39,5,'DI Yogyakarta','Kabupaten','Bantul','55715'),
(40,33,'Sumatera Selatan','Kabupaten','Banyuasin','30911'),
(41,10,'Jawa Tengah','Kabupaten','Banyumas','53114'),
(42,11,'Jawa Timur','Kabupaten','Banyuwangi','68416'),
(43,13,'Kalimantan Selatan','Kabupaten','Barito Kuala','70511'),
(44,14,'Kalimantan Tengah','Kabupaten','Barito Selatan','73711'),
(45,14,'Kalimantan Tengah','Kabupaten','Barito Timur','73671'),
(46,14,'Kalimantan Tengah','Kabupaten','Barito Utara','73881'),
(47,28,'Sulawesi Selatan','Kabupaten','Barru','90719'),
(48,17,'Kepulauan Riau','Kota','Batam','29413'),
(49,10,'Jawa Tengah','Kabupaten','Batang','51211'),
(50,8,'Jambi','Kabupaten','Batang Hari','36613'),
(51,11,'Jawa Timur','Kota','Batu','65311'),
(52,34,'Sumatera Utara','Kabupaten','Batu Bara','21655'),
(53,30,'Sulawesi Tenggara','Kota','Bau-Bau','93719'),
(54,9,'Jawa Barat','Kabupaten','Bekasi','17837'),
(55,9,'Jawa Barat','Kota','Bekasi','17121'),
(56,2,'Bangka Belitung','Kabupaten','Belitung','33419'),
(57,2,'Bangka Belitung','Kabupaten','Belitung Timur','33519'),
(58,23,'Nusa Tenggara Timur (NTT)','Kabupaten','Belu','85711'),
(59,21,'Nanggroe Aceh Darussalam (NAD)','Kabupaten','Bener Meriah','24581'),
(60,26,'Riau','Kabupaten','Bengkalis','28719'),
(61,12,'Kalimantan Barat','Kabupaten','Bengkayang','79213'),
(62,4,'Bengkulu','Kota','Bengkulu','38229'),
(63,4,'Bengkulu','Kabupaten','Bengkulu Selatan','38519'),
(64,4,'Bengkulu','Kabupaten','Bengkulu Tengah','38319'),
(65,4,'Bengkulu','Kabupaten','Bengkulu Utara','38619'),
(66,15,'Kalimantan Timur','Kabupaten','Berau','77311'),
(67,24,'Papua','Kabupaten','Biak Numfor','98119'),
(68,22,'Nusa Tenggara Barat (NTB)','Kabupaten','Bima','84171'),
(69,22,'Nusa Tenggara Barat (NTB)','Kota','Bima','84139'),
(70,34,'Sumatera Utara','Kota','Binjai','20712'),
(71,17,'Kepulauan Riau','Kabupaten','Bintan','29135'),
(72,21,'Nanggroe Aceh Darussalam (NAD)','Kabupaten','Bireuen','24219'),
(73,31,'Sulawesi Utara','Kota','Bitung','95512'),
(74,11,'Jawa Timur','Kabupaten','Blitar','66171'),
(75,11,'Jawa Timur','Kota','Blitar','66124'),
(76,10,'Jawa Tengah','Kabupaten','Blora','58219'),
(77,7,'Gorontalo','Kabupaten','Boalemo','96319'),
(78,9,'Jawa Barat','Kabupaten','Bogor','16911'),
(79,9,'Jawa Barat','Kota','Bogor','16119'),
(80,11,'Jawa Timur','Kabupaten','Bojonegoro','62119'),
(81,31,'Sulawesi Utara','Kabupaten','Bolaang Mongondow (Bolmong)','95755'),
(82,31,'Sulawesi Utara','Kabupaten','Bolaang Mongondow Selatan','95774'),
(83,31,'Sulawesi Utara','Kabupaten','Bolaang Mongondow Timur','95783'),
(84,31,'Sulawesi Utara','Kabupaten','Bolaang Mongondow Utara','95765'),
(85,30,'Sulawesi Tenggara','Kabupaten','Bombana','93771'),
(86,11,'Jawa Timur','Kabupaten','Bondowoso','68219'),
(87,28,'Sulawesi Selatan','Kabupaten','Bone','92713'),
(88,7,'Gorontalo','Kabupaten','Bone Bolango','96511'),
(89,15,'Kalimantan Timur','Kota','Bontang','75313'),
(90,24,'Papua','Kabupaten','Boven Digoel','99662'),
(91,10,'Jawa Tengah','Kabupaten','Boyolali','57312'),
(92,10,'Jawa Tengah','Kabupaten','Brebes','52212'),
(93,32,'Sumatera Barat','Kota','Bukittinggi','26115'),
(94,1,'Bali','Kabupaten','Buleleng','81111'),
(95,28,'Sulawesi Selatan','Kabupaten','Bulukumba','92511'),
(96,16,'Kalimantan Utara','Kabupaten','Bulungan (Bulongan)','77211'),
(97,8,'Jambi','Kabupaten','Bungo','37216'),
(98,29,'Sulawesi Tengah','Kabupaten','Buol','94564'),
(99,19,'Maluku','Kabupaten','Buru','97371'),
(100,19,'Maluku','Kabupaten','Buru Selatan','97351'),
(101,30,'Sulawesi Tenggara','Kabupaten','Buton','93754'),
(102,30,'Sulawesi Tenggara','Kabupaten','Buton Utara','93745'),
(103,9,'Jawa Barat','Kabupaten','Ciamis','46211'),
(104,9,'Jawa Barat','Kabupaten','Cianjur','43217'),
(105,10,'Jawa Tengah','Kabupaten','Cilacap','53211'),
(106,3,'Banten','Kota','Cilegon','42417'),
(107,9,'Jawa Barat','Kota','Cimahi','40512'),
(108,9,'Jawa Barat','Kabupaten','Cirebon','45611'),
(109,9,'Jawa Barat','Kota','Cirebon','45116'),
(110,34,'Sumatera Utara','Kabupaten','Dairi','22211'),
(111,24,'Papua','Kabupaten','Deiyai (Deliyai)','98784'),
(112,34,'Sumatera Utara','Kabupaten','Deli Serdang','20511'),
(113,10,'Jawa Tengah','Kabupaten','Demak','59519'),
(114,1,'Bali','Kota','Denpasar','80227'),
(115,9,'Jawa Barat','Kota','Depok','16416'),
(116,32,'Sumatera Barat','Kabupaten','Dharmasraya','27612'),
(117,24,'Papua','Kabupaten','Dogiyai','98866'),
(118,22,'Nusa Tenggara Barat (NTB)','Kabupaten','Dompu','84217'),
(119,29,'Sulawesi Tengah','Kabupaten','Donggala','94341'),
(120,26,'Riau','Kota','Dumai','28811'),
(121,33,'Sumatera Selatan','Kabupaten','Empat Lawang','31811'),
(122,23,'Nusa Tenggara Timur (NTT)','Kabupaten','Ende','86351'),
(123,28,'Sulawesi Selatan','Kabupaten','Enrekang','91719'),
(124,25,'Papua Barat','Kabupaten','Fakfak','98651'),
(125,23,'Nusa Tenggara Timur (NTT)','Kabupaten','Flores Timur','86213'),
(126,9,'Jawa Barat','Kabupaten','Garut','44126'),
(127,21,'Nanggroe Aceh Darussalam (NAD)','Kabupaten','Gayo Lues','24653'),
(128,1,'Bali','Kabupaten','Gianyar','80519'),
(129,7,'Gorontalo','Kabupaten','Gorontalo','96218'),
(130,7,'Gorontalo','Kota','Gorontalo','96115'),
(131,7,'Gorontalo','Kabupaten','Gorontalo Utara','96611'),
(132,28,'Sulawesi Selatan','Kabupaten','Gowa','92111'),
(133,11,'Jawa Timur','Kabupaten','Gresik','61115'),
(134,10,'Jawa Tengah','Kabupaten','Grobogan','58111'),
(135,5,'DI Yogyakarta','Kabupaten','Gunung Kidul','55812'),
(136,14,'Kalimantan Tengah','Kabupaten','Gunung Mas','74511'),
(137,34,'Sumatera Utara','Kota','Gunungsitoli','22813'),
(138,20,'Maluku Utara','Kabupaten','Halmahera Barat','97757'),
(139,20,'Maluku Utara','Kabupaten','Halmahera Selatan','97911'),
(140,20,'Maluku Utara','Kabupaten','Halmahera Tengah','97853'),
(141,20,'Maluku Utara','Kabupaten','Halmahera Timur','97862'),
(142,20,'Maluku Utara','Kabupaten','Halmahera Utara','97762'),
(143,13,'Kalimantan Selatan','Kabupaten','Hulu Sungai Selatan','71212'),
(144,13,'Kalimantan Selatan','Kabupaten','Hulu Sungai Tengah','71313'),
(145,13,'Kalimantan Selatan','Kabupaten','Hulu Sungai Utara','71419'),
(146,34,'Sumatera Utara','Kabupaten','Humbang Hasundutan','22457'),
(147,26,'Riau','Kabupaten','Indragiri Hilir','29212'),
(148,26,'Riau','Kabupaten','Indragiri Hulu','29319'),
(149,9,'Jawa Barat','Kabupaten','Indramayu','45214'),
(150,24,'Papua','Kabupaten','Intan Jaya','98771'),
(151,6,'DKI Jakarta','Kota','Jakarta Barat','11220'),
(152,6,'DKI Jakarta','Kota','Jakarta Pusat','10540'),
(153,6,'DKI Jakarta','Kota','Jakarta Selatan','12230'),
(154,6,'DKI Jakarta','Kota','Jakarta Timur','13330'),
(155,6,'DKI Jakarta','Kota','Jakarta Utara','14140'),
(156,8,'Jambi','Kota','Jambi','36111'),
(157,24,'Papua','Kabupaten','Jayapura','99352'),
(158,24,'Papua','Kota','Jayapura','99114'),
(159,24,'Papua','Kabupaten','Jayawijaya','99511'),
(160,11,'Jawa Timur','Kabupaten','Jember','68113'),
(161,1,'Bali','Kabupaten','Jembrana','82251'),
(162,28,'Sulawesi Selatan','Kabupaten','Jeneponto','92319'),
(163,10,'Jawa Tengah','Kabupaten','Jepara','59419'),
(164,11,'Jawa Timur','Kabupaten','Jombang','61415'),
(165,25,'Papua Barat','Kabupaten','Kaimana','98671'),
(166,26,'Riau','Kabupaten','Kampar','28411'),
(167,14,'Kalimantan Tengah','Kabupaten','Kapuas','73583'),
(168,12,'Kalimantan Barat','Kabupaten','Kapuas Hulu','78719'),
(169,10,'Jawa Tengah','Kabupaten','Karanganyar','57718'),
(170,1,'Bali','Kabupaten','Karangasem','80819'),
(171,9,'Jawa Barat','Kabupaten','Karawang','41311'),
(172,17,'Kepulauan Riau','Kabupaten','Karimun','29611'),
(173,34,'Sumatera Utara','Kabupaten','Karo','22119'),
(174,14,'Kalimantan Tengah','Kabupaten','Katingan','74411'),
(175,4,'Bengkulu','Kabupaten','Kaur','38911'),
(176,12,'Kalimantan Barat','Kabupaten','Kayong Utara','78852'),
(177,10,'Jawa Tengah','Kabupaten','Kebumen','54319'),
(178,11,'Jawa Timur','Kabupaten','Kediri','64184'),
(179,11,'Jawa Timur','Kota','Kediri','64125'),
(180,24,'Papua','Kabupaten','Keerom','99461'),
(181,10,'Jawa Tengah','Kabupaten','Kendal','51314'),
(182,30,'Sulawesi Tenggara','Kota','Kendari','93126'),
(183,4,'Bengkulu','Kabupaten','Kepahiang','39319'),
(184,17,'Kepulauan Riau','Kabupaten','Kepulauan Anambas','29991'),
(185,19,'Maluku','Kabupaten','Kepulauan Aru','97681'),
(186,32,'Sumatera Barat','Kabupaten','Kepulauan Mentawai','25771'),
(187,26,'Riau','Kabupaten','Kepulauan Meranti','28791'),
(188,31,'Sulawesi Utara','Kabupaten','Kepulauan Sangihe','95819'),
(189,6,'DKI Jakarta','Kabupaten','Kepulauan Seribu','14550'),
(190,31,'Sulawesi Utara','Kabupaten','Kepulauan Siau Tagulandang Biaro (Sitaro)','95862'),
(191,20,'Maluku Utara','Kabupaten','Kepulauan Sula','97995'),
(192,31,'Sulawesi Utara','Kabupaten','Kepulauan Talaud','95885'),
(193,24,'Papua','Kabupaten','Kepulauan Yapen (Yapen Waropen)','98211'),
(194,8,'Jambi','Kabupaten','Kerinci','37167'),
(195,12,'Kalimantan Barat','Kabupaten','Ketapang','78874'),
(196,10,'Jawa Tengah','Kabupaten','Klaten','57411'),
(197,1,'Bali','Kabupaten','Klungkung','80719'),
(198,30,'Sulawesi Tenggara','Kabupaten','Kolaka','93511'),
(199,30,'Sulawesi Tenggara','Kabupaten','Kolaka Utara','93911'),
(200,30,'Sulawesi Tenggara','Kabupaten','Konawe','93411'),
(201,30,'Sulawesi Tenggara','Kabupaten','Konawe Selatan','93811'),
(202,30,'Sulawesi Tenggara','Kabupaten','Konawe Utara','93311'),
(203,13,'Kalimantan Selatan','Kabupaten','Kotabaru','72119'),
(204,31,'Sulawesi Utara','Kota','Kotamobagu','95711'),
(205,14,'Kalimantan Tengah','Kabupaten','Kotawaringin Barat','74119'),
(206,14,'Kalimantan Tengah','Kabupaten','Kotawaringin Timur','74364'),
(207,26,'Riau','Kabupaten','Kuantan Singingi','29519'),
(208,12,'Kalimantan Barat','Kabupaten','Kubu Raya','78311'),
(209,10,'Jawa Tengah','Kabupaten','Kudus','59311'),
(210,5,'DI Yogyakarta','Kabupaten','Kulon Progo','55611'),
(211,9,'Jawa Barat','Kabupaten','Kuningan','45511'),
(212,23,'Nusa Tenggara Timur (NTT)','Kabupaten','Kupang','85362'),
(213,23,'Nusa Tenggara Timur (NTT)','Kota','Kupang','85119'),
(214,15,'Kalimantan Timur','Kabupaten','Kutai Barat','75711'),
(215,15,'Kalimantan Timur','Kabupaten','Kutai Kartanegara','75511'),
(216,15,'Kalimantan Timur','Kabupaten','Kutai Timur','75611'),
(217,34,'Sumatera Utara','Kabupaten','Labuhan Batu','21412'),
(218,34,'Sumatera Utara','Kabupaten','Labuhan Batu Selatan','21511'),
(219,34,'Sumatera Utara','Kabupaten','Labuhan Batu Utara','21711'),
(220,33,'Sumatera Selatan','Kabupaten','Lahat','31419'),
(221,14,'Kalimantan Tengah','Kabupaten','Lamandau','74611'),
(222,11,'Jawa Timur','Kabupaten','Lamongan','64125'),
(223,18,'Lampung','Kabupaten','Lampung Barat','34814'),
(224,18,'Lampung','Kabupaten','Lampung Selatan','35511'),
(225,18,'Lampung','Kabupaten','Lampung Tengah','34212'),
(226,18,'Lampung','Kabupaten','Lampung Timur','34319'),
(227,18,'Lampung','Kabupaten','Lampung Utara','34516'),
(228,12,'Kalimantan Barat','Kabupaten','Landak','78319'),
(229,34,'Sumatera Utara','Kabupaten','Langkat','20811'),
(230,21,'Nanggroe Aceh Darussalam (NAD)','Kota','Langsa','24412'),
(231,24,'Papua','Kabupaten','Lanny Jaya','99531'),
(232,3,'Banten','Kabupaten','Lebak','42319'),
(233,4,'Bengkulu','Kabupaten','Lebong','39264'),
(234,23,'Nusa Tenggara Timur (NTT)','Kabupaten','Lembata','86611'),
(235,21,'Nanggroe Aceh Darussalam (NAD)','Kota','Lhokseumawe','24352'),
(236,32,'Sumatera Barat','Kabupaten','Lima Puluh Koto/Kota','26671'),
(237,17,'Kepulauan Riau','Kabupaten','Lingga','29811'),
(238,22,'Nusa Tenggara Barat (NTB)','Kabupaten','Lombok Barat','83311'),
(239,22,'Nusa Tenggara Barat (NTB)','Kabupaten','Lombok Tengah','83511'),
(240,22,'Nusa Tenggara Barat (NTB)','Kabupaten','Lombok Timur','83612'),
(241,22,'Nusa Tenggara Barat (NTB)','Kabupaten','Lombok Utara','83711'),
(242,33,'Sumatera Selatan','Kota','Lubuk Linggau','31614'),
(243,11,'Jawa Timur','Kabupaten','Lumajang','67319'),
(244,28,'Sulawesi Selatan','Kabupaten','Luwu','91994'),
(245,28,'Sulawesi Selatan','Kabupaten','Luwu Timur','92981'),
(246,28,'Sulawesi Selatan','Kabupaten','Luwu Utara','92911'),
(247,11,'Jawa Timur','Kabupaten','Madiun','63153'),
(248,11,'Jawa Timur','Kota','Madiun','63122'),
(249,10,'Jawa Tengah','Kabupaten','Magelang','56519'),
(250,10,'Jawa Tengah','Kota','Magelang','56133'),
(251,11,'Jawa Timur','Kabupaten','Magetan','63314'),
(252,9,'Jawa Barat','Kabupaten','Majalengka','45412'),
(253,27,'Sulawesi Barat','Kabupaten','Majene','91411'),
(254,28,'Sulawesi Selatan','Kota','Makassar','90111'),
(255,11,'Jawa Timur','Kabupaten','Malang','65163'),
(256,11,'Jawa Timur','Kota','Malang','65112'),
(257,16,'Kalimantan Utara','Kabupaten','Malinau','77511'),
(258,19,'Maluku','Kabupaten','Maluku Barat Daya','97451'),
(259,19,'Maluku','Kabupaten','Maluku Tengah','97513'),
(260,19,'Maluku','Kabupaten','Maluku Tenggara','97651'),
(261,19,'Maluku','Kabupaten','Maluku Tenggara Barat','97465'),
(262,27,'Sulawesi Barat','Kabupaten','Mamasa','91362'),
(263,24,'Papua','Kabupaten','Mamberamo Raya','99381'),
(264,24,'Papua','Kabupaten','Mamberamo Tengah','99553'),
(265,27,'Sulawesi Barat','Kabupaten','Mamuju','91519'),
(266,27,'Sulawesi Barat','Kabupaten','Mamuju Utara','91571'),
(267,31,'Sulawesi Utara','Kota','Manado','95247'),
(268,34,'Sumatera Utara','Kabupaten','Mandailing Natal','22916'),
(269,23,'Nusa Tenggara Timur (NTT)','Kabupaten','Manggarai','86551'),
(270,23,'Nusa Tenggara Timur (NTT)','Kabupaten','Manggarai Barat','86711'),
(271,23,'Nusa Tenggara Timur (NTT)','Kabupaten','Manggarai Timur','86811'),
(272,25,'Papua Barat','Kabupaten','Manokwari','98311'),
(273,25,'Papua Barat','Kabupaten','Manokwari Selatan','98355'),
(274,24,'Papua','Kabupaten','Mappi','99853'),
(275,28,'Sulawesi Selatan','Kabupaten','Maros','90511'),
(276,22,'Nusa Tenggara Barat (NTB)','Kota','Mataram','83131'),
(277,25,'Papua Barat','Kabupaten','Maybrat','98051'),
(278,34,'Sumatera Utara','Kota','Medan','20228'),
(279,12,'Kalimantan Barat','Kabupaten','Melawi','78619'),
(280,8,'Jambi','Kabupaten','Merangin','37319'),
(281,24,'Papua','Kabupaten','Merauke','99613'),
(282,18,'Lampung','Kabupaten','Mesuji','34911'),
(283,18,'Lampung','Kota','Metro','34111'),
(284,24,'Papua','Kabupaten','Mimika','99962'),
(285,31,'Sulawesi Utara','Kabupaten','Minahasa','95614'),
(286,31,'Sulawesi Utara','Kabupaten','Minahasa Selatan','95914'),
(287,31,'Sulawesi Utara','Kabupaten','Minahasa Tenggara','95995'),
(288,31,'Sulawesi Utara','Kabupaten','Minahasa Utara','95316'),
(289,11,'Jawa Timur','Kabupaten','Mojokerto','61382'),
(290,11,'Jawa Timur','Kota','Mojokerto','61316'),
(291,29,'Sulawesi Tengah','Kabupaten','Morowali','94911'),
(292,33,'Sumatera Selatan','Kabupaten','Muara Enim','31315'),
(293,8,'Jambi','Kabupaten','Muaro Jambi','36311'),
(294,4,'Bengkulu','Kabupaten','Muko Muko','38715'),
(295,30,'Sulawesi Tenggara','Kabupaten','Muna','93611'),
(296,14,'Kalimantan Tengah','Kabupaten','Murung Raya','73911'),
(297,33,'Sumatera Selatan','Kabupaten','Musi Banyuasin','30719'),
(298,33,'Sumatera Selatan','Kabupaten','Musi Rawas','31661'),
(299,24,'Papua','Kabupaten','Nabire','98816'),
(300,21,'Nanggroe Aceh Darussalam (NAD)','Kabupaten','Nagan Raya','23674'),
(301,23,'Nusa Tenggara Timur (NTT)','Kabupaten','Nagekeo','86911'),
(302,17,'Kepulauan Riau','Kabupaten','Natuna','29711'),
(303,24,'Papua','Kabupaten','Nduga','99541'),
(304,23,'Nusa Tenggara Timur (NTT)','Kabupaten','Ngada','86413'),
(305,11,'Jawa Timur','Kabupaten','Nganjuk','64414'),
(306,11,'Jawa Timur','Kabupaten','Ngawi','63219'),
(307,34,'Sumatera Utara','Kabupaten','Nias','22876'),
(308,34,'Sumatera Utara','Kabupaten','Nias Barat','22895'),
(309,34,'Sumatera Utara','Kabupaten','Nias Selatan','22865'),
(310,34,'Sumatera Utara','Kabupaten','Nias Utara','22856'),
(311,16,'Kalimantan Utara','Kabupaten','Nunukan','77421'),
(312,33,'Sumatera Selatan','Kabupaten','Ogan Ilir','30811'),
(313,33,'Sumatera Selatan','Kabupaten','Ogan Komering Ilir','30618'),
(314,33,'Sumatera Selatan','Kabupaten','Ogan Komering Ulu','32112'),
(315,33,'Sumatera Selatan','Kabupaten','Ogan Komering Ulu Selatan','32211'),
(316,33,'Sumatera Selatan','Kabupaten','Ogan Komering Ulu Timur','32312'),
(317,11,'Jawa Timur','Kabupaten','Pacitan','63512'),
(318,32,'Sumatera Barat','Kota','Padang','25112'),
(319,34,'Sumatera Utara','Kabupaten','Padang Lawas','22763'),
(320,34,'Sumatera Utara','Kabupaten','Padang Lawas Utara','22753'),
(321,32,'Sumatera Barat','Kota','Padang Panjang','27122'),
(322,32,'Sumatera Barat','Kabupaten','Padang Pariaman','25583'),
(323,34,'Sumatera Utara','Kota','Padang Sidempuan','22727'),
(324,33,'Sumatera Selatan','Kota','Pagar Alam','31512'),
(325,34,'Sumatera Utara','Kabupaten','Pakpak Bharat','22272'),
(326,14,'Kalimantan Tengah','Kota','Palangka Raya','73112'),
(327,33,'Sumatera Selatan','Kota','Palembang','30111'),
(328,28,'Sulawesi Selatan','Kota','Palopo','91911'),
(329,29,'Sulawesi Tengah','Kota','Palu','94111'),
(330,11,'Jawa Timur','Kabupaten','Pamekasan','69319'),
(331,3,'Banten','Kabupaten','Pandeglang','42212'),
(332,9,'Jawa Barat','Kabupaten','Pangandaran','46511'),
(333,28,'Sulawesi Selatan','Kabupaten','Pangkajene Kepulauan','90611'),
(334,2,'Bangka Belitung','Kota','Pangkal Pinang','33115'),
(335,24,'Papua','Kabupaten','Paniai','98765'),
(336,28,'Sulawesi Selatan','Kota','Parepare','91123'),
(337,32,'Sumatera Barat','Kota','Pariaman','25511'),
(338,29,'Sulawesi Tengah','Kabupaten','Parigi Moutong','94411'),
(339,32,'Sumatera Barat','Kabupaten','Pasaman','26318'),
(340,32,'Sumatera Barat','Kabupaten','Pasaman Barat','26511'),
(341,15,'Kalimantan Timur','Kabupaten','Paser','76211'),
(342,11,'Jawa Timur','Kabupaten','Pasuruan','67153'),
(343,11,'Jawa Timur','Kota','Pasuruan','67118'),
(344,10,'Jawa Tengah','Kabupaten','Pati','59114'),
(345,32,'Sumatera Barat','Kota','Payakumbuh','26213'),
(346,25,'Papua Barat','Kabupaten','Pegunungan Arfak','98354'),
(347,24,'Papua','Kabupaten','Pegunungan Bintang','99573'),
(348,10,'Jawa Tengah','Kabupaten','Pekalongan','51161'),
(349,10,'Jawa Tengah','Kota','Pekalongan','51122'),
(350,26,'Riau','Kota','Pekanbaru','28112'),
(351,26,'Riau','Kabupaten','Pelalawan','28311'),
(352,10,'Jawa Tengah','Kabupaten','Pemalang','52319'),
(353,34,'Sumatera Utara','Kota','Pematang Siantar','21126'),
(354,15,'Kalimantan Timur','Kabupaten','Penajam Paser Utara','76311'),
(355,18,'Lampung','Kabupaten','Pesawaran','35312'),
(356,18,'Lampung','Kabupaten','Pesisir Barat','35974'),
(357,32,'Sumatera Barat','Kabupaten','Pesisir Selatan','25611'),
(358,21,'Nanggroe Aceh Darussalam (NAD)','Kabupaten','Pidie','24116'),
(359,21,'Nanggroe Aceh Darussalam (NAD)','Kabupaten','Pidie Jaya','24186'),
(360,28,'Sulawesi Selatan','Kabupaten','Pinrang','91251'),
(361,7,'Gorontalo','Kabupaten','Pohuwato','96419'),
(362,27,'Sulawesi Barat','Kabupaten','Polewali Mandar','91311'),
(363,11,'Jawa Timur','Kabupaten','Ponorogo','63411'),
(364,12,'Kalimantan Barat','Kabupaten','Pontianak','78971'),
(365,12,'Kalimantan Barat','Kota','Pontianak','78112'),
(366,29,'Sulawesi Tengah','Kabupaten','Poso','94615'),
(367,33,'Sumatera Selatan','Kota','Prabumulih','31121'),
(368,18,'Lampung','Kabupaten','Pringsewu','35719'),
(369,11,'Jawa Timur','Kabupaten','Probolinggo','67282'),
(370,11,'Jawa Timur','Kota','Probolinggo','67215'),
(371,14,'Kalimantan Tengah','Kabupaten','Pulang Pisau','74811'),
(372,20,'Maluku Utara','Kabupaten','Pulau Morotai','97771'),
(373,24,'Papua','Kabupaten','Puncak','98981'),
(374,24,'Papua','Kabupaten','Puncak Jaya','98979'),
(375,10,'Jawa Tengah','Kabupaten','Purbalingga','53312'),
(376,9,'Jawa Barat','Kabupaten','Purwakarta','41119'),
(377,10,'Jawa Tengah','Kabupaten','Purworejo','54111'),
(378,25,'Papua Barat','Kabupaten','Raja Ampat','98489'),
(379,4,'Bengkulu','Kabupaten','Rejang Lebong','39112'),
(380,10,'Jawa Tengah','Kabupaten','Rembang','59219'),
(381,26,'Riau','Kabupaten','Rokan Hilir','28992'),
(382,26,'Riau','Kabupaten','Rokan Hulu','28511'),
(383,23,'Nusa Tenggara Timur (NTT)','Kabupaten','Rote Ndao','85982'),
(384,21,'Nanggroe Aceh Darussalam (NAD)','Kota','Sabang','23512'),
(385,23,'Nusa Tenggara Timur (NTT)','Kabupaten','Sabu Raijua','85391'),
(386,10,'Jawa Tengah','Kota','Salatiga','50711'),
(387,15,'Kalimantan Timur','Kota','Samarinda','75133'),
(388,12,'Kalimantan Barat','Kabupaten','Sambas','79453'),
(389,34,'Sumatera Utara','Kabupaten','Samosir','22392'),
(390,11,'Jawa Timur','Kabupaten','Sampang','69219'),
(391,12,'Kalimantan Barat','Kabupaten','Sanggau','78557'),
(392,24,'Papua','Kabupaten','Sarmi','99373'),
(393,8,'Jambi','Kabupaten','Sarolangun','37419'),
(394,32,'Sumatera Barat','Kota','Sawah Lunto','27416'),
(395,12,'Kalimantan Barat','Kabupaten','Sekadau','79583'),
(396,28,'Sulawesi Selatan','Kabupaten','Selayar (Kepulauan Selayar)','92812'),
(397,4,'Bengkulu','Kabupaten','Seluma','38811'),
(398,10,'Jawa Tengah','Kabupaten','Semarang','50511'),
(399,10,'Jawa Tengah','Kota','Semarang','50135'),
(400,19,'Maluku','Kabupaten','Seram Bagian Barat','97561'),
(401,19,'Maluku','Kabupaten','Seram Bagian Timur','97581'),
(402,3,'Banten','Kabupaten','Serang','42182'),
(403,3,'Banten','Kota','Serang','42111'),
(404,34,'Sumatera Utara','Kabupaten','Serdang Bedagai','20915'),
(405,14,'Kalimantan Tengah','Kabupaten','Seruyan','74211'),
(406,26,'Riau','Kabupaten','Siak','28623'),
(407,34,'Sumatera Utara','Kota','Sibolga','22522'),
(408,28,'Sulawesi Selatan','Kabupaten','Sidenreng Rappang/Rapang','91613'),
(409,11,'Jawa Timur','Kabupaten','Sidoarjo','61219'),
(410,29,'Sulawesi Tengah','Kabupaten','Sigi','94364'),
(411,32,'Sumatera Barat','Kabupaten','Sijunjung (Sawah Lunto Sijunjung)','27511'),
(412,23,'Nusa Tenggara Timur (NTT)','Kabupaten','Sikka','86121'),
(413,34,'Sumatera Utara','Kabupaten','Simalungun','21162'),
(414,21,'Nanggroe Aceh Darussalam (NAD)','Kabupaten','Simeulue','23891'),
(415,12,'Kalimantan Barat','Kota','Singkawang','79117'),
(416,28,'Sulawesi Selatan','Kabupaten','Sinjai','92615'),
(417,12,'Kalimantan Barat','Kabupaten','Sintang','78619'),
(418,11,'Jawa Timur','Kabupaten','Situbondo','68316'),
(419,5,'DI Yogyakarta','Kabupaten','Sleman','55513'),
(420,32,'Sumatera Barat','Kabupaten','Solok','27365'),
(421,32,'Sumatera Barat','Kota','Solok','27315'),
(422,32,'Sumatera Barat','Kabupaten','Solok Selatan','27779'),
(423,28,'Sulawesi Selatan','Kabupaten','Soppeng','90812'),
(424,25,'Papua Barat','Kabupaten','Sorong','98431'),
(425,25,'Papua Barat','Kota','Sorong','98411'),
(426,25,'Papua Barat','Kabupaten','Sorong Selatan','98454'),
(427,10,'Jawa Tengah','Kabupaten','Sragen','57211'),
(428,9,'Jawa Barat','Kabupaten','Subang','41215'),
(429,21,'Nanggroe Aceh Darussalam (NAD)','Kota','Subulussalam','24882'),
(430,9,'Jawa Barat','Kabupaten','Sukabumi','43311'),
(431,9,'Jawa Barat','Kota','Sukabumi','43114'),
(432,14,'Kalimantan Tengah','Kabupaten','Sukamara','74712'),
(433,10,'Jawa Tengah','Kabupaten','Sukoharjo','57514'),
(434,23,'Nusa Tenggara Timur (NTT)','Kabupaten','Sumba Barat','87219'),
(435,23,'Nusa Tenggara Timur (NTT)','Kabupaten','Sumba Barat Daya','87453'),
(436,23,'Nusa Tenggara Timur (NTT)','Kabupaten','Sumba Tengah','87358'),
(437,23,'Nusa Tenggara Timur (NTT)','Kabupaten','Sumba Timur','87112'),
(438,22,'Nusa Tenggara Barat (NTB)','Kabupaten','Sumbawa','84315'),
(439,22,'Nusa Tenggara Barat (NTB)','Kabupaten','Sumbawa Barat','84419'),
(440,9,'Jawa Barat','Kabupaten','Sumedang','45326'),
(441,11,'Jawa Timur','Kabupaten','Sumenep','69413'),
(442,8,'Jambi','Kota','Sungaipenuh','37113'),
(443,24,'Papua','Kabupaten','Supiori','98164'),
(444,11,'Jawa Timur','Kota','Surabaya','60119'),
(445,10,'Jawa Tengah','Kota','Surakarta (Solo)','57113'),
(446,13,'Kalimantan Selatan','Kabupaten','Tabalong','71513'),
(447,1,'Bali','Kabupaten','Tabanan','82119'),
(448,28,'Sulawesi Selatan','Kabupaten','Takalar','92212'),
(449,25,'Papua Barat','Kabupaten','Tambrauw','98475'),
(450,16,'Kalimantan Utara','Kabupaten','Tana Tidung','77611'),
(451,28,'Sulawesi Selatan','Kabupaten','Tana Toraja','91819'),
(452,13,'Kalimantan Selatan','Kabupaten','Tanah Bumbu','72211'),
(453,32,'Sumatera Barat','Kabupaten','Tanah Datar','27211'),
(454,13,'Kalimantan Selatan','Kabupaten','Tanah Laut','70811'),
(455,3,'Banten','Kabupaten','Tangerang','15914'),
(456,3,'Banten','Kota','Tangerang','15111'),
(457,3,'Banten','Kota','Tangerang Selatan','15332'),
(458,18,'Lampung','Kabupaten','Tanggamus','35619'),
(459,34,'Sumatera Utara','Kota','Tanjung Balai','21321'),
(460,8,'Jambi','Kabupaten','Tanjung Jabung Barat','36513'),
(461,8,'Jambi','Kabupaten','Tanjung Jabung Timur','36719'),
(462,17,'Kepulauan Riau','Kota','Tanjung Pinang','29111'),
(463,34,'Sumatera Utara','Kabupaten','Tapanuli Selatan','22742'),
(464,34,'Sumatera Utara','Kabupaten','Tapanuli Tengah','22611'),
(465,34,'Sumatera Utara','Kabupaten','Tapanuli Utara','22414'),
(466,13,'Kalimantan Selatan','Kabupaten','Tapin','71119'),
(467,16,'Kalimantan Utara','Kota','Tarakan','77114'),
(468,9,'Jawa Barat','Kabupaten','Tasikmalaya','46411'),
(469,9,'Jawa Barat','Kota','Tasikmalaya','46116'),
(470,34,'Sumatera Utara','Kota','Tebing Tinggi','20632'),
(471,8,'Jambi','Kabupaten','Tebo','37519'),
(472,10,'Jawa Tengah','Kabupaten','Tegal','52419'),
(473,10,'Jawa Tengah','Kota','Tegal','52114'),
(474,25,'Papua Barat','Kabupaten','Teluk Bintuni','98551'),
(475,25,'Papua Barat','Kabupaten','Teluk Wondama','98591'),
(476,10,'Jawa Tengah','Kabupaten','Temanggung','56212'),
(477,20,'Maluku Utara','Kota','Ternate','97714'),
(478,20,'Maluku Utara','Kota','Tidore Kepulauan','97815'),
(479,23,'Nusa Tenggara Timur (NTT)','Kabupaten','Timor Tengah Selatan','85562'),
(480,23,'Nusa Tenggara Timur (NTT)','Kabupaten','Timor Tengah Utara','85612'),
(481,34,'Sumatera Utara','Kabupaten','Toba Samosir','22316'),
(482,29,'Sulawesi Tengah','Kabupaten','Tojo Una-Una','94683'),
(483,29,'Sulawesi Tengah','Kabupaten','Toli-Toli','94542'),
(484,24,'Papua','Kabupaten','Tolikara','99411'),
(485,31,'Sulawesi Utara','Kota','Tomohon','95416'),
(486,28,'Sulawesi Selatan','Kabupaten','Toraja Utara','91831'),
(487,11,'Jawa Timur','Kabupaten','Trenggalek','66312'),
(488,19,'Maluku','Kota','Tual','97612'),
(489,11,'Jawa Timur','Kabupaten','Tuban','62319'),
(490,18,'Lampung','Kabupaten','Tulang Bawang','34613'),
(491,18,'Lampung','Kabupaten','Tulang Bawang Barat','34419'),
(492,11,'Jawa Timur','Kabupaten','Tulungagung','66212'),
(493,28,'Sulawesi Selatan','Kabupaten','Wajo','90911'),
(494,30,'Sulawesi Tenggara','Kabupaten','Wakatobi','93791'),
(495,24,'Papua','Kabupaten','Waropen','98269'),
(496,18,'Lampung','Kabupaten','Way Kanan','34711'),
(497,10,'Jawa Tengah','Kabupaten','Wonogiri','57619'),
(498,10,'Jawa Tengah','Kabupaten','Wonosobo','56311'),
(499,24,'Papua','Kabupaten','Yahukimo','99041'),
(500,24,'Papua','Kabupaten','Yalimo','99481'),
(501,5,'DI Yogyakarta','Kota','Yogyakarta','55111');

/*Table structure for table `location_province` */

DROP TABLE IF EXISTS `location_province`;

CREATE TABLE `location_province` (
  `id` int(11) NOT NULL,
  `province` varchar(50) DEFAULT NULL,
  PRIMARY KEY (`id`)
) ENGINE=InnoDB DEFAULT CHARSET=latin1;

/*Data for the table `location_province` */

insert  into `location_province`(`id`,`province`) values 
(1,'Bali'),
(2,'Bangka Belitung'),
(3,'Banten'),
(4,'Bengkulu'),
(5,'DI Yogyakarta'),
(6,'DKI Jakarta'),
(7,'Gorontalo'),
(8,'Jambi'),
(9,'Jawa Barat'),
(10,'Jawa Tengah'),
(11,'Jawa Timur'),
(12,'Kalimantan Barat'),
(13,'Kalimantan Selatan'),
(14,'Kalimantan Tengah'),
(15,'Kalimantan Timur'),
(16,'Kalimantan Utara'),
(17,'Kepulauan Riau'),
(18,'Lampung'),
(19,'Maluku'),
(20,'Maluku Utara'),
(21,'Nanggroe Aceh Darussalam (NAD)'),
(22,'Nusa Tenggara Barat (NTB)'),
(23,'Nusa Tenggara Timur (NTT)'),
(24,'Papua'),
(25,'Papua Barat'),
(26,'Riau'),
(27,'Sulawesi Barat'),
(28,'Sulawesi Selatan'),
(29,'Sulawesi Tengah'),
(30,'Sulawesi Tenggara'),
(31,'Sulawesi Utara'),
(32,'Sumatera Barat'),
(33,'Sumatera Selatan'),
(34,'Sumatera Utara');

/*Table structure for table `location_subdistrict` */

DROP TABLE IF EXISTS `location_subdistrict`;

CREATE TABLE `location_subdistrict` (
  `id` int(11) NOT NULL,
  `province_id` int(11) DEFAULT NULL,
  `province` varchar(50) DEFAULT NULL,
  `city_id` int(11) DEFAULT NULL,
  `city` varchar(50) DEFAULT NULL,
  `type` varchar(50) DEFAULT NULL,
  `subdistrict_name` varchar(50) DEFAULT NULL,
  PRIMARY KEY (`id`)
) ENGINE=InnoDB DEFAULT CHARSET=latin1;

/*Data for the table `location_subdistrict` */

insert  into `location_subdistrict`(`id`,`province_id`,`province`,`city_id`,`city`,`type`,`subdistrict_name`) values 
(1,21,'Nanggroe Aceh Darussalam (NAD)',1,'Aceh Barat','Kabupaten','Arongan Lambalek'),
(2,21,'Nanggroe Aceh Darussalam (NAD)',1,'Aceh Barat','Kabupaten','Bubon'),
(3,21,'Nanggroe Aceh Darussalam (NAD)',1,'Aceh Barat','Kabupaten','Johan Pahlawan'),
(4,21,'Nanggroe Aceh Darussalam (NAD)',1,'Aceh Barat','Kabupaten','Kaway XVI'),
(5,21,'Nanggroe Aceh Darussalam (NAD)',1,'Aceh Barat','Kabupaten','Meureubo'),
(6,21,'Nanggroe Aceh Darussalam (NAD)',1,'Aceh Barat','Kabupaten','Pante Ceureumen (Pantai Ceuremen)'),
(7,21,'Nanggroe Aceh Darussalam (NAD)',1,'Aceh Barat','Kabupaten','Panton Reu'),
(8,21,'Nanggroe Aceh Darussalam (NAD)',1,'Aceh Barat','Kabupaten','Samatiga'),
(9,21,'Nanggroe Aceh Darussalam (NAD)',1,'Aceh Barat','Kabupaten','Sungai Mas'),
(10,21,'Nanggroe Aceh Darussalam (NAD)',1,'Aceh Barat','Kabupaten','Woyla'),
(11,21,'Nanggroe Aceh Darussalam (NAD)',1,'Aceh Barat','Kabupaten','Woyla Barat'),
(12,21,'Nanggroe Aceh Darussalam (NAD)',1,'Aceh Barat','Kabupaten','Woyla Timur'),
(13,21,'Nanggroe Aceh Darussalam (NAD)',2,'Aceh Barat Daya','Kabupaten','Babah Rot'),
(14,21,'Nanggroe Aceh Darussalam (NAD)',2,'Aceh Barat Daya','Kabupaten','Blang Pidie'),
(15,21,'Nanggroe Aceh Darussalam (NAD)',2,'Aceh Barat Daya','Kabupaten','Jeumpa'),
(16,21,'Nanggroe Aceh Darussalam (NAD)',2,'Aceh Barat Daya','Kabupaten','Kuala Batee'),
(17,21,'Nanggroe Aceh Darussalam (NAD)',2,'Aceh Barat Daya','Kabupaten','Lembah Sabil'),
(18,21,'Nanggroe Aceh Darussalam (NAD)',2,'Aceh Barat Daya','Kabupaten','Manggeng'),
(19,21,'Nanggroe Aceh Darussalam (NAD)',2,'Aceh Barat Daya','Kabupaten','Setia'),
(20,21,'Nanggroe Aceh Darussalam (NAD)',2,'Aceh Barat Daya','Kabupaten','Susoh'),
(21,21,'Nanggroe Aceh Darussalam (NAD)',2,'Aceh Barat Daya','Kabupaten','Tangan-Tangan'),
(22,21,'Nanggroe Aceh Darussalam (NAD)',3,'Aceh Besar','Kabupaten','Baitussalam'),
(23,21,'Nanggroe Aceh Darussalam (NAD)',3,'Aceh Besar','Kabupaten','Blank Bintang'),
(24,21,'Nanggroe Aceh Darussalam (NAD)',3,'Aceh Besar','Kabupaten','Darul Imarah'),
(25,21,'Nanggroe Aceh Darussalam (NAD)',3,'Aceh Besar','Kabupaten','Darul Kamal'),
(26,21,'Nanggroe Aceh Darussalam (NAD)',3,'Aceh Besar','Kabupaten','Darussalam'),
(27,21,'Nanggroe Aceh Darussalam (NAD)',3,'Aceh Besar','Kabupaten','Indrapuri'),
(28,21,'Nanggroe Aceh Darussalam (NAD)',3,'Aceh Besar','Kabupaten','Ingin Jaya'),
(29,21,'Nanggroe Aceh Darussalam (NAD)',3,'Aceh Besar','Kabupaten','Kota Cot Glie (Kuta Cot Glie)'),
(30,21,'Nanggroe Aceh Darussalam (NAD)',3,'Aceh Besar','Kabupaten','Kota Jantho'),
(31,21,'Nanggroe Aceh Darussalam (NAD)',3,'Aceh Besar','Kabupaten','Kota Malaka (Kuta Malaka)'),
(32,21,'Nanggroe Aceh Darussalam (NAD)',3,'Aceh Besar','Kabupaten','Krueng Barona Jaya'),
(33,21,'Nanggroe Aceh Darussalam (NAD)',3,'Aceh Besar','Kabupaten','Kuta Baro'),
(34,21,'Nanggroe Aceh Darussalam (NAD)',3,'Aceh Besar','Kabupaten','Lembah Seulawah'),
(35,21,'Nanggroe Aceh Darussalam (NAD)',3,'Aceh Besar','Kabupaten','Leupung'),
(36,21,'Nanggroe Aceh Darussalam (NAD)',3,'Aceh Besar','Kabupaten','Lhoknga (Lho\'nga)'),
(37,21,'Nanggroe Aceh Darussalam (NAD)',3,'Aceh Besar','Kabupaten','Lhoong'),
(38,21,'Nanggroe Aceh Darussalam (NAD)',3,'Aceh Besar','Kabupaten','Mantasiek (Montasik)'),
(39,21,'Nanggroe Aceh Darussalam (NAD)',3,'Aceh Besar','Kabupaten','Mesjid Raya'),
(40,21,'Nanggroe Aceh Darussalam (NAD)',3,'Aceh Besar','Kabupaten','Peukan Bada'),
(41,21,'Nanggroe Aceh Darussalam (NAD)',3,'Aceh Besar','Kabupaten','Pulo Aceh'),
(42,21,'Nanggroe Aceh Darussalam (NAD)',3,'Aceh Besar','Kabupaten','Seulimeum'),
(43,21,'Nanggroe Aceh Darussalam (NAD)',3,'Aceh Besar','Kabupaten','Simpang Tiga'),
(44,21,'Nanggroe Aceh Darussalam (NAD)',3,'Aceh Besar','Kabupaten','Suka Makmur'),
(45,21,'Nanggroe Aceh Darussalam (NAD)',4,'Aceh Jaya','Kabupaten','Darul Hikmah'),
(46,21,'Nanggroe Aceh Darussalam (NAD)',4,'Aceh Jaya','Kabupaten','Indra Jaya'),
(47,21,'Nanggroe Aceh Darussalam (NAD)',4,'Aceh Jaya','Kabupaten','Jaya'),
(48,21,'Nanggroe Aceh Darussalam (NAD)',4,'Aceh Jaya','Kabupaten','Keude Panga'),
(49,21,'Nanggroe Aceh Darussalam (NAD)',4,'Aceh Jaya','Kabupaten','Krueng Sabee'),
(50,21,'Nanggroe Aceh Darussalam (NAD)',4,'Aceh Jaya','Kabupaten','Pasie Raya'),
(51,21,'Nanggroe Aceh Darussalam (NAD)',4,'Aceh Jaya','Kabupaten','Sampoiniet'),
(52,21,'Nanggroe Aceh Darussalam (NAD)',4,'Aceh Jaya','Kabupaten','Setia Bakti'),
(53,21,'Nanggroe Aceh Darussalam (NAD)',4,'Aceh Jaya','Kabupaten','Teunom'),
(54,21,'Nanggroe Aceh Darussalam (NAD)',5,'Aceh Selatan','Kabupaten','Bakongan'),
(55,21,'Nanggroe Aceh Darussalam (NAD)',5,'Aceh Selatan','Kabupaten','Bakongan Timur'),
(56,21,'Nanggroe Aceh Darussalam (NAD)',5,'Aceh Selatan','Kabupaten','Kluet Selatan'),
(57,21,'Nanggroe Aceh Darussalam (NAD)',5,'Aceh Selatan','Kabupaten','Kluet Tengah'),
(58,21,'Nanggroe Aceh Darussalam (NAD)',5,'Aceh Selatan','Kabupaten','Kluet Timur'),
(59,21,'Nanggroe Aceh Darussalam (NAD)',5,'Aceh Selatan','Kabupaten','Kluet Utara'),
(60,21,'Nanggroe Aceh Darussalam (NAD)',5,'Aceh Selatan','Kabupaten','Kota Bahagia'),
(61,21,'Nanggroe Aceh Darussalam (NAD)',5,'Aceh Selatan','Kabupaten','Labuhan Haji'),
(62,21,'Nanggroe Aceh Darussalam (NAD)',5,'Aceh Selatan','Kabupaten','Labuhan Haji Barat'),
(63,21,'Nanggroe Aceh Darussalam (NAD)',5,'Aceh Selatan','Kabupaten','Labuhan Haji Timur'),
(64,21,'Nanggroe Aceh Darussalam (NAD)',5,'Aceh Selatan','Kabupaten','Meukek'),
(65,21,'Nanggroe Aceh Darussalam (NAD)',5,'Aceh Selatan','Kabupaten','Pasie Raja'),
(66,21,'Nanggroe Aceh Darussalam (NAD)',5,'Aceh Selatan','Kabupaten','Sama Dua'),
(67,21,'Nanggroe Aceh Darussalam (NAD)',5,'Aceh Selatan','Kabupaten','Sawang'),
(68,21,'Nanggroe Aceh Darussalam (NAD)',5,'Aceh Selatan','Kabupaten','Tapak Tuan'),
(69,21,'Nanggroe Aceh Darussalam (NAD)',5,'Aceh Selatan','Kabupaten','Trumon'),
(70,21,'Nanggroe Aceh Darussalam (NAD)',5,'Aceh Selatan','Kabupaten','Trumon Tengah'),
(71,21,'Nanggroe Aceh Darussalam (NAD)',5,'Aceh Selatan','Kabupaten','Trumon Timur'),
(72,21,'Nanggroe Aceh Darussalam (NAD)',6,'Aceh Singkil','Kabupaten','Danau Paris'),
(73,21,'Nanggroe Aceh Darussalam (NAD)',6,'Aceh Singkil','Kabupaten','Gunung Meriah (Mariah)'),
(74,21,'Nanggroe Aceh Darussalam (NAD)',6,'Aceh Singkil','Kabupaten','Kota Baharu'),
(75,21,'Nanggroe Aceh Darussalam (NAD)',6,'Aceh Singkil','Kabupaten','Kuala Baru'),
(76,21,'Nanggroe Aceh Darussalam (NAD)',6,'Aceh Singkil','Kabupaten','Pulau Banyak'),
(77,21,'Nanggroe Aceh Darussalam (NAD)',6,'Aceh Singkil','Kabupaten','Pulau Banyak Barat'),
(78,21,'Nanggroe Aceh Darussalam (NAD)',6,'Aceh Singkil','Kabupaten','Simpang Kanan'),
(79,21,'Nanggroe Aceh Darussalam (NAD)',6,'Aceh Singkil','Kabupaten','Singkil'),
(80,21,'Nanggroe Aceh Darussalam (NAD)',6,'Aceh Singkil','Kabupaten','Singkil Utara'),
(81,21,'Nanggroe Aceh Darussalam (NAD)',6,'Aceh Singkil','Kabupaten','Singkohor'),
(82,21,'Nanggroe Aceh Darussalam (NAD)',6,'Aceh Singkil','Kabupaten','Suro Makmur'),
(83,21,'Nanggroe Aceh Darussalam (NAD)',7,'Aceh Tamiang','Kabupaten','Banda Mulia'),
(84,21,'Nanggroe Aceh Darussalam (NAD)',7,'Aceh Tamiang','Kabupaten','Bandar Pusaka'),
(85,21,'Nanggroe Aceh Darussalam (NAD)',7,'Aceh Tamiang','Kabupaten','Bendahara'),
(86,21,'Nanggroe Aceh Darussalam (NAD)',7,'Aceh Tamiang','Kabupaten','Karang Baru'),
(87,21,'Nanggroe Aceh Darussalam (NAD)',7,'Aceh Tamiang','Kabupaten','Kejuruan Muda'),
(88,21,'Nanggroe Aceh Darussalam (NAD)',7,'Aceh Tamiang','Kabupaten','Kota Kuala Simpang'),
(89,21,'Nanggroe Aceh Darussalam (NAD)',7,'Aceh Tamiang','Kabupaten','Manyak Payed'),
(90,21,'Nanggroe Aceh Darussalam (NAD)',7,'Aceh Tamiang','Kabupaten','Rantau'),
(91,21,'Nanggroe Aceh Darussalam (NAD)',7,'Aceh Tamiang','Kabupaten','Sekerak'),
(92,21,'Nanggroe Aceh Darussalam (NAD)',7,'Aceh Tamiang','Kabupaten','Seruway'),
(93,21,'Nanggroe Aceh Darussalam (NAD)',7,'Aceh Tamiang','Kabupaten','Tamiang Hulu'),
(94,21,'Nanggroe Aceh Darussalam (NAD)',7,'Aceh Tamiang','Kabupaten','Tenggulun'),
(95,21,'Nanggroe Aceh Darussalam (NAD)',8,'Aceh Tengah','Kabupaten','Atu Lintang'),
(96,21,'Nanggroe Aceh Darussalam (NAD)',8,'Aceh Tengah','Kabupaten','Bebesen'),
(97,21,'Nanggroe Aceh Darussalam (NAD)',8,'Aceh Tengah','Kabupaten','Bies'),
(98,21,'Nanggroe Aceh Darussalam (NAD)',8,'Aceh Tengah','Kabupaten','Bintang'),
(99,21,'Nanggroe Aceh Darussalam (NAD)',8,'Aceh Tengah','Kabupaten','Celala'),
(100,21,'Nanggroe Aceh Darussalam (NAD)',8,'Aceh Tengah','Kabupaten','Jagong Jeget'),
(101,21,'Nanggroe Aceh Darussalam (NAD)',8,'Aceh Tengah','Kabupaten','Kebayakan'),
(102,21,'Nanggroe Aceh Darussalam (NAD)',8,'Aceh Tengah','Kabupaten','Ketol'),
(103,21,'Nanggroe Aceh Darussalam (NAD)',8,'Aceh Tengah','Kabupaten','Kute Panang'),
(104,21,'Nanggroe Aceh Darussalam (NAD)',8,'Aceh Tengah','Kabupaten','Linge'),
(105,21,'Nanggroe Aceh Darussalam (NAD)',8,'Aceh Tengah','Kabupaten','Lut Tawar'),
(106,21,'Nanggroe Aceh Darussalam (NAD)',8,'Aceh Tengah','Kabupaten','Pegasing'),
(107,21,'Nanggroe Aceh Darussalam (NAD)',8,'Aceh Tengah','Kabupaten','Rusip Antara'),
(108,21,'Nanggroe Aceh Darussalam (NAD)',8,'Aceh Tengah','Kabupaten','Silih Nara'),
(109,21,'Nanggroe Aceh Darussalam (NAD)',9,'Aceh Tenggara','Kabupaten','Babul Makmur'),
(110,21,'Nanggroe Aceh Darussalam (NAD)',9,'Aceh Tenggara','Kabupaten','Babul Rahmah'),
(111,21,'Nanggroe Aceh Darussalam (NAD)',9,'Aceh Tenggara','Kabupaten','Babussalam'),
(112,21,'Nanggroe Aceh Darussalam (NAD)',9,'Aceh Tenggara','Kabupaten','Badar'),
(113,21,'Nanggroe Aceh Darussalam (NAD)',9,'Aceh Tenggara','Kabupaten','Bambel'),
(114,21,'Nanggroe Aceh Darussalam (NAD)',9,'Aceh Tenggara','Kabupaten','Bukit Tusam'),
(115,21,'Nanggroe Aceh Darussalam (NAD)',9,'Aceh Tenggara','Kabupaten','Darul Hasanah'),
(116,21,'Nanggroe Aceh Darussalam (NAD)',9,'Aceh Tenggara','Kabupaten','Deleng Pokhisen'),
(117,21,'Nanggroe Aceh Darussalam (NAD)',9,'Aceh Tenggara','Kabupaten','Ketambe'),
(118,21,'Nanggroe Aceh Darussalam (NAD)',9,'Aceh Tenggara','Kabupaten','Lawe Alas'),
(119,21,'Nanggroe Aceh Darussalam (NAD)',9,'Aceh Tenggara','Kabupaten','Lawe Bulan'),
(120,21,'Nanggroe Aceh Darussalam (NAD)',9,'Aceh Tenggara','Kabupaten','Lawe Sigala-Gala'),
(121,21,'Nanggroe Aceh Darussalam (NAD)',9,'Aceh Tenggara','Kabupaten','Lawe Sumur'),
(122,21,'Nanggroe Aceh Darussalam (NAD)',9,'Aceh Tenggara','Kabupaten','Leuser'),
(123,21,'Nanggroe Aceh Darussalam (NAD)',9,'Aceh Tenggara','Kabupaten','Semadam'),
(124,21,'Nanggroe Aceh Darussalam (NAD)',9,'Aceh Tenggara','Kabupaten','Tanah Alas'),
(125,21,'Nanggroe Aceh Darussalam (NAD)',10,'Aceh Timur','Kabupaten','Banda Alam'),
(126,21,'Nanggroe Aceh Darussalam (NAD)',10,'Aceh Timur','Kabupaten','Birem Bayeun'),
(127,21,'Nanggroe Aceh Darussalam (NAD)',10,'Aceh Timur','Kabupaten','Darul Aman'),
(128,21,'Nanggroe Aceh Darussalam (NAD)',10,'Aceh Timur','Kabupaten','Darul Falah'),
(129,21,'Nanggroe Aceh Darussalam (NAD)',10,'Aceh Timur','Kabupaten','Darul Iksan (Ihsan)'),
(130,21,'Nanggroe Aceh Darussalam (NAD)',10,'Aceh Timur','Kabupaten','Idi Rayeuk'),
(131,21,'Nanggroe Aceh Darussalam (NAD)',10,'Aceh Timur','Kabupaten','Idi Timur'),
(132,21,'Nanggroe Aceh Darussalam (NAD)',10,'Aceh Timur','Kabupaten','Idi Tunong'),
(133,21,'Nanggroe Aceh Darussalam (NAD)',10,'Aceh Timur','Kabupaten','Indra Makmur'),
(134,21,'Nanggroe Aceh Darussalam (NAD)',10,'Aceh Timur','Kabupaten','Julok'),
(135,21,'Nanggroe Aceh Darussalam (NAD)',10,'Aceh Timur','Kabupaten','Madat'),
(136,21,'Nanggroe Aceh Darussalam (NAD)',10,'Aceh Timur','Kabupaten','Nurussalam'),
(137,21,'Nanggroe Aceh Darussalam (NAD)',10,'Aceh Timur','Kabupaten','Pante Bidari (Beudari)'),
(138,21,'Nanggroe Aceh Darussalam (NAD)',10,'Aceh Timur','Kabupaten','Peudawa'),
(139,21,'Nanggroe Aceh Darussalam (NAD)',10,'Aceh Timur','Kabupaten','Peunaron'),
(140,21,'Nanggroe Aceh Darussalam (NAD)',10,'Aceh Timur','Kabupaten','Peureulak'),
(141,21,'Nanggroe Aceh Darussalam (NAD)',10,'Aceh Timur','Kabupaten','Peureulak Barat'),
(142,21,'Nanggroe Aceh Darussalam (NAD)',10,'Aceh Timur','Kabupaten','Peureulak Timur'),
(143,21,'Nanggroe Aceh Darussalam (NAD)',10,'Aceh Timur','Kabupaten','Rantau Selamat'),
(144,21,'Nanggroe Aceh Darussalam (NAD)',10,'Aceh Timur','Kabupaten','Ranto Peureulak'),
(145,21,'Nanggroe Aceh Darussalam (NAD)',10,'Aceh Timur','Kabupaten','Serba Jadi'),
(146,21,'Nanggroe Aceh Darussalam (NAD)',10,'Aceh Timur','Kabupaten','Simpang Jernih'),
(147,21,'Nanggroe Aceh Darussalam (NAD)',10,'Aceh Timur','Kabupaten','Simpang Ulim'),
(148,21,'Nanggroe Aceh Darussalam (NAD)',10,'Aceh Timur','Kabupaten','Sungai Raya'),
(149,21,'Nanggroe Aceh Darussalam (NAD)',11,'Aceh Utara','Kabupaten','Baktiya'),
(150,21,'Nanggroe Aceh Darussalam (NAD)',11,'Aceh Utara','Kabupaten','Baktiya Barat'),
(151,21,'Nanggroe Aceh Darussalam (NAD)',11,'Aceh Utara','Kabupaten','Banda Baro'),
(152,21,'Nanggroe Aceh Darussalam (NAD)',11,'Aceh Utara','Kabupaten','Cot Girek'),
(153,21,'Nanggroe Aceh Darussalam (NAD)',11,'Aceh Utara','Kabupaten','Dewantara'),
(154,21,'Nanggroe Aceh Darussalam (NAD)',11,'Aceh Utara','Kabupaten','Geuredong Pase'),
(155,21,'Nanggroe Aceh Darussalam (NAD)',11,'Aceh Utara','Kabupaten','Kuta Makmur'),
(156,21,'Nanggroe Aceh Darussalam (NAD)',11,'Aceh Utara','Kabupaten','Langkahan'),
(157,21,'Nanggroe Aceh Darussalam (NAD)',11,'Aceh Utara','Kabupaten','Lapang'),
(158,21,'Nanggroe Aceh Darussalam (NAD)',11,'Aceh Utara','Kabupaten','Lhoksukon'),
(159,21,'Nanggroe Aceh Darussalam (NAD)',11,'Aceh Utara','Kabupaten','Matangkuli'),
(160,21,'Nanggroe Aceh Darussalam (NAD)',11,'Aceh Utara','Kabupaten','Meurah Mulia'),
(161,21,'Nanggroe Aceh Darussalam (NAD)',11,'Aceh Utara','Kabupaten','Muara Batu'),
(162,21,'Nanggroe Aceh Darussalam (NAD)',11,'Aceh Utara','Kabupaten','Nibong'),
(163,21,'Nanggroe Aceh Darussalam (NAD)',11,'Aceh Utara','Kabupaten','Nisam'),
(164,21,'Nanggroe Aceh Darussalam (NAD)',11,'Aceh Utara','Kabupaten','Nisam Antara'),
(165,21,'Nanggroe Aceh Darussalam (NAD)',11,'Aceh Utara','Kabupaten','Paya Bakong'),
(166,21,'Nanggroe Aceh Darussalam (NAD)',11,'Aceh Utara','Kabupaten','Pirak Timur'),
(167,21,'Nanggroe Aceh Darussalam (NAD)',11,'Aceh Utara','Kabupaten','Samudera'),
(168,21,'Nanggroe Aceh Darussalam (NAD)',11,'Aceh Utara','Kabupaten','Sawang'),
(169,21,'Nanggroe Aceh Darussalam (NAD)',11,'Aceh Utara','Kabupaten','Seunuddon (Seunudon)'),
(170,21,'Nanggroe Aceh Darussalam (NAD)',11,'Aceh Utara','Kabupaten','Simpang Kramat (Keramat)'),
(171,21,'Nanggroe Aceh Darussalam (NAD)',11,'Aceh Utara','Kabupaten','Syamtalira Aron'),
(172,21,'Nanggroe Aceh Darussalam (NAD)',11,'Aceh Utara','Kabupaten','Syamtalira Bayu'),
(173,21,'Nanggroe Aceh Darussalam (NAD)',11,'Aceh Utara','Kabupaten','Tanah Jambo Aye'),
(174,21,'Nanggroe Aceh Darussalam (NAD)',11,'Aceh Utara','Kabupaten','Tanah Luas'),
(175,21,'Nanggroe Aceh Darussalam (NAD)',11,'Aceh Utara','Kabupaten','Tanah Pasir'),
(176,32,'Sumatera Barat',12,'Agam','Kabupaten','Ampek Nagari (IV Nagari )'),
(177,32,'Sumatera Barat',12,'Agam','Kabupaten','Banuhampu'),
(178,32,'Sumatera Barat',12,'Agam','Kabupaten','Baso'),
(179,32,'Sumatera Barat',12,'Agam','Kabupaten','Candung'),
(180,32,'Sumatera Barat',12,'Agam','Kabupaten','IV Angkat Candung (Ampek Angkek)'),
(181,32,'Sumatera Barat',12,'Agam','Kabupaten','IV Koto (Ampek Koto)'),
(182,32,'Sumatera Barat',12,'Agam','Kabupaten','Kamang Magek'),
(183,32,'Sumatera Barat',12,'Agam','Kabupaten','Lubuk Basung'),
(184,32,'Sumatera Barat',12,'Agam','Kabupaten','Malakak'),
(185,32,'Sumatera Barat',12,'Agam','Kabupaten','Matur'),
(186,32,'Sumatera Barat',12,'Agam','Kabupaten','Palembayan'),
(187,32,'Sumatera Barat',12,'Agam','Kabupaten','Palupuh'),
(188,32,'Sumatera Barat',12,'Agam','Kabupaten','Sungai Pua (Puar)'),
(189,32,'Sumatera Barat',12,'Agam','Kabupaten','Tanjung Mutiara'),
(190,32,'Sumatera Barat',12,'Agam','Kabupaten','Tanjung Raya'),
(191,32,'Sumatera Barat',12,'Agam','Kabupaten','Tilatang Kamang'),
(192,23,'Nusa Tenggara Timur (NTT)',13,'Alor','Kabupaten','Alor Barat Daya'),
(193,23,'Nusa Tenggara Timur (NTT)',13,'Alor','Kabupaten','Alor Barat Laut'),
(194,23,'Nusa Tenggara Timur (NTT)',13,'Alor','Kabupaten','Alor Selatan'),
(195,23,'Nusa Tenggara Timur (NTT)',13,'Alor','Kabupaten','Alor Tengah Utara'),
(196,23,'Nusa Tenggara Timur (NTT)',13,'Alor','Kabupaten','Alor Timur'),
(197,23,'Nusa Tenggara Timur (NTT)',13,'Alor','Kabupaten','Alor Timur Laut'),
(198,23,'Nusa Tenggara Timur (NTT)',13,'Alor','Kabupaten','Kabola'),
(199,23,'Nusa Tenggara Timur (NTT)',13,'Alor','Kabupaten','Lembur'),
(200,23,'Nusa Tenggara Timur (NTT)',13,'Alor','Kabupaten','Mataru'),
(201,23,'Nusa Tenggara Timur (NTT)',13,'Alor','Kabupaten','Pantar'),
(202,23,'Nusa Tenggara Timur (NTT)',13,'Alor','Kabupaten','Pantar Barat'),
(203,23,'Nusa Tenggara Timur (NTT)',13,'Alor','Kabupaten','Pantar Barat Laut'),
(204,23,'Nusa Tenggara Timur (NTT)',13,'Alor','Kabupaten','Pantar Tengah'),
(205,23,'Nusa Tenggara Timur (NTT)',13,'Alor','Kabupaten','Pantar Timur'),
(206,23,'Nusa Tenggara Timur (NTT)',13,'Alor','Kabupaten','Pulau Pura'),
(207,23,'Nusa Tenggara Timur (NTT)',13,'Alor','Kabupaten','Pureman'),
(208,23,'Nusa Tenggara Timur (NTT)',13,'Alor','Kabupaten','Teluk Mutiara'),
(209,19,'Maluku',14,'Ambon','Kota','Baguala'),
(210,19,'Maluku',14,'Ambon','Kota','Leitimur Selatan'),
(211,19,'Maluku',14,'Ambon','Kota','Nusaniwe (Nusanive)'),
(212,19,'Maluku',14,'Ambon','Kota','Sirimau'),
(213,19,'Maluku',14,'Ambon','Kota','Teluk Ambon'),
(214,34,'Sumatera Utara',15,'Asahan','Kabupaten','Aek Kuasan'),
(215,34,'Sumatera Utara',15,'Asahan','Kabupaten','Aek Ledong'),
(216,34,'Sumatera Utara',15,'Asahan','Kabupaten','Aek Songsongan'),
(217,34,'Sumatera Utara',15,'Asahan','Kabupaten','Air Batu'),
(218,34,'Sumatera Utara',15,'Asahan','Kabupaten','Air Joman'),
(219,34,'Sumatera Utara',15,'Asahan','Kabupaten','Bandar Pasir Mandoge'),
(220,34,'Sumatera Utara',15,'Asahan','Kabupaten','Bandar Pulau'),
(221,34,'Sumatera Utara',15,'Asahan','Kabupaten','Buntu Pane'),
(222,34,'Sumatera Utara',15,'Asahan','Kabupaten','Kisaran Barat Kota'),
(223,34,'Sumatera Utara',15,'Asahan','Kabupaten','Kisaran Timur Kota'),
(224,34,'Sumatera Utara',15,'Asahan','Kabupaten','Meranti'),
(225,34,'Sumatera Utara',15,'Asahan','Kabupaten','Pulau Rakyat'),
(226,34,'Sumatera Utara',15,'Asahan','Kabupaten','Pulo Bandring'),
(227,34,'Sumatera Utara',15,'Asahan','Kabupaten','Rahuning'),
(228,34,'Sumatera Utara',15,'Asahan','Kabupaten','Rawang Panca Arga'),
(229,34,'Sumatera Utara',15,'Asahan','Kabupaten','Sei Dadap'),
(230,34,'Sumatera Utara',15,'Asahan','Kabupaten','Sei Kepayang'),
(231,34,'Sumatera Utara',15,'Asahan','Kabupaten','Sei Kepayang Barat'),
(232,34,'Sumatera Utara',15,'Asahan','Kabupaten','Sei Kepayang Timur'),
(233,34,'Sumatera Utara',15,'Asahan','Kabupaten','Setia Janji'),
(234,34,'Sumatera Utara',15,'Asahan','Kabupaten','Silau Laut'),
(235,34,'Sumatera Utara',15,'Asahan','Kabupaten','Simpang Empat'),
(236,34,'Sumatera Utara',15,'Asahan','Kabupaten','Tanjung Balai'),
(237,34,'Sumatera Utara',15,'Asahan','Kabupaten','Teluk Dalam'),
(238,34,'Sumatera Utara',15,'Asahan','Kabupaten','Tinggi Raja'),
(239,24,'Papua',16,'Asmat','Kabupaten','Agats'),
(240,24,'Papua',16,'Asmat','Kabupaten','Akat'),
(241,24,'Papua',16,'Asmat','Kabupaten','Atsy / Atsj'),
(242,24,'Papua',16,'Asmat','Kabupaten','Ayip'),
(243,24,'Papua',16,'Asmat','Kabupaten','Betcbamu'),
(244,24,'Papua',16,'Asmat','Kabupaten','Der Koumur'),
(245,24,'Papua',16,'Asmat','Kabupaten','Fayit'),
(246,24,'Papua',16,'Asmat','Kabupaten','Jetsy'),
(247,24,'Papua',16,'Asmat','Kabupaten','Joerat'),
(248,24,'Papua',16,'Asmat','Kabupaten','Kolf Braza'),
(249,24,'Papua',16,'Asmat','Kabupaten','Kopay'),
(250,24,'Papua',16,'Asmat','Kabupaten','Pantai Kasuari'),
(251,24,'Papua',16,'Asmat','Kabupaten','Pulau Tiga'),
(252,24,'Papua',16,'Asmat','Kabupaten','Safan'),
(253,24,'Papua',16,'Asmat','Kabupaten','Sawa Erma'),
(254,24,'Papua',16,'Asmat','Kabupaten','Sirets'),
(255,24,'Papua',16,'Asmat','Kabupaten','Suator'),
(256,24,'Papua',16,'Asmat','Kabupaten','Suru-suru'),
(257,24,'Papua',16,'Asmat','Kabupaten','Unir Sirau'),
(258,1,'Bali',17,'Badung','Kabupaten','Abiansemal'),
(259,1,'Bali',17,'Badung','Kabupaten','Kuta'),
(260,1,'Bali',17,'Badung','Kabupaten','Kuta Selatan'),
(261,1,'Bali',17,'Badung','Kabupaten','Kuta Utara'),
(262,1,'Bali',17,'Badung','Kabupaten','Mengwi'),
(263,1,'Bali',17,'Badung','Kabupaten','Petang'),
(264,13,'Kalimantan Selatan',18,'Balangan','Kabupaten','Awayan'),
(265,13,'Kalimantan Selatan',18,'Balangan','Kabupaten','Batu Mandi'),
(266,13,'Kalimantan Selatan',18,'Balangan','Kabupaten','Halong'),
(267,13,'Kalimantan Selatan',18,'Balangan','Kabupaten','Juai'),
(268,13,'Kalimantan Selatan',18,'Balangan','Kabupaten','Lampihong'),
(269,13,'Kalimantan Selatan',18,'Balangan','Kabupaten','Paringin'),
(270,13,'Kalimantan Selatan',18,'Balangan','Kabupaten','Paringin Selatan'),
(271,13,'Kalimantan Selatan',18,'Balangan','Kabupaten','Tebing Tinggi'),
(272,15,'Kalimantan Timur',19,'Balikpapan','Kota','Balikpapan Barat'),
(273,15,'Kalimantan Timur',19,'Balikpapan','Kota','Balikpapan Kota'),
(274,15,'Kalimantan Timur',19,'Balikpapan','Kota','Balikpapan Selatan'),
(275,15,'Kalimantan Timur',19,'Balikpapan','Kota','Balikpapan Tengah'),
(276,15,'Kalimantan Timur',19,'Balikpapan','Kota','Balikpapan Timur'),
(277,15,'Kalimantan Timur',19,'Balikpapan','Kota','Balikpapan Utara'),
(278,21,'Nanggroe Aceh Darussalam (NAD)',20,'Banda Aceh','Kota','Baiturrahman'),
(279,21,'Nanggroe Aceh Darussalam (NAD)',20,'Banda Aceh','Kota','Banda Raya'),
(280,21,'Nanggroe Aceh Darussalam (NAD)',20,'Banda Aceh','Kota','Jaya Baru'),
(281,21,'Nanggroe Aceh Darussalam (NAD)',20,'Banda Aceh','Kota','Kuta Alam'),
(282,21,'Nanggroe Aceh Darussalam (NAD)',20,'Banda Aceh','Kota','Kuta Raja'),
(283,21,'Nanggroe Aceh Darussalam (NAD)',20,'Banda Aceh','Kota','Lueng Bata'),
(284,21,'Nanggroe Aceh Darussalam (NAD)',20,'Banda Aceh','Kota','Meuraxa'),
(285,21,'Nanggroe Aceh Darussalam (NAD)',20,'Banda Aceh','Kota','Syiah Kuala'),
(286,21,'Nanggroe Aceh Darussalam (NAD)',20,'Banda Aceh','Kota','Ulee Kareng'),
(287,18,'Lampung',21,'Bandar Lampung','Kota','Bumi Waras'),
(288,18,'Lampung',21,'Bandar Lampung','Kota','Enggal'),
(289,18,'Lampung',21,'Bandar Lampung','Kota','Kedamaian'),
(290,18,'Lampung',21,'Bandar Lampung','Kota','Kedaton'),
(291,18,'Lampung',21,'Bandar Lampung','Kota','Kemiling'),
(292,18,'Lampung',21,'Bandar Lampung','Kota','Labuhan Ratu'),
(293,18,'Lampung',21,'Bandar Lampung','Kota','Langkapura'),
(294,18,'Lampung',21,'Bandar Lampung','Kota','Panjang'),
(295,18,'Lampung',21,'Bandar Lampung','Kota','Rajabasa'),
(296,18,'Lampung',21,'Bandar Lampung','Kota','Sukabumi'),
(297,18,'Lampung',21,'Bandar Lampung','Kota','Sukarame'),
(298,18,'Lampung',21,'Bandar Lampung','Kota','Tanjung Karang Barat'),
(299,18,'Lampung',21,'Bandar Lampung','Kota','Tanjung Karang Pusat'),
(300,18,'Lampung',21,'Bandar Lampung','Kota','Tanjung Karang Timur'),
(301,18,'Lampung',21,'Bandar Lampung','Kota','Tanjung Senang'),
(302,18,'Lampung',21,'Bandar Lampung','Kota','Telukbetung Barat'),
(303,18,'Lampung',21,'Bandar Lampung','Kota','Telukbetung Selatan'),
(304,18,'Lampung',21,'Bandar Lampung','Kota','Telukbetung Timur'),
(305,18,'Lampung',21,'Bandar Lampung','Kota','Telukbetung Utara'),
(306,18,'Lampung',21,'Bandar Lampung','Kota','Way Halim'),
(307,9,'Jawa Barat',22,'Bandung','Kabupaten','Arjasari'),
(308,9,'Jawa Barat',22,'Bandung','Kabupaten','Baleendah'),
(309,9,'Jawa Barat',22,'Bandung','Kabupaten','Banjaran'),
(310,9,'Jawa Barat',22,'Bandung','Kabupaten','Bojongsoang'),
(311,9,'Jawa Barat',22,'Bandung','Kabupaten','Cangkuang'),
(312,9,'Jawa Barat',22,'Bandung','Kabupaten','Cicalengka'),
(313,9,'Jawa Barat',22,'Bandung','Kabupaten','Cikancung'),
(314,9,'Jawa Barat',22,'Bandung','Kabupaten','Cilengkrang'),
(315,9,'Jawa Barat',22,'Bandung','Kabupaten','Cileunyi'),
(316,9,'Jawa Barat',22,'Bandung','Kabupaten','Cimaung'),
(317,9,'Jawa Barat',22,'Bandung','Kabupaten','Cimeunyan'),
(318,9,'Jawa Barat',22,'Bandung','Kabupaten','Ciparay'),
(319,9,'Jawa Barat',22,'Bandung','Kabupaten','Ciwidey'),
(320,9,'Jawa Barat',22,'Bandung','Kabupaten','Dayeuhkolot'),
(321,9,'Jawa Barat',22,'Bandung','Kabupaten','Ibun'),
(322,9,'Jawa Barat',22,'Bandung','Kabupaten','Katapang'),
(323,9,'Jawa Barat',22,'Bandung','Kabupaten','Kertasari'),
(324,9,'Jawa Barat',22,'Bandung','Kabupaten','Kutawaringin'),
(325,9,'Jawa Barat',22,'Bandung','Kabupaten','Majalaya'),
(326,9,'Jawa Barat',22,'Bandung','Kabupaten','Margaasih'),
(327,9,'Jawa Barat',22,'Bandung','Kabupaten','Margahayu'),
(328,9,'Jawa Barat',22,'Bandung','Kabupaten','Nagreg'),
(329,9,'Jawa Barat',22,'Bandung','Kabupaten','Pacet'),
(330,9,'Jawa Barat',22,'Bandung','Kabupaten','Pameungpeuk'),
(331,9,'Jawa Barat',22,'Bandung','Kabupaten','Pangalengan'),
(332,9,'Jawa Barat',22,'Bandung','Kabupaten','Paseh'),
(333,9,'Jawa Barat',22,'Bandung','Kabupaten','Pasirjambu'),
(334,9,'Jawa Barat',22,'Bandung','Kabupaten','Ranca Bali'),
(335,9,'Jawa Barat',22,'Bandung','Kabupaten','Rancaekek'),
(336,9,'Jawa Barat',22,'Bandung','Kabupaten','Solokan Jeruk'),
(337,9,'Jawa Barat',22,'Bandung','Kabupaten','Soreang'),
(338,9,'Jawa Barat',23,'Bandung','Kota','Andir'),
(339,9,'Jawa Barat',23,'Bandung','Kota','Antapani (Cicadas)'),
(340,9,'Jawa Barat',23,'Bandung','Kota','Arcamanik'),
(341,9,'Jawa Barat',23,'Bandung','Kota','Astana Anyar'),
(342,9,'Jawa Barat',23,'Bandung','Kota','Babakan Ciparay'),
(343,9,'Jawa Barat',23,'Bandung','Kota','Bandung Kidul'),
(344,9,'Jawa Barat',23,'Bandung','Kota','Bandung Kulon'),
(345,9,'Jawa Barat',23,'Bandung','Kota','Bandung Wetan'),
(346,9,'Jawa Barat',23,'Bandung','Kota','Batununggal'),
(347,9,'Jawa Barat',23,'Bandung','Kota','Bojongloa Kaler'),
(348,9,'Jawa Barat',23,'Bandung','Kota','Bojongloa Kidul'),
(349,9,'Jawa Barat',23,'Bandung','Kota','Buahbatu (Margacinta)'),
(350,9,'Jawa Barat',23,'Bandung','Kota','Cibeunying Kaler'),
(351,9,'Jawa Barat',23,'Bandung','Kota','Cibeunying Kidul'),
(352,9,'Jawa Barat',23,'Bandung','Kota','Cibiru'),
(353,9,'Jawa Barat',23,'Bandung','Kota','Cicendo'),
(354,9,'Jawa Barat',23,'Bandung','Kota','Cidadap'),
(355,9,'Jawa Barat',23,'Bandung','Kota','Cinambo'),
(356,9,'Jawa Barat',23,'Bandung','Kota','Coblong'),
(357,9,'Jawa Barat',23,'Bandung','Kota','Gedebage'),
(358,9,'Jawa Barat',23,'Bandung','Kota','Kiaracondong'),
(359,9,'Jawa Barat',23,'Bandung','Kota','Lengkong'),
(360,9,'Jawa Barat',23,'Bandung','Kota','Mandalajati'),
(361,9,'Jawa Barat',23,'Bandung','Kota','Panyileukan'),
(362,9,'Jawa Barat',23,'Bandung','Kota','Rancasari'),
(363,9,'Jawa Barat',23,'Bandung','Kota','Regol'),
(364,9,'Jawa Barat',23,'Bandung','Kota','Sukajadi'),
(365,9,'Jawa Barat',23,'Bandung','Kota','Sukasari'),
(366,9,'Jawa Barat',23,'Bandung','Kota','Sumur Bandung'),
(367,9,'Jawa Barat',23,'Bandung','Kota','Ujung Berung'),
(368,9,'Jawa Barat',24,'Bandung Barat','Kabupaten','Batujajar'),
(369,9,'Jawa Barat',24,'Bandung Barat','Kabupaten','Cihampelas'),
(370,9,'Jawa Barat',24,'Bandung Barat','Kabupaten','Cikalong Wetan'),
(371,9,'Jawa Barat',24,'Bandung Barat','Kabupaten','Cililin'),
(372,9,'Jawa Barat',24,'Bandung Barat','Kabupaten','Cipatat'),
(373,9,'Jawa Barat',24,'Bandung Barat','Kabupaten','Cipeundeuy'),
(374,9,'Jawa Barat',24,'Bandung Barat','Kabupaten','Cipongkor'),
(375,9,'Jawa Barat',24,'Bandung Barat','Kabupaten','Cisarua'),
(376,9,'Jawa Barat',24,'Bandung Barat','Kabupaten','Gununghalu'),
(377,9,'Jawa Barat',24,'Bandung Barat','Kabupaten','Lembang'),
(378,9,'Jawa Barat',24,'Bandung Barat','Kabupaten','Ngamprah'),
(379,9,'Jawa Barat',24,'Bandung Barat','Kabupaten','Padalarang'),
(380,9,'Jawa Barat',24,'Bandung Barat','Kabupaten','Parongpong'),
(381,9,'Jawa Barat',24,'Bandung Barat','Kabupaten','Rongga'),
(382,9,'Jawa Barat',24,'Bandung Barat','Kabupaten','Saguling'),
(383,9,'Jawa Barat',24,'Bandung Barat','Kabupaten','Sindangkerta'),
(384,29,'Sulawesi Tengah',25,'Banggai','Kabupaten','Balantak'),
(385,29,'Sulawesi Tengah',25,'Banggai','Kabupaten','Balantak Selatan'),
(386,29,'Sulawesi Tengah',25,'Banggai','Kabupaten','Balantak Utara'),
(387,29,'Sulawesi Tengah',25,'Banggai','Kabupaten','Batui'),
(388,29,'Sulawesi Tengah',25,'Banggai','Kabupaten','Batui Selatan'),
(389,29,'Sulawesi Tengah',25,'Banggai','Kabupaten','Bualemo (Boalemo)'),
(390,29,'Sulawesi Tengah',25,'Banggai','Kabupaten','Bunta'),
(391,29,'Sulawesi Tengah',25,'Banggai','Kabupaten','Kintom'),
(392,29,'Sulawesi Tengah',25,'Banggai','Kabupaten','Lamala'),
(393,29,'Sulawesi Tengah',25,'Banggai','Kabupaten','Lobu'),
(394,29,'Sulawesi Tengah',25,'Banggai','Kabupaten','Luwuk'),
(395,29,'Sulawesi Tengah',25,'Banggai','Kabupaten','Luwuk Selatan'),
(396,29,'Sulawesi Tengah',25,'Banggai','Kabupaten','Luwuk Timur'),
(397,29,'Sulawesi Tengah',25,'Banggai','Kabupaten','Luwuk Utara'),
(398,29,'Sulawesi Tengah',25,'Banggai','Kabupaten','Mantoh'),
(399,29,'Sulawesi Tengah',25,'Banggai','Kabupaten','Masama'),
(400,29,'Sulawesi Tengah',25,'Banggai','Kabupaten','Moilong'),
(401,29,'Sulawesi Tengah',25,'Banggai','Kabupaten','Nambo'),
(402,29,'Sulawesi Tengah',25,'Banggai','Kabupaten','Nuhon'),
(403,29,'Sulawesi Tengah',25,'Banggai','Kabupaten','Pagimana'),
(404,29,'Sulawesi Tengah',25,'Banggai','Kabupaten','Simpang Raya'),
(405,29,'Sulawesi Tengah',25,'Banggai','Kabupaten','Toili'),
(406,29,'Sulawesi Tengah',25,'Banggai','Kabupaten','Toili Barat'),
(407,29,'Sulawesi Tengah',26,'Banggai Kepulauan','Kabupaten','Banggai'),
(408,29,'Sulawesi Tengah',26,'Banggai Kepulauan','Kabupaten','Banggai Selatan'),
(409,29,'Sulawesi Tengah',26,'Banggai Kepulauan','Kabupaten','Banggai Tengah'),
(410,29,'Sulawesi Tengah',26,'Banggai Kepulauan','Kabupaten','Banggai Utara'),
(411,29,'Sulawesi Tengah',26,'Banggai Kepulauan','Kabupaten','Bangkurung'),
(412,29,'Sulawesi Tengah',26,'Banggai Kepulauan','Kabupaten','Bokan Kepulauan'),
(413,29,'Sulawesi Tengah',26,'Banggai Kepulauan','Kabupaten','Buko'),
(414,29,'Sulawesi Tengah',26,'Banggai Kepulauan','Kabupaten','Buko Selatan'),
(415,29,'Sulawesi Tengah',26,'Banggai Kepulauan','Kabupaten','Bulagi'),
(416,29,'Sulawesi Tengah',26,'Banggai Kepulauan','Kabupaten','Bulagi Selatan'),
(417,29,'Sulawesi Tengah',26,'Banggai Kepulauan','Kabupaten','Bulagi Utara'),
(418,29,'Sulawesi Tengah',26,'Banggai Kepulauan','Kabupaten','Labobo (Lobangkurung)'),
(419,29,'Sulawesi Tengah',26,'Banggai Kepulauan','Kabupaten','Liang'),
(420,29,'Sulawesi Tengah',26,'Banggai Kepulauan','Kabupaten','Peling Tengah'),
(421,29,'Sulawesi Tengah',26,'Banggai Kepulauan','Kabupaten','Tinangkung'),
(422,29,'Sulawesi Tengah',26,'Banggai Kepulauan','Kabupaten','Tinangkung Selatan'),
(423,29,'Sulawesi Tengah',26,'Banggai Kepulauan','Kabupaten','Tinangkung Utara'),
(424,29,'Sulawesi Tengah',26,'Banggai Kepulauan','Kabupaten','Totikum (Totikung)'),
(425,29,'Sulawesi Tengah',26,'Banggai Kepulauan','Kabupaten','Totikum Selatan'),
(426,2,'Bangka Belitung',27,'Bangka','Kabupaten','Bakam'),
(427,2,'Bangka Belitung',27,'Bangka','Kabupaten','Belinyu'),
(428,2,'Bangka Belitung',27,'Bangka','Kabupaten','Mendo Barat'),
(429,2,'Bangka Belitung',27,'Bangka','Kabupaten','Merawang'),
(430,2,'Bangka Belitung',27,'Bangka','Kabupaten','Pemali'),
(431,2,'Bangka Belitung',27,'Bangka','Kabupaten','Puding Besar'),
(432,2,'Bangka Belitung',27,'Bangka','Kabupaten','Riau Silip'),
(433,2,'Bangka Belitung',27,'Bangka','Kabupaten','Sungai Liat'),
(434,2,'Bangka Belitung',28,'Bangka Barat','Kabupaten','Jebus'),
(435,2,'Bangka Belitung',28,'Bangka Barat','Kabupaten','Kelapa'),
(436,2,'Bangka Belitung',28,'Bangka Barat','Kabupaten','Mentok (Muntok)'),
(437,2,'Bangka Belitung',28,'Bangka Barat','Kabupaten','Parittiga'),
(438,2,'Bangka Belitung',28,'Bangka Barat','Kabupaten','Simpang Teritip'),
(439,2,'Bangka Belitung',28,'Bangka Barat','Kabupaten','Tempilang'),
(440,2,'Bangka Belitung',29,'Bangka Selatan','Kabupaten','Air Gegas'),
(441,2,'Bangka Belitung',29,'Bangka Selatan','Kabupaten','Kepulauan Pongok'),
(442,2,'Bangka Belitung',29,'Bangka Selatan','Kabupaten','Lepar Pongok'),
(443,2,'Bangka Belitung',29,'Bangka Selatan','Kabupaten','Payung'),
(444,2,'Bangka Belitung',29,'Bangka Selatan','Kabupaten','Pulau Besar'),
(445,2,'Bangka Belitung',29,'Bangka Selatan','Kabupaten','Simpang Rimba'),
(446,2,'Bangka Belitung',29,'Bangka Selatan','Kabupaten','Toboali'),
(447,2,'Bangka Belitung',29,'Bangka Selatan','Kabupaten','Tukak Sadai'),
(448,2,'Bangka Belitung',30,'Bangka Tengah','Kabupaten','Koba'),
(449,2,'Bangka Belitung',30,'Bangka Tengah','Kabupaten','Lubuk Besar'),
(450,2,'Bangka Belitung',30,'Bangka Tengah','Kabupaten','Namang'),
(451,2,'Bangka Belitung',30,'Bangka Tengah','Kabupaten','Pangkalan Baru'),
(452,2,'Bangka Belitung',30,'Bangka Tengah','Kabupaten','Simpang Katis'),
(453,2,'Bangka Belitung',30,'Bangka Tengah','Kabupaten','Sungai Selan'),
(454,11,'Jawa Timur',31,'Bangkalan','Kabupaten','Arosbaya'),
(455,11,'Jawa Timur',31,'Bangkalan','Kabupaten','Bangkalan'),
(456,11,'Jawa Timur',31,'Bangkalan','Kabupaten','Blega'),
(457,11,'Jawa Timur',31,'Bangkalan','Kabupaten','Burneh'),
(458,11,'Jawa Timur',31,'Bangkalan','Kabupaten','Galis'),
(459,11,'Jawa Timur',31,'Bangkalan','Kabupaten','Geger'),
(460,11,'Jawa Timur',31,'Bangkalan','Kabupaten','Kamal'),
(461,11,'Jawa Timur',31,'Bangkalan','Kabupaten','Klampis'),
(462,11,'Jawa Timur',31,'Bangkalan','Kabupaten','Kokop'),
(463,11,'Jawa Timur',31,'Bangkalan','Kabupaten','Konang'),
(464,11,'Jawa Timur',31,'Bangkalan','Kabupaten','Kwanyar'),
(465,11,'Jawa Timur',31,'Bangkalan','Kabupaten','Labang'),
(466,11,'Jawa Timur',31,'Bangkalan','Kabupaten','Modung'),
(467,11,'Jawa Timur',31,'Bangkalan','Kabupaten','Sepulu'),
(468,11,'Jawa Timur',31,'Bangkalan','Kabupaten','Socah'),
(469,11,'Jawa Timur',31,'Bangkalan','Kabupaten','Tanah Merah'),
(470,11,'Jawa Timur',31,'Bangkalan','Kabupaten','Tanjungbumi'),
(471,11,'Jawa Timur',31,'Bangkalan','Kabupaten','Tragah'),
(472,1,'Bali',32,'Bangli','Kabupaten','Bangli'),
(473,1,'Bali',32,'Bangli','Kabupaten','Kintamani'),
(474,1,'Bali',32,'Bangli','Kabupaten','Susut'),
(475,1,'Bali',32,'Bangli','Kabupaten','Tembuku'),
(476,13,'Kalimantan Selatan',33,'Banjar','Kabupaten','Aluh-Aluh'),
(477,13,'Kalimantan Selatan',33,'Banjar','Kabupaten','Aranio'),
(478,13,'Kalimantan Selatan',33,'Banjar','Kabupaten','Astambul'),
(479,13,'Kalimantan Selatan',33,'Banjar','Kabupaten','Beruntung Baru'),
(480,13,'Kalimantan Selatan',33,'Banjar','Kabupaten','Gambut'),
(481,13,'Kalimantan Selatan',33,'Banjar','Kabupaten','Karang Intan'),
(482,13,'Kalimantan Selatan',33,'Banjar','Kabupaten','Kertak Hanyar'),
(483,13,'Kalimantan Selatan',33,'Banjar','Kabupaten','Martapura Barat'),
(484,13,'Kalimantan Selatan',33,'Banjar','Kabupaten','Martapura Kota'),
(485,13,'Kalimantan Selatan',33,'Banjar','Kabupaten','Martapura Timur'),
(486,13,'Kalimantan Selatan',33,'Banjar','Kabupaten','Mataraman'),
(487,13,'Kalimantan Selatan',33,'Banjar','Kabupaten','Pengaron'),
(488,13,'Kalimantan Selatan',33,'Banjar','Kabupaten','Peramasan'),
(489,13,'Kalimantan Selatan',33,'Banjar','Kabupaten','Sambung Makmur'),
(490,13,'Kalimantan Selatan',33,'Banjar','Kabupaten','Sei/Sungai Pinang'),
(491,13,'Kalimantan Selatan',33,'Banjar','Kabupaten','Sei/Sungai Tabuk'),
(492,13,'Kalimantan Selatan',33,'Banjar','Kabupaten','Simpang Empat'),
(493,13,'Kalimantan Selatan',33,'Banjar','Kabupaten','Tatah Makmur'),
(494,13,'Kalimantan Selatan',33,'Banjar','Kabupaten','Telaga Bauntung'),
(495,9,'Jawa Barat',34,'Banjar','Kota','Banjar'),
(496,9,'Jawa Barat',34,'Banjar','Kota','Langensari'),
(497,9,'Jawa Barat',34,'Banjar','Kota','Pataruman'),
(498,9,'Jawa Barat',34,'Banjar','Kota','Purwaharja'),
(499,13,'Kalimantan Selatan',35,'Banjarbaru','Kota','Banjar Baru Selatan'),
(500,13,'Kalimantan Selatan',35,'Banjarbaru','Kota','Banjar Baru Utara'),
(501,13,'Kalimantan Selatan',35,'Banjarbaru','Kota','Cempaka'),
(502,13,'Kalimantan Selatan',35,'Banjarbaru','Kota','Landasan Ulin'),
(503,13,'Kalimantan Selatan',35,'Banjarbaru','Kota','Liang Anggang'),
(504,13,'Kalimantan Selatan',36,'Banjarmasin','Kota','Banjarmasin Barat'),
(505,13,'Kalimantan Selatan',36,'Banjarmasin','Kota','Banjarmasin Selatan'),
(506,13,'Kalimantan Selatan',36,'Banjarmasin','Kota','Banjarmasin Tengah'),
(507,13,'Kalimantan Selatan',36,'Banjarmasin','Kota','Banjarmasin Timur'),
(508,13,'Kalimantan Selatan',36,'Banjarmasin','Kota','Banjarmasin Utara'),
(509,10,'Jawa Tengah',37,'Banjarnegara','Kabupaten','Banjarmangu'),
(510,10,'Jawa Tengah',37,'Banjarnegara','Kabupaten','Banjarnegara'),
(511,10,'Jawa Tengah',37,'Banjarnegara','Kabupaten','Batur'),
(512,10,'Jawa Tengah',37,'Banjarnegara','Kabupaten','Bawang'),
(513,10,'Jawa Tengah',37,'Banjarnegara','Kabupaten','Kalibening'),
(514,10,'Jawa Tengah',37,'Banjarnegara','Kabupaten','Karangkobar'),
(515,10,'Jawa Tengah',37,'Banjarnegara','Kabupaten','Madukara'),
(516,10,'Jawa Tengah',37,'Banjarnegara','Kabupaten','Mandiraja'),
(517,10,'Jawa Tengah',37,'Banjarnegara','Kabupaten','Pagedongan'),
(518,10,'Jawa Tengah',37,'Banjarnegara','Kabupaten','Pagentan'),
(519,10,'Jawa Tengah',37,'Banjarnegara','Kabupaten','Pandanarum'),
(520,10,'Jawa Tengah',37,'Banjarnegara','Kabupaten','Pejawaran'),
(521,10,'Jawa Tengah',37,'Banjarnegara','Kabupaten','Punggelan'),
(522,10,'Jawa Tengah',37,'Banjarnegara','Kabupaten','Purwonegoro'),
(523,10,'Jawa Tengah',37,'Banjarnegara','Kabupaten','Purworejo Klampok'),
(524,10,'Jawa Tengah',37,'Banjarnegara','Kabupaten','Rakit'),
(525,10,'Jawa Tengah',37,'Banjarnegara','Kabupaten','Sigaluh'),
(526,10,'Jawa Tengah',37,'Banjarnegara','Kabupaten','Susukan'),
(527,10,'Jawa Tengah',37,'Banjarnegara','Kabupaten','Wanadadi (Wonodadi)'),
(528,10,'Jawa Tengah',37,'Banjarnegara','Kabupaten','Wanayasa'),
(529,28,'Sulawesi Selatan',38,'Bantaeng','Kabupaten','Bantaeng'),
(530,28,'Sulawesi Selatan',38,'Bantaeng','Kabupaten','Bissappu'),
(531,28,'Sulawesi Selatan',38,'Bantaeng','Kabupaten','Eremerasa'),
(532,28,'Sulawesi Selatan',38,'Bantaeng','Kabupaten','Gantarang Keke (Gantareng Keke)'),
(533,28,'Sulawesi Selatan',38,'Bantaeng','Kabupaten','Pajukukang'),
(534,28,'Sulawesi Selatan',38,'Bantaeng','Kabupaten','Sinoa'),
(535,28,'Sulawesi Selatan',38,'Bantaeng','Kabupaten','Tompobulu'),
(536,28,'Sulawesi Selatan',38,'Bantaeng','Kabupaten','Uluere'),
(537,5,'DI Yogyakarta',39,'Bantul','Kabupaten','Bambang Lipuro'),
(538,5,'DI Yogyakarta',39,'Bantul','Kabupaten','Banguntapan'),
(539,5,'DI Yogyakarta',39,'Bantul','Kabupaten','Bantul'),
(540,5,'DI Yogyakarta',39,'Bantul','Kabupaten','Dlingo'),
(541,5,'DI Yogyakarta',39,'Bantul','Kabupaten','Imogiri'),
(542,5,'DI Yogyakarta',39,'Bantul','Kabupaten','Jetis'),
(543,5,'DI Yogyakarta',39,'Bantul','Kabupaten','Kasihan'),
(544,5,'DI Yogyakarta',39,'Bantul','Kabupaten','Kretek'),
(545,5,'DI Yogyakarta',39,'Bantul','Kabupaten','Pajangan'),
(546,5,'DI Yogyakarta',39,'Bantul','Kabupaten','Pandak'),
(547,5,'DI Yogyakarta',39,'Bantul','Kabupaten','Piyungan'),
(548,5,'DI Yogyakarta',39,'Bantul','Kabupaten','Pleret'),
(549,5,'DI Yogyakarta',39,'Bantul','Kabupaten','Pundong'),
(550,5,'DI Yogyakarta',39,'Bantul','Kabupaten','Sanden'),
(551,5,'DI Yogyakarta',39,'Bantul','Kabupaten','Sedayu'),
(552,5,'DI Yogyakarta',39,'Bantul','Kabupaten','Sewon'),
(553,5,'DI Yogyakarta',39,'Bantul','Kabupaten','Srandakan'),
(554,33,'Sumatera Selatan',40,'Banyuasin','Kabupaten','Air Kumbang'),
(555,33,'Sumatera Selatan',40,'Banyuasin','Kabupaten','Air Salek'),
(556,33,'Sumatera Selatan',40,'Banyuasin','Kabupaten','Banyuasin I'),
(557,33,'Sumatera Selatan',40,'Banyuasin','Kabupaten','Banyuasin II'),
(558,33,'Sumatera Selatan',40,'Banyuasin','Kabupaten','Banyuasin III'),
(559,33,'Sumatera Selatan',40,'Banyuasin','Kabupaten','Betung'),
(560,33,'Sumatera Selatan',40,'Banyuasin','Kabupaten','Makarti Jaya'),
(561,33,'Sumatera Selatan',40,'Banyuasin','Kabupaten','Muara Padang'),
(562,33,'Sumatera Selatan',40,'Banyuasin','Kabupaten','Muara Sugihan'),
(563,33,'Sumatera Selatan',40,'Banyuasin','Kabupaten','Muara Telang'),
(564,33,'Sumatera Selatan',40,'Banyuasin','Kabupaten','Pulau Rimau'),
(565,33,'Sumatera Selatan',40,'Banyuasin','Kabupaten','Rambutan'),
(566,33,'Sumatera Selatan',40,'Banyuasin','Kabupaten','Rantau Bayur'),
(567,33,'Sumatera Selatan',40,'Banyuasin','Kabupaten','Sembawa'),
(568,33,'Sumatera Selatan',40,'Banyuasin','Kabupaten','Suak Tapeh'),
(569,33,'Sumatera Selatan',40,'Banyuasin','Kabupaten','Sumber Marga Telang'),
(570,33,'Sumatera Selatan',40,'Banyuasin','Kabupaten','Talang Kelapa'),
(571,33,'Sumatera Selatan',40,'Banyuasin','Kabupaten','Tanjung Lago'),
(572,33,'Sumatera Selatan',40,'Banyuasin','Kabupaten','Tungkal Ilir'),
(573,10,'Jawa Tengah',41,'Banyumas','Kabupaten','Ajibarang'),
(574,10,'Jawa Tengah',41,'Banyumas','Kabupaten','Banyumas'),
(575,10,'Jawa Tengah',41,'Banyumas','Kabupaten','Baturaden'),
(576,10,'Jawa Tengah',41,'Banyumas','Kabupaten','Cilongok'),
(577,10,'Jawa Tengah',41,'Banyumas','Kabupaten','Gumelar'),
(578,10,'Jawa Tengah',41,'Banyumas','Kabupaten','Jatilawang'),
(579,10,'Jawa Tengah',41,'Banyumas','Kabupaten','Kalibagor'),
(580,10,'Jawa Tengah',41,'Banyumas','Kabupaten','Karanglewas'),
(581,10,'Jawa Tengah',41,'Banyumas','Kabupaten','Kebasen'),
(582,10,'Jawa Tengah',41,'Banyumas','Kabupaten','Kedung Banteng'),
(583,10,'Jawa Tengah',41,'Banyumas','Kabupaten','Kembaran'),
(584,10,'Jawa Tengah',41,'Banyumas','Kabupaten','Kemranjen'),
(585,10,'Jawa Tengah',41,'Banyumas','Kabupaten','Lumbir'),
(586,10,'Jawa Tengah',41,'Banyumas','Kabupaten','Patikraja'),
(587,10,'Jawa Tengah',41,'Banyumas','Kabupaten','Pekuncen'),
(588,10,'Jawa Tengah',41,'Banyumas','Kabupaten','Purwojati'),
(589,10,'Jawa Tengah',41,'Banyumas','Kabupaten','Purwokerto Barat'),
(590,10,'Jawa Tengah',41,'Banyumas','Kabupaten','Purwokerto Selatan'),
(591,10,'Jawa Tengah',41,'Banyumas','Kabupaten','Purwokerto Timur'),
(592,10,'Jawa Tengah',41,'Banyumas','Kabupaten','Purwokerto Utara'),
(593,10,'Jawa Tengah',41,'Banyumas','Kabupaten','Rawalo'),
(594,10,'Jawa Tengah',41,'Banyumas','Kabupaten','Sokaraja'),
(595,10,'Jawa Tengah',41,'Banyumas','Kabupaten','Somagede'),
(596,10,'Jawa Tengah',41,'Banyumas','Kabupaten','Sumbang'),
(597,10,'Jawa Tengah',41,'Banyumas','Kabupaten','Sumpiuh'),
(598,10,'Jawa Tengah',41,'Banyumas','Kabupaten','Tambak'),
(599,10,'Jawa Tengah',41,'Banyumas','Kabupaten','Wangon'),
(600,11,'Jawa Timur',42,'Banyuwangi','Kabupaten','Bangorejo'),
(601,11,'Jawa Timur',42,'Banyuwangi','Kabupaten','Banyuwangi'),
(602,11,'Jawa Timur',42,'Banyuwangi','Kabupaten','Cluring'),
(603,11,'Jawa Timur',42,'Banyuwangi','Kabupaten','Gambiran'),
(604,11,'Jawa Timur',42,'Banyuwangi','Kabupaten','Genteng'),
(605,11,'Jawa Timur',42,'Banyuwangi','Kabupaten','Giri'),
(606,11,'Jawa Timur',42,'Banyuwangi','Kabupaten','Glagah'),
(607,11,'Jawa Timur',42,'Banyuwangi','Kabupaten','Glenmore'),
(608,11,'Jawa Timur',42,'Banyuwangi','Kabupaten','Kabat'),
(609,11,'Jawa Timur',42,'Banyuwangi','Kabupaten','Kalibaru'),
(610,11,'Jawa Timur',42,'Banyuwangi','Kabupaten','Kalipuro'),
(611,11,'Jawa Timur',42,'Banyuwangi','Kabupaten','Licin'),
(612,11,'Jawa Timur',42,'Banyuwangi','Kabupaten','Muncar'),
(613,11,'Jawa Timur',42,'Banyuwangi','Kabupaten','Pesanggaran'),
(614,11,'Jawa Timur',42,'Banyuwangi','Kabupaten','Purwoharjo'),
(615,11,'Jawa Timur',42,'Banyuwangi','Kabupaten','Rogojampi'),
(616,11,'Jawa Timur',42,'Banyuwangi','Kabupaten','Sempu'),
(617,11,'Jawa Timur',42,'Banyuwangi','Kabupaten','Siliragung'),
(618,11,'Jawa Timur',42,'Banyuwangi','Kabupaten','Singojuruh'),
(619,11,'Jawa Timur',42,'Banyuwangi','Kabupaten','Songgon'),
(620,11,'Jawa Timur',42,'Banyuwangi','Kabupaten','Srono'),
(621,11,'Jawa Timur',42,'Banyuwangi','Kabupaten','Tegaldlimo'),
(622,11,'Jawa Timur',42,'Banyuwangi','Kabupaten','Tegalsari'),
(623,11,'Jawa Timur',42,'Banyuwangi','Kabupaten','Wongsorejo'),
(624,13,'Kalimantan Selatan',43,'Barito Kuala','Kabupaten','Alalak'),
(625,13,'Kalimantan Selatan',43,'Barito Kuala','Kabupaten','Anjir Muara'),
(626,13,'Kalimantan Selatan',43,'Barito Kuala','Kabupaten','Anjir Pasar'),
(627,13,'Kalimantan Selatan',43,'Barito Kuala','Kabupaten','Bakumpai'),
(628,13,'Kalimantan Selatan',43,'Barito Kuala','Kabupaten','Barambai'),
(629,13,'Kalimantan Selatan',43,'Barito Kuala','Kabupaten','Belawang'),
(630,13,'Kalimantan Selatan',43,'Barito Kuala','Kabupaten','Cerbon'),
(631,13,'Kalimantan Selatan',43,'Barito Kuala','Kabupaten','Jejangkit'),
(632,13,'Kalimantan Selatan',43,'Barito Kuala','Kabupaten','Kuripan'),
(633,13,'Kalimantan Selatan',43,'Barito Kuala','Kabupaten','Mandastana'),
(634,13,'Kalimantan Selatan',43,'Barito Kuala','Kabupaten','Marabahan'),
(635,13,'Kalimantan Selatan',43,'Barito Kuala','Kabupaten','Mekar Sari'),
(636,13,'Kalimantan Selatan',43,'Barito Kuala','Kabupaten','Rantau Badauh'),
(637,13,'Kalimantan Selatan',43,'Barito Kuala','Kabupaten','Tabukan'),
(638,13,'Kalimantan Selatan',43,'Barito Kuala','Kabupaten','Tabunganen'),
(639,13,'Kalimantan Selatan',43,'Barito Kuala','Kabupaten','Tamban'),
(640,13,'Kalimantan Selatan',43,'Barito Kuala','Kabupaten','Wanaraya'),
(641,14,'Kalimantan Tengah',44,'Barito Selatan','Kabupaten','Dusun Hilir'),
(642,14,'Kalimantan Tengah',44,'Barito Selatan','Kabupaten','Dusun Selatan'),
(643,14,'Kalimantan Tengah',44,'Barito Selatan','Kabupaten','Dusun Utara'),
(644,14,'Kalimantan Tengah',44,'Barito Selatan','Kabupaten','Gunung Bintang Awai'),
(645,14,'Kalimantan Tengah',44,'Barito Selatan','Kabupaten','Jenamas'),
(646,14,'Kalimantan Tengah',44,'Barito Selatan','Kabupaten','Karau Kuala'),
(647,14,'Kalimantan Tengah',45,'Barito Timur','Kabupaten','Awang'),
(648,14,'Kalimantan Tengah',45,'Barito Timur','Kabupaten','Benua Lima'),
(649,14,'Kalimantan Tengah',45,'Barito Timur','Kabupaten','Dusun Tengah'),
(650,14,'Kalimantan Tengah',45,'Barito Timur','Kabupaten','Dusun Timur'),
(651,14,'Kalimantan Tengah',45,'Barito Timur','Kabupaten','Karusen Janang'),
(652,14,'Kalimantan Tengah',45,'Barito Timur','Kabupaten','Paju Epat'),
(653,14,'Kalimantan Tengah',45,'Barito Timur','Kabupaten','Paku'),
(654,14,'Kalimantan Tengah',45,'Barito Timur','Kabupaten','Patangkep Tutui'),
(655,14,'Kalimantan Tengah',45,'Barito Timur','Kabupaten','Pematang Karau'),
(656,14,'Kalimantan Tengah',45,'Barito Timur','Kabupaten','Raren Batuah'),
(657,14,'Kalimantan Tengah',46,'Barito Utara','Kabupaten','Gunung Purei'),
(658,14,'Kalimantan Tengah',46,'Barito Utara','Kabupaten','Gunung Timang'),
(659,14,'Kalimantan Tengah',46,'Barito Utara','Kabupaten','Lahei'),
(660,14,'Kalimantan Tengah',46,'Barito Utara','Kabupaten','Lahei Barat'),
(661,14,'Kalimantan Tengah',46,'Barito Utara','Kabupaten','Montallat (Montalat)'),
(662,14,'Kalimantan Tengah',46,'Barito Utara','Kabupaten','Teweh Baru'),
(663,14,'Kalimantan Tengah',46,'Barito Utara','Kabupaten','Teweh Selatan'),
(664,14,'Kalimantan Tengah',46,'Barito Utara','Kabupaten','Teweh Tengah'),
(665,14,'Kalimantan Tengah',46,'Barito Utara','Kabupaten','Teweh Timur'),
(666,28,'Sulawesi Selatan',47,'Barru','Kabupaten','Balusu'),
(667,28,'Sulawesi Selatan',47,'Barru','Kabupaten','Barru'),
(668,28,'Sulawesi Selatan',47,'Barru','Kabupaten','Mallusetasi'),
(669,28,'Sulawesi Selatan',47,'Barru','Kabupaten','Pujananting'),
(670,28,'Sulawesi Selatan',47,'Barru','Kabupaten','Soppeng Riaja'),
(671,28,'Sulawesi Selatan',47,'Barru','Kabupaten','Tanete Riaja'),
(672,28,'Sulawesi Selatan',47,'Barru','Kabupaten','Tanete Rilau'),
(673,17,'Kepulauan Riau',48,'Batam','Kota','Batam Kota'),
(674,17,'Kepulauan Riau',48,'Batam','Kota','Batu Aji'),
(675,17,'Kepulauan Riau',48,'Batam','Kota','Batu Ampar'),
(676,17,'Kepulauan Riau',48,'Batam','Kota','Belakang Padang'),
(677,17,'Kepulauan Riau',48,'Batam','Kota','Bengkong'),
(678,17,'Kepulauan Riau',48,'Batam','Kota','Bulang'),
(679,17,'Kepulauan Riau',48,'Batam','Kota','Galang'),
(680,17,'Kepulauan Riau',48,'Batam','Kota','Lubuk Baja'),
(681,17,'Kepulauan Riau',48,'Batam','Kota','Nongsa'),
(682,17,'Kepulauan Riau',48,'Batam','Kota','Sagulung'),
(683,17,'Kepulauan Riau',48,'Batam','Kota','Sei/Sungai Beduk'),
(684,17,'Kepulauan Riau',48,'Batam','Kota','Sekupang'),
(685,10,'Jawa Tengah',49,'Batang','Kabupaten','Bandar'),
(686,10,'Jawa Tengah',49,'Batang','Kabupaten','Banyuputih'),
(687,10,'Jawa Tengah',49,'Batang','Kabupaten','Batang'),
(688,10,'Jawa Tengah',49,'Batang','Kabupaten','Bawang'),
(689,10,'Jawa Tengah',49,'Batang','Kabupaten','Blado'),
(690,10,'Jawa Tengah',49,'Batang','Kabupaten','Gringsing'),
(691,10,'Jawa Tengah',49,'Batang','Kabupaten','Kandeman'),
(692,10,'Jawa Tengah',49,'Batang','Kabupaten','Limpung'),
(693,10,'Jawa Tengah',49,'Batang','Kabupaten','Pecalungan'),
(694,10,'Jawa Tengah',49,'Batang','Kabupaten','Reban'),
(695,10,'Jawa Tengah',49,'Batang','Kabupaten','Subah'),
(696,10,'Jawa Tengah',49,'Batang','Kabupaten','Tersono'),
(697,10,'Jawa Tengah',49,'Batang','Kabupaten','Tulis'),
(698,10,'Jawa Tengah',49,'Batang','Kabupaten','Warungasem'),
(699,10,'Jawa Tengah',49,'Batang','Kabupaten','Wonotunggal'),
(700,8,'Jambi',50,'Batang Hari','Kabupaten','Bajubang'),
(701,8,'Jambi',50,'Batang Hari','Kabupaten','Batin XXIV'),
(702,8,'Jambi',50,'Batang Hari','Kabupaten','Maro Sebo Ilir'),
(703,8,'Jambi',50,'Batang Hari','Kabupaten','Maro Sebo Ulu'),
(704,8,'Jambi',50,'Batang Hari','Kabupaten','Mersam'),
(705,8,'Jambi',50,'Batang Hari','Kabupaten','Muara Bulian'),
(706,8,'Jambi',50,'Batang Hari','Kabupaten','Muara Tembesi'),
(707,8,'Jambi',50,'Batang Hari','Kabupaten','Pemayung'),
(708,11,'Jawa Timur',51,'Batu','Kota','Batu'),
(709,11,'Jawa Timur',51,'Batu','Kota','Bumiaji'),
(710,11,'Jawa Timur',51,'Batu','Kota','Junrejo'),
(711,34,'Sumatera Utara',52,'Batu Bara','Kabupaten','Air Putih'),
(712,34,'Sumatera Utara',52,'Batu Bara','Kabupaten','Limapuluh'),
(713,34,'Sumatera Utara',52,'Batu Bara','Kabupaten','Medang Deras'),
(714,34,'Sumatera Utara',52,'Batu Bara','Kabupaten','Sei Balai'),
(715,34,'Sumatera Utara',52,'Batu Bara','Kabupaten','Sei Suka'),
(716,34,'Sumatera Utara',52,'Batu Bara','Kabupaten','Talawi'),
(717,34,'Sumatera Utara',52,'Batu Bara','Kabupaten','Tanjung Tiram'),
(718,30,'Sulawesi Tenggara',53,'Bau-Bau','Kota','Batupoaro'),
(719,30,'Sulawesi Tenggara',53,'Bau-Bau','Kota','Betoambari'),
(720,30,'Sulawesi Tenggara',53,'Bau-Bau','Kota','Bungi'),
(721,30,'Sulawesi Tenggara',53,'Bau-Bau','Kota','Kokalukuna'),
(722,30,'Sulawesi Tenggara',53,'Bau-Bau','Kota','Lea-Lea'),
(723,30,'Sulawesi Tenggara',53,'Bau-Bau','Kota','Murhum'),
(724,30,'Sulawesi Tenggara',53,'Bau-Bau','Kota','Sora Walio (Sorowalio)'),
(725,30,'Sulawesi Tenggara',53,'Bau-Bau','Kota','Wolio'),
(726,9,'Jawa Barat',54,'Bekasi','Kabupaten','Babelan'),
(727,9,'Jawa Barat',54,'Bekasi','Kabupaten','Bojongmangu'),
(728,9,'Jawa Barat',54,'Bekasi','Kabupaten','Cabangbungin'),
(729,9,'Jawa Barat',54,'Bekasi','Kabupaten','Cibarusah'),
(730,9,'Jawa Barat',54,'Bekasi','Kabupaten','Cibitung'),
(731,9,'Jawa Barat',54,'Bekasi','Kabupaten','Cikarang Barat'),
(732,9,'Jawa Barat',54,'Bekasi','Kabupaten','Cikarang Pusat'),
(733,9,'Jawa Barat',54,'Bekasi','Kabupaten','Cikarang Selatan'),
(734,9,'Jawa Barat',54,'Bekasi','Kabupaten','Cikarang Timur'),
(735,9,'Jawa Barat',54,'Bekasi','Kabupaten','Cikarang Utara'),
(736,9,'Jawa Barat',54,'Bekasi','Kabupaten','Karangbahagia'),
(737,9,'Jawa Barat',54,'Bekasi','Kabupaten','Kedung Waringin'),
(738,9,'Jawa Barat',54,'Bekasi','Kabupaten','Muara Gembong'),
(739,9,'Jawa Barat',54,'Bekasi','Kabupaten','Pebayuran'),
(740,9,'Jawa Barat',54,'Bekasi','Kabupaten','Serang Baru'),
(741,9,'Jawa Barat',54,'Bekasi','Kabupaten','Setu'),
(742,9,'Jawa Barat',54,'Bekasi','Kabupaten','Sukakarya'),
(743,9,'Jawa Barat',54,'Bekasi','Kabupaten','Sukatani'),
(744,9,'Jawa Barat',54,'Bekasi','Kabupaten','Sukawangi'),
(745,9,'Jawa Barat',54,'Bekasi','Kabupaten','Tambelang'),
(746,9,'Jawa Barat',54,'Bekasi','Kabupaten','Tambun Selatan'),
(747,9,'Jawa Barat',54,'Bekasi','Kabupaten','Tambun Utara'),
(748,9,'Jawa Barat',54,'Bekasi','Kabupaten','Tarumajaya'),
(749,9,'Jawa Barat',55,'Bekasi','Kota','Bantar Gebang'),
(750,9,'Jawa Barat',55,'Bekasi','Kota','Bekasi Barat'),
(751,9,'Jawa Barat',55,'Bekasi','Kota','Bekasi Selatan'),
(752,9,'Jawa Barat',55,'Bekasi','Kota','Bekasi Timur'),
(753,9,'Jawa Barat',55,'Bekasi','Kota','Bekasi Utara'),
(754,9,'Jawa Barat',55,'Bekasi','Kota','Jati Sampurna'),
(755,9,'Jawa Barat',55,'Bekasi','Kota','Jatiasih'),
(756,9,'Jawa Barat',55,'Bekasi','Kota','Medan Satria'),
(757,9,'Jawa Barat',55,'Bekasi','Kota','Mustika Jaya'),
(758,9,'Jawa Barat',55,'Bekasi','Kota','Pondok Gede'),
(759,9,'Jawa Barat',55,'Bekasi','Kota','Pondok Melati'),
(760,9,'Jawa Barat',55,'Bekasi','Kota','Rawalumbu'),
(761,2,'Bangka Belitung',56,'Belitung','Kabupaten','Badau'),
(762,2,'Bangka Belitung',56,'Belitung','Kabupaten','Membalong'),
(763,2,'Bangka Belitung',56,'Belitung','Kabupaten','Selat Nasik'),
(764,2,'Bangka Belitung',56,'Belitung','Kabupaten','Sijuk'),
(765,2,'Bangka Belitung',56,'Belitung','Kabupaten','Tanjung Pandan'),
(766,2,'Bangka Belitung',57,'Belitung Timur','Kabupaten','Damar'),
(767,2,'Bangka Belitung',57,'Belitung Timur','Kabupaten','Dendang'),
(768,2,'Bangka Belitung',57,'Belitung Timur','Kabupaten','Gantung'),
(769,2,'Bangka Belitung',57,'Belitung Timur','Kabupaten','Kelapa Kampit'),
(770,2,'Bangka Belitung',57,'Belitung Timur','Kabupaten','Manggar'),
(771,2,'Bangka Belitung',57,'Belitung Timur','Kabupaten','Simpang Pesak'),
(772,2,'Bangka Belitung',57,'Belitung Timur','Kabupaten','Simpang Renggiang'),
(773,23,'Nusa Tenggara Timur (NTT)',58,'Belu','Kabupaten','Atambua Barat'),
(774,23,'Nusa Tenggara Timur (NTT)',58,'Belu','Kabupaten','Atambua Kota'),
(775,23,'Nusa Tenggara Timur (NTT)',58,'Belu','Kabupaten','Atambua Selatan'),
(776,23,'Nusa Tenggara Timur (NTT)',58,'Belu','Kabupaten','Botin Leo Bele'),
(777,23,'Nusa Tenggara Timur (NTT)',58,'Belu','Kabupaten','Io Kufeu'),
(778,23,'Nusa Tenggara Timur (NTT)',58,'Belu','Kabupaten','Kakuluk Mesak'),
(779,23,'Nusa Tenggara Timur (NTT)',58,'Belu','Kabupaten','Kobalima'),
(780,23,'Nusa Tenggara Timur (NTT)',58,'Belu','Kabupaten','Kobalima Timur'),
(781,23,'Nusa Tenggara Timur (NTT)',58,'Belu','Kabupaten','Laen Manen'),
(782,23,'Nusa Tenggara Timur (NTT)',58,'Belu','Kabupaten','Lamaknen'),
(783,23,'Nusa Tenggara Timur (NTT)',58,'Belu','Kabupaten','Lamaknen Selatan'),
(784,23,'Nusa Tenggara Timur (NTT)',58,'Belu','Kabupaten','Lasiolat'),
(785,23,'Nusa Tenggara Timur (NTT)',58,'Belu','Kabupaten','Malaka Barat'),
(786,23,'Nusa Tenggara Timur (NTT)',58,'Belu','Kabupaten','Malaka Tengah'),
(787,23,'Nusa Tenggara Timur (NTT)',58,'Belu','Kabupaten','Malaka Timur'),
(788,23,'Nusa Tenggara Timur (NTT)',58,'Belu','Kabupaten','Nanaet Duabesi'),
(789,23,'Nusa Tenggara Timur (NTT)',58,'Belu','Kabupaten','Raihat'),
(790,23,'Nusa Tenggara Timur (NTT)',58,'Belu','Kabupaten','Raimanuk'),
(791,23,'Nusa Tenggara Timur (NTT)',58,'Belu','Kabupaten','Rinhat'),
(792,23,'Nusa Tenggara Timur (NTT)',58,'Belu','Kabupaten','Sasitamean'),
(793,23,'Nusa Tenggara Timur (NTT)',58,'Belu','Kabupaten','Tasifeto Barat'),
(794,23,'Nusa Tenggara Timur (NTT)',58,'Belu','Kabupaten','Tasifeto Timur'),
(795,23,'Nusa Tenggara Timur (NTT)',58,'Belu','Kabupaten','Weliman'),
(796,23,'Nusa Tenggara Timur (NTT)',58,'Belu','Kabupaten','Wewiku'),
(797,21,'Nanggroe Aceh Darussalam (NAD)',59,'Bener Meriah','Kabupaten','Bandar'),
(798,21,'Nanggroe Aceh Darussalam (NAD)',59,'Bener Meriah','Kabupaten','Bener Kelipah'),
(799,21,'Nanggroe Aceh Darussalam (NAD)',59,'Bener Meriah','Kabupaten','Bukit'),
(800,21,'Nanggroe Aceh Darussalam (NAD)',59,'Bener Meriah','Kabupaten','Gajah Putih'),
(801,21,'Nanggroe Aceh Darussalam (NAD)',59,'Bener Meriah','Kabupaten','Mesidah'),
(802,21,'Nanggroe Aceh Darussalam (NAD)',59,'Bener Meriah','Kabupaten','Permata'),
(803,21,'Nanggroe Aceh Darussalam (NAD)',59,'Bener Meriah','Kabupaten','Pintu Rime Gayo'),
(804,21,'Nanggroe Aceh Darussalam (NAD)',59,'Bener Meriah','Kabupaten','Syiah Utama'),
(805,21,'Nanggroe Aceh Darussalam (NAD)',59,'Bener Meriah','Kabupaten','Timang Gajah'),
(806,21,'Nanggroe Aceh Darussalam (NAD)',59,'Bener Meriah','Kabupaten','Wih Pesam'),
(807,26,'Riau',60,'Bengkalis','Kabupaten','Bantan'),
(808,26,'Riau',60,'Bengkalis','Kabupaten','Bengkalis'),
(809,26,'Riau',60,'Bengkalis','Kabupaten','Bukit Batu'),
(810,26,'Riau',60,'Bengkalis','Kabupaten','Mandau'),
(811,26,'Riau',60,'Bengkalis','Kabupaten','Pinggir'),
(812,26,'Riau',60,'Bengkalis','Kabupaten','Rupat'),
(813,26,'Riau',60,'Bengkalis','Kabupaten','Rupat Utara'),
(814,26,'Riau',60,'Bengkalis','Kabupaten','Siak Kecil'),
(815,12,'Kalimantan Barat',61,'Bengkayang','Kabupaten','Bengkayang'),
(816,12,'Kalimantan Barat',61,'Bengkayang','Kabupaten','Capkala'),
(817,12,'Kalimantan Barat',61,'Bengkayang','Kabupaten','Jagoi Babang'),
(818,12,'Kalimantan Barat',61,'Bengkayang','Kabupaten','Ledo'),
(819,12,'Kalimantan Barat',61,'Bengkayang','Kabupaten','Lembah Bawang'),
(820,12,'Kalimantan Barat',61,'Bengkayang','Kabupaten','Lumar'),
(821,12,'Kalimantan Barat',61,'Bengkayang','Kabupaten','Monterado'),
(822,12,'Kalimantan Barat',61,'Bengkayang','Kabupaten','Samalantan'),
(823,12,'Kalimantan Barat',61,'Bengkayang','Kabupaten','Sanggau Ledo'),
(824,12,'Kalimantan Barat',61,'Bengkayang','Kabupaten','Seluas'),
(825,12,'Kalimantan Barat',61,'Bengkayang','Kabupaten','Siding'),
(826,12,'Kalimantan Barat',61,'Bengkayang','Kabupaten','Sungai Betung'),
(827,12,'Kalimantan Barat',61,'Bengkayang','Kabupaten','Sungai Raya'),
(828,12,'Kalimantan Barat',61,'Bengkayang','Kabupaten','Sungai Raya Kepulauan'),
(829,12,'Kalimantan Barat',61,'Bengkayang','Kabupaten','Suti Semarang'),
(830,12,'Kalimantan Barat',61,'Bengkayang','Kabupaten','Teriak'),
(831,12,'Kalimantan Barat',61,'Bengkayang','Kabupaten','Tujuh Belas'),
(832,4,'Bengkulu',62,'Bengkulu','Kota','Gading Cempaka'),
(833,4,'Bengkulu',62,'Bengkulu','Kota','Kampung Melayu'),
(834,4,'Bengkulu',62,'Bengkulu','Kota','Muara Bangka Hulu'),
(835,4,'Bengkulu',62,'Bengkulu','Kota','Ratu Agung'),
(836,4,'Bengkulu',62,'Bengkulu','Kota','Ratu Samban'),
(837,4,'Bengkulu',62,'Bengkulu','Kota','Selebar'),
(838,4,'Bengkulu',62,'Bengkulu','Kota','Singaran Pati'),
(839,4,'Bengkulu',62,'Bengkulu','Kota','Sungai Serut'),
(840,4,'Bengkulu',62,'Bengkulu','Kota','Teluk Segara'),
(841,4,'Bengkulu',63,'Bengkulu Selatan','Kabupaten','Air Nipis'),
(842,4,'Bengkulu',63,'Bengkulu Selatan','Kabupaten','Bunga Mas'),
(843,4,'Bengkulu',63,'Bengkulu Selatan','Kabupaten','Kedurang'),
(844,4,'Bengkulu',63,'Bengkulu Selatan','Kabupaten','Kedurang Ilir'),
(845,4,'Bengkulu',63,'Bengkulu Selatan','Kabupaten','Kota Manna'),
(846,4,'Bengkulu',63,'Bengkulu Selatan','Kabupaten','Manna'),
(847,4,'Bengkulu',63,'Bengkulu Selatan','Kabupaten','Pasar Manna'),
(848,4,'Bengkulu',63,'Bengkulu Selatan','Kabupaten','Pino'),
(849,4,'Bengkulu',63,'Bengkulu Selatan','Kabupaten','Pinoraya'),
(850,4,'Bengkulu',63,'Bengkulu Selatan','Kabupaten','Seginim'),
(851,4,'Bengkulu',63,'Bengkulu Selatan','Kabupaten','Ulu Manna'),
(852,4,'Bengkulu',64,'Bengkulu Tengah','Kabupaten','Bang Haji'),
(853,4,'Bengkulu',64,'Bengkulu Tengah','Kabupaten','Karang Tinggi'),
(854,4,'Bengkulu',64,'Bengkulu Tengah','Kabupaten','Merigi Kelindang'),
(855,4,'Bengkulu',64,'Bengkulu Tengah','Kabupaten','Merigi Sakti'),
(856,4,'Bengkulu',64,'Bengkulu Tengah','Kabupaten','Pagar Jati'),
(857,4,'Bengkulu',64,'Bengkulu Tengah','Kabupaten','Pematang Tiga'),
(858,4,'Bengkulu',64,'Bengkulu Tengah','Kabupaten','Pondok Kelapa'),
(859,4,'Bengkulu',64,'Bengkulu Tengah','Kabupaten','Pondok Kubang'),
(860,4,'Bengkulu',64,'Bengkulu Tengah','Kabupaten','Taba Penanjung'),
(861,4,'Bengkulu',64,'Bengkulu Tengah','Kabupaten','Talang Empat'),
(862,4,'Bengkulu',65,'Bengkulu Utara','Kabupaten','Air Besi'),
(863,4,'Bengkulu',65,'Bengkulu Utara','Kabupaten','Air Napal'),
(864,4,'Bengkulu',65,'Bengkulu Utara','Kabupaten','Air Padang'),
(865,4,'Bengkulu',65,'Bengkulu Utara','Kabupaten','Arga Makmur'),
(866,4,'Bengkulu',65,'Bengkulu Utara','Kabupaten','Arma Jaya'),
(867,4,'Bengkulu',65,'Bengkulu Utara','Kabupaten','Batik Nau'),
(868,4,'Bengkulu',65,'Bengkulu Utara','Kabupaten','Enggano'),
(869,4,'Bengkulu',65,'Bengkulu Utara','Kabupaten','Giri Mulia'),
(870,4,'Bengkulu',65,'Bengkulu Utara','Kabupaten','Hulu Palik'),
(871,4,'Bengkulu',65,'Bengkulu Utara','Kabupaten','Kerkap'),
(872,4,'Bengkulu',65,'Bengkulu Utara','Kabupaten','Ketahun'),
(873,4,'Bengkulu',65,'Bengkulu Utara','Kabupaten','Lais'),
(874,4,'Bengkulu',65,'Bengkulu Utara','Kabupaten','Napal Putih'),
(875,4,'Bengkulu',65,'Bengkulu Utara','Kabupaten','Padang Jaya'),
(876,4,'Bengkulu',65,'Bengkulu Utara','Kabupaten','Putri Hijau'),
(877,4,'Bengkulu',65,'Bengkulu Utara','Kabupaten','Tanjung Agung Palik'),
(878,4,'Bengkulu',65,'Bengkulu Utara','Kabupaten','Ulok Kupai'),
(879,15,'Kalimantan Timur',66,'Berau','Kabupaten','Batu Putih'),
(880,15,'Kalimantan Timur',66,'Berau','Kabupaten','Biatan'),
(881,15,'Kalimantan Timur',66,'Berau','Kabupaten','Biduk-Biduk'),
(882,15,'Kalimantan Timur',66,'Berau','Kabupaten','Derawan (Pulau Derawan)'),
(883,15,'Kalimantan Timur',66,'Berau','Kabupaten','Gunung Tabur'),
(884,15,'Kalimantan Timur',66,'Berau','Kabupaten','Kelay'),
(885,15,'Kalimantan Timur',66,'Berau','Kabupaten','Maratua'),
(886,15,'Kalimantan Timur',66,'Berau','Kabupaten','Sambaliung'),
(887,15,'Kalimantan Timur',66,'Berau','Kabupaten','Segah'),
(888,15,'Kalimantan Timur',66,'Berau','Kabupaten','Tabalar'),
(889,15,'Kalimantan Timur',66,'Berau','Kabupaten','Talisayan'),
(890,15,'Kalimantan Timur',66,'Berau','Kabupaten','Tanjung Redeb'),
(891,15,'Kalimantan Timur',66,'Berau','Kabupaten','Teluk Bayur'),
(892,24,'Papua',67,'Biak Numfor','Kabupaten','Aimando Padaido'),
(893,24,'Papua',67,'Biak Numfor','Kabupaten','Andey (Andei)'),
(894,24,'Papua',67,'Biak Numfor','Kabupaten','Biak Barat'),
(895,24,'Papua',67,'Biak Numfor','Kabupaten','Biak Kota'),
(896,24,'Papua',67,'Biak Numfor','Kabupaten','Biak Timur'),
(897,24,'Papua',67,'Biak Numfor','Kabupaten','Biak Utara'),
(898,24,'Papua',67,'Biak Numfor','Kabupaten','Bondifuar'),
(899,24,'Papua',67,'Biak Numfor','Kabupaten','Bruyadori'),
(900,24,'Papua',67,'Biak Numfor','Kabupaten','Numfor Barat'),
(901,24,'Papua',67,'Biak Numfor','Kabupaten','Numfor Timur'),
(902,24,'Papua',67,'Biak Numfor','Kabupaten','Oridek'),
(903,24,'Papua',67,'Biak Numfor','Kabupaten','Orkeri'),
(904,24,'Papua',67,'Biak Numfor','Kabupaten','Padaido'),
(905,24,'Papua',67,'Biak Numfor','Kabupaten','Poiru'),
(906,24,'Papua',67,'Biak Numfor','Kabupaten','Samofa'),
(907,24,'Papua',67,'Biak Numfor','Kabupaten','Swandiwe'),
(908,24,'Papua',67,'Biak Numfor','Kabupaten','Warsa'),
(909,24,'Papua',67,'Biak Numfor','Kabupaten','Yawosi'),
(910,24,'Papua',67,'Biak Numfor','Kabupaten','Yendidori'),
(911,22,'Nusa Tenggara Barat (NTB)',68,'Bima','Kabupaten','Ambalawi'),
(912,22,'Nusa Tenggara Barat (NTB)',68,'Bima','Kabupaten','Belo'),
(913,22,'Nusa Tenggara Barat (NTB)',68,'Bima','Kabupaten','Bolo'),
(914,22,'Nusa Tenggara Barat (NTB)',68,'Bima','Kabupaten','Donggo'),
(915,22,'Nusa Tenggara Barat (NTB)',68,'Bima','Kabupaten','Lambitu'),
(916,22,'Nusa Tenggara Barat (NTB)',68,'Bima','Kabupaten','Lambu'),
(917,22,'Nusa Tenggara Barat (NTB)',68,'Bima','Kabupaten','Langgudu'),
(918,22,'Nusa Tenggara Barat (NTB)',68,'Bima','Kabupaten','Madapangga'),
(919,22,'Nusa Tenggara Barat (NTB)',68,'Bima','Kabupaten','Monta'),
(920,22,'Nusa Tenggara Barat (NTB)',68,'Bima','Kabupaten','Palibelo'),
(921,22,'Nusa Tenggara Barat (NTB)',68,'Bima','Kabupaten','Parado'),
(922,22,'Nusa Tenggara Barat (NTB)',68,'Bima','Kabupaten','Sanggar'),
(923,22,'Nusa Tenggara Barat (NTB)',68,'Bima','Kabupaten','Sape'),
(924,22,'Nusa Tenggara Barat (NTB)',68,'Bima','Kabupaten','Soromandi'),
(925,22,'Nusa Tenggara Barat (NTB)',68,'Bima','Kabupaten','Tambora'),
(926,22,'Nusa Tenggara Barat (NTB)',68,'Bima','Kabupaten','Wawo'),
(927,22,'Nusa Tenggara Barat (NTB)',68,'Bima','Kabupaten','Wera'),
(928,22,'Nusa Tenggara Barat (NTB)',68,'Bima','Kabupaten','Woha'),
(929,22,'Nusa Tenggara Barat (NTB)',69,'Bima','Kota','Asakota'),
(930,22,'Nusa Tenggara Barat (NTB)',69,'Bima','Kota','Mpunda'),
(931,22,'Nusa Tenggara Barat (NTB)',69,'Bima','Kota','Raba'),
(932,22,'Nusa Tenggara Barat (NTB)',69,'Bima','Kota','Rasanae Barat'),
(933,22,'Nusa Tenggara Barat (NTB)',69,'Bima','Kota','Rasanae Timur'),
(934,34,'Sumatera Utara',70,'Binjai','Kota','Binjai Barat'),
(935,34,'Sumatera Utara',70,'Binjai','Kota','Binjai Kota'),
(936,34,'Sumatera Utara',70,'Binjai','Kota','Binjai Selatan'),
(937,34,'Sumatera Utara',70,'Binjai','Kota','Binjai Timur'),
(938,34,'Sumatera Utara',70,'Binjai','Kota','Binjai Utara'),
(939,17,'Kepulauan Riau',71,'Bintan','Kabupaten','Bintan Pesisir'),
(940,17,'Kepulauan Riau',71,'Bintan','Kabupaten','Bintan Timur'),
(941,17,'Kepulauan Riau',71,'Bintan','Kabupaten','Bintan Utara'),
(942,17,'Kepulauan Riau',71,'Bintan','Kabupaten','Gunung Kijang'),
(943,17,'Kepulauan Riau',71,'Bintan','Kabupaten','Mantang'),
(944,17,'Kepulauan Riau',71,'Bintan','Kabupaten','Seri/Sri Kuala Lobam'),
(945,17,'Kepulauan Riau',71,'Bintan','Kabupaten','Tambelan'),
(946,17,'Kepulauan Riau',71,'Bintan','Kabupaten','Teluk Bintan'),
(947,17,'Kepulauan Riau',71,'Bintan','Kabupaten','Teluk Sebong'),
(948,17,'Kepulauan Riau',71,'Bintan','Kabupaten','Toapaya'),
(949,21,'Nanggroe Aceh Darussalam (NAD)',72,'Bireuen','Kabupaten','Ganda Pura'),
(950,21,'Nanggroe Aceh Darussalam (NAD)',72,'Bireuen','Kabupaten','Jangka'),
(951,21,'Nanggroe Aceh Darussalam (NAD)',72,'Bireuen','Kabupaten','Jeumpa'),
(952,21,'Nanggroe Aceh Darussalam (NAD)',72,'Bireuen','Kabupaten','Jeunieb'),
(953,21,'Nanggroe Aceh Darussalam (NAD)',72,'Bireuen','Kabupaten','Juli'),
(954,21,'Nanggroe Aceh Darussalam (NAD)',72,'Bireuen','Kabupaten','Kota Juang'),
(955,21,'Nanggroe Aceh Darussalam (NAD)',72,'Bireuen','Kabupaten','Kuala'),
(956,21,'Nanggroe Aceh Darussalam (NAD)',72,'Bireuen','Kabupaten','Kuta Blang'),
(957,21,'Nanggroe Aceh Darussalam (NAD)',72,'Bireuen','Kabupaten','Makmur'),
(958,21,'Nanggroe Aceh Darussalam (NAD)',72,'Bireuen','Kabupaten','Pandrah'),
(959,21,'Nanggroe Aceh Darussalam (NAD)',72,'Bireuen','Kabupaten','Peudada'),
(960,21,'Nanggroe Aceh Darussalam (NAD)',72,'Bireuen','Kabupaten','Peulimbang (Plimbang)'),
(961,21,'Nanggroe Aceh Darussalam (NAD)',72,'Bireuen','Kabupaten','Peusangan'),
(962,21,'Nanggroe Aceh Darussalam (NAD)',72,'Bireuen','Kabupaten','Peusangan Selatan'),
(963,21,'Nanggroe Aceh Darussalam (NAD)',72,'Bireuen','Kabupaten','Peusangan Siblah Krueng'),
(964,21,'Nanggroe Aceh Darussalam (NAD)',72,'Bireuen','Kabupaten','Samalanga'),
(965,21,'Nanggroe Aceh Darussalam (NAD)',72,'Bireuen','Kabupaten','Simpang Mamplam'),
(966,31,'Sulawesi Utara',73,'Bitung','Kota','Aertembaga (Bitung Timur)'),
(967,31,'Sulawesi Utara',73,'Bitung','Kota','Girian'),
(968,31,'Sulawesi Utara',73,'Bitung','Kota','Lembeh Selatan (Bitung Selatan)'),
(969,31,'Sulawesi Utara',73,'Bitung','Kota','Lembeh Utara'),
(970,31,'Sulawesi Utara',73,'Bitung','Kota','Madidir (Bitung Tengah)'),
(971,31,'Sulawesi Utara',73,'Bitung','Kota','Maesa'),
(972,31,'Sulawesi Utara',73,'Bitung','Kota','Matuari (Bitung Barat)'),
(973,31,'Sulawesi Utara',73,'Bitung','Kota','Ranowulu (Bitung Utara)'),
(974,11,'Jawa Timur',74,'Blitar','Kabupaten','Bakung'),
(975,11,'Jawa Timur',74,'Blitar','Kabupaten','Binangun'),
(976,11,'Jawa Timur',74,'Blitar','Kabupaten','Doko'),
(977,11,'Jawa Timur',74,'Blitar','Kabupaten','Gandusari'),
(978,11,'Jawa Timur',74,'Blitar','Kabupaten','Garum'),
(979,11,'Jawa Timur',74,'Blitar','Kabupaten','Kademangan'),
(980,11,'Jawa Timur',74,'Blitar','Kabupaten','Kanigoro'),
(981,11,'Jawa Timur',74,'Blitar','Kabupaten','Kesamben'),
(982,11,'Jawa Timur',74,'Blitar','Kabupaten','Nglegok'),
(983,11,'Jawa Timur',74,'Blitar','Kabupaten','Panggungrejo'),
(984,11,'Jawa Timur',74,'Blitar','Kabupaten','Ponggok'),
(985,11,'Jawa Timur',74,'Blitar','Kabupaten','Sanan Kulon'),
(986,11,'Jawa Timur',74,'Blitar','Kabupaten','Selopuro'),
(987,11,'Jawa Timur',74,'Blitar','Kabupaten','Selorejo'),
(988,11,'Jawa Timur',74,'Blitar','Kabupaten','Srengat'),
(989,11,'Jawa Timur',74,'Blitar','Kabupaten','Sutojayan'),
(990,11,'Jawa Timur',74,'Blitar','Kabupaten','Talun'),
(991,11,'Jawa Timur',74,'Blitar','Kabupaten','Udanawu'),
(992,11,'Jawa Timur',74,'Blitar','Kabupaten','Wates'),
(993,11,'Jawa Timur',74,'Blitar','Kabupaten','Wlingi'),
(994,11,'Jawa Timur',74,'Blitar','Kabupaten','Wonodadi'),
(995,11,'Jawa Timur',74,'Blitar','Kabupaten','Wonotirto'),
(996,11,'Jawa Timur',75,'Blitar','Kota','Kepanjen Kidul'),
(997,11,'Jawa Timur',75,'Blitar','Kota','Sanan Wetan'),
(998,11,'Jawa Timur',75,'Blitar','Kota','Sukorejo'),
(999,10,'Jawa Tengah',76,'Blora','Kabupaten','Banjarejo'),
(1000,10,'Jawa Tengah',76,'Blora','Kabupaten','Blora kota'),
(1001,10,'Jawa Tengah',76,'Blora','Kabupaten','Bogorejo'),
(1002,10,'Jawa Tengah',76,'Blora','Kabupaten','Cepu'),
(1003,10,'Jawa Tengah',76,'Blora','Kabupaten','Japah'),
(1004,10,'Jawa Tengah',76,'Blora','Kabupaten','Jati'),
(1005,10,'Jawa Tengah',76,'Blora','Kabupaten','Jepon'),
(1006,10,'Jawa Tengah',76,'Blora','Kabupaten','Jiken'),
(1007,10,'Jawa Tengah',76,'Blora','Kabupaten','Kedungtuban'),
(1008,10,'Jawa Tengah',76,'Blora','Kabupaten','Kradenan'),
(1009,10,'Jawa Tengah',76,'Blora','Kabupaten','Kunduran'),
(1010,10,'Jawa Tengah',76,'Blora','Kabupaten','Ngawen'),
(1011,10,'Jawa Tengah',76,'Blora','Kabupaten','Randublatung'),
(1012,10,'Jawa Tengah',76,'Blora','Kabupaten','Sambong'),
(1013,10,'Jawa Tengah',76,'Blora','Kabupaten','Todanan'),
(1014,10,'Jawa Tengah',76,'Blora','Kabupaten','Tunjungan'),
(1015,7,'Gorontalo',77,'Boalemo','Kabupaten','Botumoita (Botumoito)'),
(1016,7,'Gorontalo',77,'Boalemo','Kabupaten','Dulupi'),
(1017,7,'Gorontalo',77,'Boalemo','Kabupaten','Mananggu'),
(1018,7,'Gorontalo',77,'Boalemo','Kabupaten','Paguyaman'),
(1019,7,'Gorontalo',77,'Boalemo','Kabupaten','Paguyaman Pantai'),
(1020,7,'Gorontalo',77,'Boalemo','Kabupaten','Tilamuta'),
(1021,7,'Gorontalo',77,'Boalemo','Kabupaten','Wonosari'),
(1022,9,'Jawa Barat',78,'Bogor','Kabupaten','Babakan Madang'),
(1023,9,'Jawa Barat',78,'Bogor','Kabupaten','Bojonggede'),
(1024,9,'Jawa Barat',78,'Bogor','Kabupaten','Caringin'),
(1025,9,'Jawa Barat',78,'Bogor','Kabupaten','Cariu'),
(1026,9,'Jawa Barat',78,'Bogor','Kabupaten','Ciampea'),
(1027,9,'Jawa Barat',78,'Bogor','Kabupaten','Ciawi'),
(1028,9,'Jawa Barat',78,'Bogor','Kabupaten','Cibinong'),
(1029,9,'Jawa Barat',78,'Bogor','Kabupaten','Cibungbulang'),
(1030,9,'Jawa Barat',78,'Bogor','Kabupaten','Cigombong'),
(1031,9,'Jawa Barat',78,'Bogor','Kabupaten','Cigudeg'),
(1032,9,'Jawa Barat',78,'Bogor','Kabupaten','Cijeruk'),
(1033,9,'Jawa Barat',78,'Bogor','Kabupaten','Cileungsi'),
(1034,9,'Jawa Barat',78,'Bogor','Kabupaten','Ciomas'),
(1035,9,'Jawa Barat',78,'Bogor','Kabupaten','Cisarua'),
(1036,9,'Jawa Barat',78,'Bogor','Kabupaten','Ciseeng'),
(1037,9,'Jawa Barat',78,'Bogor','Kabupaten','Citeureup'),
(1038,9,'Jawa Barat',78,'Bogor','Kabupaten','Dramaga'),
(1039,9,'Jawa Barat',78,'Bogor','Kabupaten','Gunung Putri'),
(1040,9,'Jawa Barat',78,'Bogor','Kabupaten','Gunung Sindur'),
(1041,9,'Jawa Barat',78,'Bogor','Kabupaten','Jasinga'),
(1042,9,'Jawa Barat',78,'Bogor','Kabupaten','Jonggol'),
(1043,9,'Jawa Barat',78,'Bogor','Kabupaten','Kemang'),
(1044,9,'Jawa Barat',78,'Bogor','Kabupaten','Klapa Nunggal (Kelapa Nunggal)'),
(1045,9,'Jawa Barat',78,'Bogor','Kabupaten','Leuwiliang'),
(1046,9,'Jawa Barat',78,'Bogor','Kabupaten','Leuwisadeng'),
(1047,9,'Jawa Barat',78,'Bogor','Kabupaten','Megamendung'),
(1048,9,'Jawa Barat',78,'Bogor','Kabupaten','Nanggung'),
(1049,9,'Jawa Barat',78,'Bogor','Kabupaten','Pamijahan'),
(1050,9,'Jawa Barat',78,'Bogor','Kabupaten','Parung'),
(1051,9,'Jawa Barat',78,'Bogor','Kabupaten','Parung Panjang'),
(1052,9,'Jawa Barat',78,'Bogor','Kabupaten','Ranca Bungur'),
(1053,9,'Jawa Barat',78,'Bogor','Kabupaten','Rumpin'),
(1054,9,'Jawa Barat',78,'Bogor','Kabupaten','Sukajaya'),
(1055,9,'Jawa Barat',78,'Bogor','Kabupaten','Sukamakmur'),
(1056,9,'Jawa Barat',78,'Bogor','Kabupaten','Sukaraja'),
(1057,9,'Jawa Barat',78,'Bogor','Kabupaten','Tajurhalang'),
(1058,9,'Jawa Barat',78,'Bogor','Kabupaten','Tamansari'),
(1059,9,'Jawa Barat',78,'Bogor','Kabupaten','Tanjungsari'),
(1060,9,'Jawa Barat',78,'Bogor','Kabupaten','Tenjo'),
(1061,9,'Jawa Barat',78,'Bogor','Kabupaten','Tenjolaya'),
(1062,9,'Jawa Barat',79,'Bogor','Kota','Bogor Barat - Kota'),
(1063,9,'Jawa Barat',79,'Bogor','Kota','Bogor Selatan - Kota'),
(1064,9,'Jawa Barat',79,'Bogor','Kota','Bogor Tengah - Kota'),
(1065,9,'Jawa Barat',79,'Bogor','Kota','Bogor Timur - Kota'),
(1066,9,'Jawa Barat',79,'Bogor','Kota','Bogor Utara - Kota'),
(1067,9,'Jawa Barat',79,'Bogor','Kota','Tanah Sereal'),
(1068,11,'Jawa Timur',80,'Bojonegoro','Kabupaten','Balen'),
(1069,11,'Jawa Timur',80,'Bojonegoro','Kabupaten','Baureno'),
(1070,11,'Jawa Timur',80,'Bojonegoro','Kabupaten','Bojonegoro'),
(1071,11,'Jawa Timur',80,'Bojonegoro','Kabupaten','Bubulan'),
(1072,11,'Jawa Timur',80,'Bojonegoro','Kabupaten','Dander'),
(1073,11,'Jawa Timur',80,'Bojonegoro','Kabupaten','Gayam'),
(1074,11,'Jawa Timur',80,'Bojonegoro','Kabupaten','Gondang'),
(1075,11,'Jawa Timur',80,'Bojonegoro','Kabupaten','Kalitidu'),
(1076,11,'Jawa Timur',80,'Bojonegoro','Kabupaten','Kanor'),
(1077,11,'Jawa Timur',80,'Bojonegoro','Kabupaten','Kapas'),
(1078,11,'Jawa Timur',80,'Bojonegoro','Kabupaten','Kasiman'),
(1079,11,'Jawa Timur',80,'Bojonegoro','Kabupaten','Kedewan'),
(1080,11,'Jawa Timur',80,'Bojonegoro','Kabupaten','Kedungadem'),
(1081,11,'Jawa Timur',80,'Bojonegoro','Kabupaten','Kepoh Baru'),
(1082,11,'Jawa Timur',80,'Bojonegoro','Kabupaten','Malo'),
(1083,11,'Jawa Timur',80,'Bojonegoro','Kabupaten','Margomulyo'),
(1084,11,'Jawa Timur',80,'Bojonegoro','Kabupaten','Ngambon'),
(1085,11,'Jawa Timur',80,'Bojonegoro','Kabupaten','Ngasem'),
(1086,11,'Jawa Timur',80,'Bojonegoro','Kabupaten','Ngraho'),
(1087,11,'Jawa Timur',80,'Bojonegoro','Kabupaten','Padangan'),
(1088,11,'Jawa Timur',80,'Bojonegoro','Kabupaten','Purwosari'),
(1089,11,'Jawa Timur',80,'Bojonegoro','Kabupaten','Sekar'),
(1090,11,'Jawa Timur',80,'Bojonegoro','Kabupaten','Sugihwaras'),
(1091,11,'Jawa Timur',80,'Bojonegoro','Kabupaten','Sukosewu'),
(1092,11,'Jawa Timur',80,'Bojonegoro','Kabupaten','Sumberrejo'),
(1093,11,'Jawa Timur',80,'Bojonegoro','Kabupaten','Tambakrejo'),
(1094,11,'Jawa Timur',80,'Bojonegoro','Kabupaten','Temayang'),
(1095,11,'Jawa Timur',80,'Bojonegoro','Kabupaten','Trucuk'),
(1096,31,'Sulawesi Utara',81,'Bolaang Mongondow (Bolmong)','Kabupaten','Bilalang'),
(1097,31,'Sulawesi Utara',81,'Bolaang Mongondow (Bolmong)','Kabupaten','Bolaang'),
(1098,31,'Sulawesi Utara',81,'Bolaang Mongondow (Bolmong)','Kabupaten','Bolaang Timur'),
(1099,31,'Sulawesi Utara',81,'Bolaang Mongondow (Bolmong)','Kabupaten','Dumoga'),
(1100,31,'Sulawesi Utara',81,'Bolaang Mongondow (Bolmong)','Kabupaten','Dumoga Barat'),
(1101,31,'Sulawesi Utara',81,'Bolaang Mongondow (Bolmong)','Kabupaten','Dumoga Tengah'),
(1102,31,'Sulawesi Utara',81,'Bolaang Mongondow (Bolmong)','Kabupaten','Dumoga Tenggara'),
(1103,31,'Sulawesi Utara',81,'Bolaang Mongondow (Bolmong)','Kabupaten','Dumoga Timur'),
(1104,31,'Sulawesi Utara',81,'Bolaang Mongondow (Bolmong)','Kabupaten','Dumoga Utara'),
(1105,31,'Sulawesi Utara',81,'Bolaang Mongondow (Bolmong)','Kabupaten','Lolak'),
(1106,31,'Sulawesi Utara',81,'Bolaang Mongondow (Bolmong)','Kabupaten','Lolayan'),
(1107,31,'Sulawesi Utara',81,'Bolaang Mongondow (Bolmong)','Kabupaten','Passi Barat'),
(1108,31,'Sulawesi Utara',81,'Bolaang Mongondow (Bolmong)','Kabupaten','Passi Timur'),
(1109,31,'Sulawesi Utara',81,'Bolaang Mongondow (Bolmong)','Kabupaten','Poigar'),
(1110,31,'Sulawesi Utara',81,'Bolaang Mongondow (Bolmong)','Kabupaten','Sangtombolang'),
(1111,31,'Sulawesi Utara',82,'Bolaang Mongondow Selatan','Kabupaten','Bolaang Uki'),
(1112,31,'Sulawesi Utara',82,'Bolaang Mongondow Selatan','Kabupaten','Pinolosian'),
(1113,31,'Sulawesi Utara',82,'Bolaang Mongondow Selatan','Kabupaten','Pinolosian Tengah'),
(1114,31,'Sulawesi Utara',82,'Bolaang Mongondow Selatan','Kabupaten','Pinolosian Timur'),
(1115,31,'Sulawesi Utara',82,'Bolaang Mongondow Selatan','Kabupaten','Posigadan'),
(1116,31,'Sulawesi Utara',83,'Bolaang Mongondow Timur','Kabupaten','Kotabunan'),
(1117,31,'Sulawesi Utara',83,'Bolaang Mongondow Timur','Kabupaten','Modayag'),
(1118,31,'Sulawesi Utara',83,'Bolaang Mongondow Timur','Kabupaten','Modayag Barat'),
(1119,31,'Sulawesi Utara',83,'Bolaang Mongondow Timur','Kabupaten','Nuangan'),
(1120,31,'Sulawesi Utara',83,'Bolaang Mongondow Timur','Kabupaten','Tutuyan'),
(1121,31,'Sulawesi Utara',84,'Bolaang Mongondow Utara','Kabupaten','Bintauna'),
(1122,31,'Sulawesi Utara',84,'Bolaang Mongondow Utara','Kabupaten','Bolang Itang Barat'),
(1123,31,'Sulawesi Utara',84,'Bolaang Mongondow Utara','Kabupaten','Bolang Itang Timur'),
(1124,31,'Sulawesi Utara',84,'Bolaang Mongondow Utara','Kabupaten','Kaidipang'),
(1125,31,'Sulawesi Utara',84,'Bolaang Mongondow Utara','Kabupaten','Pinogaluman'),
(1126,31,'Sulawesi Utara',84,'Bolaang Mongondow Utara','Kabupaten','Sangkub'),
(1127,30,'Sulawesi Tenggara',85,'Bombana','Kabupaten','Kabaena'),
(1128,30,'Sulawesi Tenggara',85,'Bombana','Kabupaten','Kabaena Barat'),
(1129,30,'Sulawesi Tenggara',85,'Bombana','Kabupaten','Kabaena Selatan'),
(1130,30,'Sulawesi Tenggara',85,'Bombana','Kabupaten','Kabaena Tengah'),
(1131,30,'Sulawesi Tenggara',85,'Bombana','Kabupaten','Kabaena Timur'),
(1132,30,'Sulawesi Tenggara',85,'Bombana','Kabupaten','Kabaena Utara'),
(1133,30,'Sulawesi Tenggara',85,'Bombana','Kabupaten','Kepulauan Masaloka Raya'),
(1134,30,'Sulawesi Tenggara',85,'Bombana','Kabupaten','Lentarai Jaya S. (Lantari Jaya)'),
(1135,30,'Sulawesi Tenggara',85,'Bombana','Kabupaten','Mata Oleo'),
(1136,30,'Sulawesi Tenggara',85,'Bombana','Kabupaten','Mata Usu'),
(1137,30,'Sulawesi Tenggara',85,'Bombana','Kabupaten','Poleang'),
(1138,30,'Sulawesi Tenggara',85,'Bombana','Kabupaten','Poleang Barat'),
(1139,30,'Sulawesi Tenggara',85,'Bombana','Kabupaten','Poleang Selatan'),
(1140,30,'Sulawesi Tenggara',85,'Bombana','Kabupaten','Poleang Tengah'),
(1141,30,'Sulawesi Tenggara',85,'Bombana','Kabupaten','Poleang Tenggara'),
(1142,30,'Sulawesi Tenggara',85,'Bombana','Kabupaten','Poleang Timur'),
(1143,30,'Sulawesi Tenggara',85,'Bombana','Kabupaten','Poleang Utara'),
(1144,30,'Sulawesi Tenggara',85,'Bombana','Kabupaten','Rarowatu'),
(1145,30,'Sulawesi Tenggara',85,'Bombana','Kabupaten','Rarowatu Utara'),
(1146,30,'Sulawesi Tenggara',85,'Bombana','Kabupaten','Rumbia'),
(1147,30,'Sulawesi Tenggara',85,'Bombana','Kabupaten','Rumbia Tengah'),
(1148,30,'Sulawesi Tenggara',85,'Bombana','Kabupaten','Tontonunu (Tontonuwu)'),
(1149,11,'Jawa Timur',86,'Bondowoso','Kabupaten','Binakal'),
(1150,11,'Jawa Timur',86,'Bondowoso','Kabupaten','Bondowoso'),
(1151,11,'Jawa Timur',86,'Bondowoso','Kabupaten','Botolinggo'),
(1152,11,'Jawa Timur',86,'Bondowoso','Kabupaten','Cermee'),
(1153,11,'Jawa Timur',86,'Bondowoso','Kabupaten','Curahdami'),
(1154,11,'Jawa Timur',86,'Bondowoso','Kabupaten','Grujugan'),
(1155,11,'Jawa Timur',86,'Bondowoso','Kabupaten','Jambe Sari Darus Sholah'),
(1156,11,'Jawa Timur',86,'Bondowoso','Kabupaten','Klabang'),
(1157,11,'Jawa Timur',86,'Bondowoso','Kabupaten','Maesan'),
(1158,11,'Jawa Timur',86,'Bondowoso','Kabupaten','Pakem'),
(1159,11,'Jawa Timur',86,'Bondowoso','Kabupaten','Prajekan'),
(1160,11,'Jawa Timur',86,'Bondowoso','Kabupaten','Pujer'),
(1161,11,'Jawa Timur',86,'Bondowoso','Kabupaten','Sempol'),
(1162,11,'Jawa Timur',86,'Bondowoso','Kabupaten','Sukosari'),
(1163,11,'Jawa Timur',86,'Bondowoso','Kabupaten','Sumber Wringin'),
(1164,11,'Jawa Timur',86,'Bondowoso','Kabupaten','Taman Krocok'),
(1165,11,'Jawa Timur',86,'Bondowoso','Kabupaten','Tamanan'),
(1166,11,'Jawa Timur',86,'Bondowoso','Kabupaten','Tapen'),
(1167,11,'Jawa Timur',86,'Bondowoso','Kabupaten','Tegalampel'),
(1168,11,'Jawa Timur',86,'Bondowoso','Kabupaten','Tenggarang'),
(1169,11,'Jawa Timur',86,'Bondowoso','Kabupaten','Tlogosari'),
(1170,11,'Jawa Timur',86,'Bondowoso','Kabupaten','Wonosari'),
(1171,11,'Jawa Timur',86,'Bondowoso','Kabupaten','Wringin'),
(1172,28,'Sulawesi Selatan',87,'Bone','Kabupaten','Ajangale'),
(1173,28,'Sulawesi Selatan',87,'Bone','Kabupaten','Amali'),
(1174,28,'Sulawesi Selatan',87,'Bone','Kabupaten','Awangpone'),
(1175,28,'Sulawesi Selatan',87,'Bone','Kabupaten','Barebbo'),
(1176,28,'Sulawesi Selatan',87,'Bone','Kabupaten','Bengo'),
(1177,28,'Sulawesi Selatan',87,'Bone','Kabupaten','Bontocani'),
(1178,28,'Sulawesi Selatan',87,'Bone','Kabupaten','Cenrana'),
(1179,28,'Sulawesi Selatan',87,'Bone','Kabupaten','Cina'),
(1180,28,'Sulawesi Selatan',87,'Bone','Kabupaten','Dua Boccoe'),
(1181,28,'Sulawesi Selatan',87,'Bone','Kabupaten','Kahu'),
(1182,28,'Sulawesi Selatan',87,'Bone','Kabupaten','Kajuara'),
(1183,28,'Sulawesi Selatan',87,'Bone','Kabupaten','Lamuru'),
(1184,28,'Sulawesi Selatan',87,'Bone','Kabupaten','Lappariaja'),
(1185,28,'Sulawesi Selatan',87,'Bone','Kabupaten','Libureng'),
(1186,28,'Sulawesi Selatan',87,'Bone','Kabupaten','Mare'),
(1187,28,'Sulawesi Selatan',87,'Bone','Kabupaten','Palakka'),
(1188,28,'Sulawesi Selatan',87,'Bone','Kabupaten','Patimpeng'),
(1189,28,'Sulawesi Selatan',87,'Bone','Kabupaten','Ponre'),
(1190,28,'Sulawesi Selatan',87,'Bone','Kabupaten','Salomekko'),
(1191,28,'Sulawesi Selatan',87,'Bone','Kabupaten','Sibulue'),
(1192,28,'Sulawesi Selatan',87,'Bone','Kabupaten','Tanete Riattang'),
(1193,28,'Sulawesi Selatan',87,'Bone','Kabupaten','Tanete Riattang Barat'),
(1194,28,'Sulawesi Selatan',87,'Bone','Kabupaten','Tanete Riattang Timur'),
(1195,28,'Sulawesi Selatan',87,'Bone','Kabupaten','Tellu Limpoe'),
(1196,28,'Sulawesi Selatan',87,'Bone','Kabupaten','Tellu Siattinge'),
(1197,28,'Sulawesi Selatan',87,'Bone','Kabupaten','Tonra'),
(1198,28,'Sulawesi Selatan',87,'Bone','Kabupaten','Ulaweng'),
(1199,7,'Gorontalo',88,'Bone Bolango','Kabupaten','Bone'),
(1200,7,'Gorontalo',88,'Bone Bolango','Kabupaten','Bone Raya'),
(1201,7,'Gorontalo',88,'Bone Bolango','Kabupaten','Bonepantai'),
(1202,7,'Gorontalo',88,'Bone Bolango','Kabupaten','Botu Pingge'),
(1203,7,'Gorontalo',88,'Bone Bolango','Kabupaten','Bulango Selatan'),
(1204,7,'Gorontalo',88,'Bone Bolango','Kabupaten','Bulango Timur'),
(1205,7,'Gorontalo',88,'Bone Bolango','Kabupaten','Bulango Ulu'),
(1206,7,'Gorontalo',88,'Bone Bolango','Kabupaten','Bulango Utara'),
(1207,7,'Gorontalo',88,'Bone Bolango','Kabupaten','Bulawa'),
(1208,7,'Gorontalo',88,'Bone Bolango','Kabupaten','Kabila'),
(1209,7,'Gorontalo',88,'Bone Bolango','Kabupaten','Kabila Bone'),
(1210,7,'Gorontalo',88,'Bone Bolango','Kabupaten','Pinogu'),
(1211,7,'Gorontalo',88,'Bone Bolango','Kabupaten','Suwawa'),
(1212,7,'Gorontalo',88,'Bone Bolango','Kabupaten','Suwawa Selatan'),
(1213,7,'Gorontalo',88,'Bone Bolango','Kabupaten','Suwawa Tengah'),
(1214,7,'Gorontalo',88,'Bone Bolango','Kabupaten','Suwawa Timur'),
(1215,7,'Gorontalo',88,'Bone Bolango','Kabupaten','Tapa'),
(1216,7,'Gorontalo',88,'Bone Bolango','Kabupaten','Tilongkabila'),
(1217,15,'Kalimantan Timur',89,'Bontang','Kota','Bontang Barat'),
(1218,15,'Kalimantan Timur',89,'Bontang','Kota','Bontang Selatan'),
(1219,15,'Kalimantan Timur',89,'Bontang','Kota','Bontang Utara'),
(1220,24,'Papua',90,'Boven Digoel','Kabupaten','Ambatkwi (Ambatkui)'),
(1221,24,'Papua',90,'Boven Digoel','Kabupaten','Arimop'),
(1222,24,'Papua',90,'Boven Digoel','Kabupaten','Bomakia'),
(1223,24,'Papua',90,'Boven Digoel','Kabupaten','Firiwage'),
(1224,24,'Papua',90,'Boven Digoel','Kabupaten','Fofi'),
(1225,24,'Papua',90,'Boven Digoel','Kabupaten','Iniyandit'),
(1226,24,'Papua',90,'Boven Digoel','Kabupaten','Jair'),
(1227,24,'Papua',90,'Boven Digoel','Kabupaten','Kawagit'),
(1228,24,'Papua',90,'Boven Digoel','Kabupaten','Ki'),
(1229,24,'Papua',90,'Boven Digoel','Kabupaten','Kombay'),
(1230,24,'Papua',90,'Boven Digoel','Kabupaten','Kombut'),
(1231,24,'Papua',90,'Boven Digoel','Kabupaten','Kouh'),
(1232,24,'Papua',90,'Boven Digoel','Kabupaten','Mandobo'),
(1233,24,'Papua',90,'Boven Digoel','Kabupaten','Manggelum'),
(1234,24,'Papua',90,'Boven Digoel','Kabupaten','Mindiptana'),
(1235,24,'Papua',90,'Boven Digoel','Kabupaten','Ninati'),
(1236,24,'Papua',90,'Boven Digoel','Kabupaten','Sesnuk'),
(1237,24,'Papua',90,'Boven Digoel','Kabupaten','Subur'),
(1238,24,'Papua',90,'Boven Digoel','Kabupaten','Waropko'),
(1239,24,'Papua',90,'Boven Digoel','Kabupaten','Yaniruma'),
(1240,10,'Jawa Tengah',91,'Boyolali','Kabupaten','Ampel'),
(1241,10,'Jawa Tengah',91,'Boyolali','Kabupaten','Andong'),
(1242,10,'Jawa Tengah',91,'Boyolali','Kabupaten','Banyudono'),
(1243,10,'Jawa Tengah',91,'Boyolali','Kabupaten','Boyolali'),
(1244,10,'Jawa Tengah',91,'Boyolali','Kabupaten','Cepogo'),
(1245,10,'Jawa Tengah',91,'Boyolali','Kabupaten','Juwangi'),
(1246,10,'Jawa Tengah',91,'Boyolali','Kabupaten','Karanggede'),
(1247,10,'Jawa Tengah',91,'Boyolali','Kabupaten','Kemusu'),
(1248,10,'Jawa Tengah',91,'Boyolali','Kabupaten','Klego'),
(1249,10,'Jawa Tengah',91,'Boyolali','Kabupaten','Mojosongo'),
(1250,10,'Jawa Tengah',91,'Boyolali','Kabupaten','Musuk'),
(1251,10,'Jawa Tengah',91,'Boyolali','Kabupaten','Ngemplak'),
(1252,10,'Jawa Tengah',91,'Boyolali','Kabupaten','Nogosari'),
(1253,10,'Jawa Tengah',91,'Boyolali','Kabupaten','Sambi'),
(1254,10,'Jawa Tengah',91,'Boyolali','Kabupaten','Sawit'),
(1255,10,'Jawa Tengah',91,'Boyolali','Kabupaten','Selo'),
(1256,10,'Jawa Tengah',91,'Boyolali','Kabupaten','Simo'),
(1257,10,'Jawa Tengah',91,'Boyolali','Kabupaten','Teras'),
(1258,10,'Jawa Tengah',91,'Boyolali','Kabupaten','Wonosegoro'),
(1259,10,'Jawa Tengah',92,'Brebes','Kabupaten','Banjarharjo'),
(1260,10,'Jawa Tengah',92,'Brebes','Kabupaten','Bantarkawung'),
(1261,10,'Jawa Tengah',92,'Brebes','Kabupaten','Brebes'),
(1262,10,'Jawa Tengah',92,'Brebes','Kabupaten','Bulakamba'),
(1263,10,'Jawa Tengah',92,'Brebes','Kabupaten','Bumiayu'),
(1264,10,'Jawa Tengah',92,'Brebes','Kabupaten','Jatibarang'),
(1265,10,'Jawa Tengah',92,'Brebes','Kabupaten','Kersana'),
(1266,10,'Jawa Tengah',92,'Brebes','Kabupaten','Ketanggungan'),
(1267,10,'Jawa Tengah',92,'Brebes','Kabupaten','Larangan'),
(1268,10,'Jawa Tengah',92,'Brebes','Kabupaten','Losari'),
(1269,10,'Jawa Tengah',92,'Brebes','Kabupaten','Paguyangan'),
(1270,10,'Jawa Tengah',92,'Brebes','Kabupaten','Salem'),
(1271,10,'Jawa Tengah',92,'Brebes','Kabupaten','Sirampog'),
(1272,10,'Jawa Tengah',92,'Brebes','Kabupaten','Songgom'),
(1273,10,'Jawa Tengah',92,'Brebes','Kabupaten','Tanjung'),
(1274,10,'Jawa Tengah',92,'Brebes','Kabupaten','Tonjong'),
(1275,10,'Jawa Tengah',92,'Brebes','Kabupaten','Wanasari'),
(1276,32,'Sumatera Barat',93,'Bukittinggi','Kota','Aur Birugo Tigo Baleh'),
(1277,32,'Sumatera Barat',93,'Bukittinggi','Kota','Guguk Panjang (Guguak Panjang)'),
(1278,32,'Sumatera Barat',93,'Bukittinggi','Kota','Mandiangin Koto Selayan'),
(1279,1,'Bali',94,'Buleleng','Kabupaten','Banjar'),
(1280,1,'Bali',94,'Buleleng','Kabupaten','Buleleng'),
(1281,1,'Bali',94,'Buleleng','Kabupaten','Busungbiu'),
(1282,1,'Bali',94,'Buleleng','Kabupaten','Gerokgak'),
(1283,1,'Bali',94,'Buleleng','Kabupaten','Kubutambahan'),
(1284,1,'Bali',94,'Buleleng','Kabupaten','Sawan'),
(1285,1,'Bali',94,'Buleleng','Kabupaten','Seririt'),
(1286,1,'Bali',94,'Buleleng','Kabupaten','Sukasada'),
(1287,1,'Bali',94,'Buleleng','Kabupaten','Tejakula'),
(1288,28,'Sulawesi Selatan',95,'Bulukumba','Kabupaten','Bonto Bahari'),
(1289,28,'Sulawesi Selatan',95,'Bulukumba','Kabupaten','Bontotiro'),
(1290,28,'Sulawesi Selatan',95,'Bulukumba','Kabupaten','Bulukumba (Bulukumpa)'),
(1291,28,'Sulawesi Selatan',95,'Bulukumba','Kabupaten','Gantorang/Gantarang (Gangking)'),
(1292,28,'Sulawesi Selatan',95,'Bulukumba','Kabupaten','Hero Lange-Lange (Herlang)'),
(1293,28,'Sulawesi Selatan',95,'Bulukumba','Kabupaten','Kajang'),
(1294,28,'Sulawesi Selatan',95,'Bulukumba','Kabupaten','Kindang'),
(1295,28,'Sulawesi Selatan',95,'Bulukumba','Kabupaten','Rilau Ale'),
(1296,28,'Sulawesi Selatan',95,'Bulukumba','Kabupaten','Ujung Bulu'),
(1297,28,'Sulawesi Selatan',95,'Bulukumba','Kabupaten','Ujung Loe'),
(1298,16,'Kalimantan Utara',96,'Bulungan (Bulongan)','Kabupaten','Peso'),
(1299,16,'Kalimantan Utara',96,'Bulungan (Bulongan)','Kabupaten','Peso Hilir/Ilir'),
(1300,16,'Kalimantan Utara',96,'Bulungan (Bulongan)','Kabupaten','Pulau Bunyu'),
(1301,16,'Kalimantan Utara',96,'Bulungan (Bulongan)','Kabupaten','Sekatak'),
(1302,16,'Kalimantan Utara',96,'Bulungan (Bulongan)','Kabupaten','Tanjung Palas'),
(1303,16,'Kalimantan Utara',96,'Bulungan (Bulongan)','Kabupaten','Tanjung Palas Barat'),
(1304,16,'Kalimantan Utara',96,'Bulungan (Bulongan)','Kabupaten','Tanjung Palas Tengah'),
(1305,16,'Kalimantan Utara',96,'Bulungan (Bulongan)','Kabupaten','Tanjung Palas Timur'),
(1306,16,'Kalimantan Utara',96,'Bulungan (Bulongan)','Kabupaten','Tanjung Palas Utara'),
(1307,16,'Kalimantan Utara',96,'Bulungan (Bulongan)','Kabupaten','Tanjung Selor'),
(1308,8,'Jambi',97,'Bungo','Kabupaten','Bathin II Babeko'),
(1309,8,'Jambi',97,'Bungo','Kabupaten','Bathin II Pelayang'),
(1310,8,'Jambi',97,'Bungo','Kabupaten','Bathin III'),
(1311,8,'Jambi',97,'Bungo','Kabupaten','Bathin III Ulu'),
(1312,8,'Jambi',97,'Bungo','Kabupaten','Bungo Dani'),
(1313,8,'Jambi',97,'Bungo','Kabupaten','Jujuhan'),
(1314,8,'Jambi',97,'Bungo','Kabupaten','Jujuhan Ilir'),
(1315,8,'Jambi',97,'Bungo','Kabupaten','Limbur Lubuk Mengkuang'),
(1316,8,'Jambi',97,'Bungo','Kabupaten','Muko-Muko Batin VII'),
(1317,8,'Jambi',97,'Bungo','Kabupaten','Pasar Muara Bungo'),
(1318,8,'Jambi',97,'Bungo','Kabupaten','Pelepat'),
(1319,8,'Jambi',97,'Bungo','Kabupaten','Pelepat Ilir'),
(1320,8,'Jambi',97,'Bungo','Kabupaten','Rantau Pandan'),
(1321,8,'Jambi',97,'Bungo','Kabupaten','Rimbo Tengah'),
(1322,8,'Jambi',97,'Bungo','Kabupaten','Tanah Sepenggal'),
(1323,8,'Jambi',97,'Bungo','Kabupaten','Tanah Sepenggal Lintas'),
(1324,8,'Jambi',97,'Bungo','Kabupaten','Tanah Tumbuh'),
(1325,29,'Sulawesi Tengah',98,'Buol','Kabupaten','Biau'),
(1326,29,'Sulawesi Tengah',98,'Buol','Kabupaten','Bokat'),
(1327,29,'Sulawesi Tengah',98,'Buol','Kabupaten','Bukal'),
(1328,29,'Sulawesi Tengah',98,'Buol','Kabupaten','Bunobogu'),
(1329,29,'Sulawesi Tengah',98,'Buol','Kabupaten','Gadung'),
(1330,29,'Sulawesi Tengah',98,'Buol','Kabupaten','Karamat'),
(1331,29,'Sulawesi Tengah',98,'Buol','Kabupaten','Lakea (Lipunoto)'),
(1332,29,'Sulawesi Tengah',98,'Buol','Kabupaten','Momunu'),
(1333,29,'Sulawesi Tengah',98,'Buol','Kabupaten','Paleleh'),
(1334,29,'Sulawesi Tengah',98,'Buol','Kabupaten','Paleleh Barat'),
(1335,29,'Sulawesi Tengah',98,'Buol','Kabupaten','Tiloan'),
(1336,19,'Maluku',99,'Buru','Kabupaten','Airbuaya'),
(1337,19,'Maluku',99,'Buru','Kabupaten','Batabual'),
(1338,19,'Maluku',99,'Buru','Kabupaten','Fena Leisela'),
(1339,19,'Maluku',99,'Buru','Kabupaten','Lilialy'),
(1340,19,'Maluku',99,'Buru','Kabupaten','Lolong Guba'),
(1341,19,'Maluku',99,'Buru','Kabupaten','Namlea'),
(1342,19,'Maluku',99,'Buru','Kabupaten','Teluk Kaiely'),
(1343,19,'Maluku',99,'Buru','Kabupaten','Waeapo'),
(1344,19,'Maluku',99,'Buru','Kabupaten','Waelata'),
(1345,19,'Maluku',99,'Buru','Kabupaten','Waplau'),
(1346,19,'Maluku',100,'Buru Selatan','Kabupaten','Ambalau'),
(1347,19,'Maluku',100,'Buru Selatan','Kabupaten','Fena Fafan'),
(1348,19,'Maluku',100,'Buru Selatan','Kabupaten','Kepala Madan'),
(1349,19,'Maluku',100,'Buru Selatan','Kabupaten','Leksula'),
(1350,19,'Maluku',100,'Buru Selatan','Kabupaten','Namrole'),
(1351,19,'Maluku',100,'Buru Selatan','Kabupaten','Waesama'),
(1352,30,'Sulawesi Tenggara',101,'Buton','Kabupaten','Batauga'),
(1353,30,'Sulawesi Tenggara',101,'Buton','Kabupaten','Batu Atas'),
(1354,30,'Sulawesi Tenggara',101,'Buton','Kabupaten','Gu'),
(1355,30,'Sulawesi Tenggara',101,'Buton','Kabupaten','Kadatua'),
(1356,30,'Sulawesi Tenggara',101,'Buton','Kabupaten','Kapontori'),
(1357,30,'Sulawesi Tenggara',101,'Buton','Kabupaten','Lakudo'),
(1358,30,'Sulawesi Tenggara',101,'Buton','Kabupaten','Lapandewa'),
(1359,30,'Sulawesi Tenggara',101,'Buton','Kabupaten','Lasalimu'),
(1360,30,'Sulawesi Tenggara',101,'Buton','Kabupaten','Lasalimu Selatan'),
(1361,30,'Sulawesi Tenggara',101,'Buton','Kabupaten','Mawasangka'),
(1362,30,'Sulawesi Tenggara',101,'Buton','Kabupaten','Mawasangka Tengah'),
(1363,30,'Sulawesi Tenggara',101,'Buton','Kabupaten','Mawasangka Timur'),
(1364,30,'Sulawesi Tenggara',101,'Buton','Kabupaten','Pasar Wajo'),
(1365,30,'Sulawesi Tenggara',101,'Buton','Kabupaten','Sampolawa'),
(1366,30,'Sulawesi Tenggara',101,'Buton','Kabupaten','Sangia Mambulu'),
(1367,30,'Sulawesi Tenggara',101,'Buton','Kabupaten','Siompu'),
(1368,30,'Sulawesi Tenggara',101,'Buton','Kabupaten','Siompu Barat'),
(1369,30,'Sulawesi Tenggara',101,'Buton','Kabupaten','Siontapia (Siontapina)'),
(1370,30,'Sulawesi Tenggara',101,'Buton','Kabupaten','Talaga Raya (Telaga Raya)'),
(1371,30,'Sulawesi Tenggara',101,'Buton','Kabupaten','Wabula'),
(1372,30,'Sulawesi Tenggara',101,'Buton','Kabupaten','Wolowa'),
(1373,30,'Sulawesi Tenggara',102,'Buton Utara','Kabupaten','Bonegunu'),
(1374,30,'Sulawesi Tenggara',102,'Buton Utara','Kabupaten','Kambowa'),
(1375,30,'Sulawesi Tenggara',102,'Buton Utara','Kabupaten','Kulisusu (Kalingsusu/Kalisusu)'),
(1376,30,'Sulawesi Tenggara',102,'Buton Utara','Kabupaten','Kulisusu Barat'),
(1377,30,'Sulawesi Tenggara',102,'Buton Utara','Kabupaten','Kulisusu Utara'),
(1378,30,'Sulawesi Tenggara',102,'Buton Utara','Kabupaten','Wakorumba Utara'),
(1379,9,'Jawa Barat',103,'Ciamis','Kabupaten','Banjarsari'),
(1380,9,'Jawa Barat',103,'Ciamis','Kabupaten','Baregbeg'),
(1381,9,'Jawa Barat',103,'Ciamis','Kabupaten','Ciamis'),
(1382,9,'Jawa Barat',103,'Ciamis','Kabupaten','Cidolog'),
(1383,9,'Jawa Barat',103,'Ciamis','Kabupaten','Cihaurbeuti'),
(1384,9,'Jawa Barat',103,'Ciamis','Kabupaten','Cijeungjing'),
(1385,9,'Jawa Barat',103,'Ciamis','Kabupaten','Cikoneng'),
(1386,9,'Jawa Barat',103,'Ciamis','Kabupaten','Cimaragas'),
(1387,9,'Jawa Barat',103,'Ciamis','Kabupaten','Cipaku'),
(1388,9,'Jawa Barat',103,'Ciamis','Kabupaten','Cisaga'),
(1389,9,'Jawa Barat',103,'Ciamis','Kabupaten','Jatinagara'),
(1390,9,'Jawa Barat',103,'Ciamis','Kabupaten','Kawali'),
(1391,9,'Jawa Barat',103,'Ciamis','Kabupaten','Lakbok'),
(1392,9,'Jawa Barat',103,'Ciamis','Kabupaten','Lumbung'),
(1393,9,'Jawa Barat',103,'Ciamis','Kabupaten','Pamarican'),
(1394,9,'Jawa Barat',103,'Ciamis','Kabupaten','Panawangan'),
(1395,9,'Jawa Barat',103,'Ciamis','Kabupaten','Panjalu'),
(1396,9,'Jawa Barat',103,'Ciamis','Kabupaten','Panumbangan'),
(1397,9,'Jawa Barat',103,'Ciamis','Kabupaten','Purwadadi'),
(1398,9,'Jawa Barat',103,'Ciamis','Kabupaten','Rajadesa'),
(1399,9,'Jawa Barat',103,'Ciamis','Kabupaten','Rancah'),
(1400,9,'Jawa Barat',103,'Ciamis','Kabupaten','Sadananya'),
(1401,9,'Jawa Barat',103,'Ciamis','Kabupaten','Sindangkasih'),
(1402,9,'Jawa Barat',103,'Ciamis','Kabupaten','Sukadana'),
(1403,9,'Jawa Barat',103,'Ciamis','Kabupaten','Sukamantri'),
(1404,9,'Jawa Barat',103,'Ciamis','Kabupaten','Tambaksari'),
(1405,9,'Jawa Barat',104,'Cianjur','Kabupaten','Agrabinta'),
(1406,9,'Jawa Barat',104,'Cianjur','Kabupaten','Bojongpicung'),
(1407,9,'Jawa Barat',104,'Cianjur','Kabupaten','Campaka'),
(1408,9,'Jawa Barat',104,'Cianjur','Kabupaten','Campaka Mulya'),
(1409,9,'Jawa Barat',104,'Cianjur','Kabupaten','Cianjur'),
(1410,9,'Jawa Barat',104,'Cianjur','Kabupaten','Cibeber'),
(1411,9,'Jawa Barat',104,'Cianjur','Kabupaten','Cibinong'),
(1412,9,'Jawa Barat',104,'Cianjur','Kabupaten','Cidaun'),
(1413,9,'Jawa Barat',104,'Cianjur','Kabupaten','Cijati'),
(1414,9,'Jawa Barat',104,'Cianjur','Kabupaten','Cikadu'),
(1415,9,'Jawa Barat',104,'Cianjur','Kabupaten','Cikalongkulon'),
(1416,9,'Jawa Barat',104,'Cianjur','Kabupaten','Cilaku'),
(1417,9,'Jawa Barat',104,'Cianjur','Kabupaten','Cipanas'),
(1418,9,'Jawa Barat',104,'Cianjur','Kabupaten','Ciranjang'),
(1419,9,'Jawa Barat',104,'Cianjur','Kabupaten','Cugenang'),
(1420,9,'Jawa Barat',104,'Cianjur','Kabupaten','Gekbrong'),
(1421,9,'Jawa Barat',104,'Cianjur','Kabupaten','Haurwangi'),
(1422,9,'Jawa Barat',104,'Cianjur','Kabupaten','Kadupandak'),
(1423,9,'Jawa Barat',104,'Cianjur','Kabupaten','Karangtengah'),
(1424,9,'Jawa Barat',104,'Cianjur','Kabupaten','Leles'),
(1425,9,'Jawa Barat',104,'Cianjur','Kabupaten','Mande'),
(1426,9,'Jawa Barat',104,'Cianjur','Kabupaten','Naringgul'),
(1427,9,'Jawa Barat',104,'Cianjur','Kabupaten','Pacet'),
(1428,9,'Jawa Barat',104,'Cianjur','Kabupaten','Pagelaran'),
(1429,9,'Jawa Barat',104,'Cianjur','Kabupaten','Pasirkuda'),
(1430,9,'Jawa Barat',104,'Cianjur','Kabupaten','Sindangbarang'),
(1431,9,'Jawa Barat',104,'Cianjur','Kabupaten','Sukaluyu'),
(1432,9,'Jawa Barat',104,'Cianjur','Kabupaten','Sukanagara'),
(1433,9,'Jawa Barat',104,'Cianjur','Kabupaten','Sukaresmi'),
(1434,9,'Jawa Barat',104,'Cianjur','Kabupaten','Takokak'),
(1435,9,'Jawa Barat',104,'Cianjur','Kabupaten','Tanggeung'),
(1436,9,'Jawa Barat',104,'Cianjur','Kabupaten','Warungkondang'),
(1437,10,'Jawa Tengah',105,'Cilacap','Kabupaten','Adipala'),
(1438,10,'Jawa Tengah',105,'Cilacap','Kabupaten','Bantarsari'),
(1439,10,'Jawa Tengah',105,'Cilacap','Kabupaten','Binangun'),
(1440,10,'Jawa Tengah',105,'Cilacap','Kabupaten','Cilacap Selatan'),
(1441,10,'Jawa Tengah',105,'Cilacap','Kabupaten','Cilacap Tengah'),
(1442,10,'Jawa Tengah',105,'Cilacap','Kabupaten','Cilacap Utara'),
(1443,10,'Jawa Tengah',105,'Cilacap','Kabupaten','Cimanggu'),
(1444,10,'Jawa Tengah',105,'Cilacap','Kabupaten','Cipari'),
(1445,10,'Jawa Tengah',105,'Cilacap','Kabupaten','Dayeuhluhur'),
(1446,10,'Jawa Tengah',105,'Cilacap','Kabupaten','Gandrungmangu'),
(1447,10,'Jawa Tengah',105,'Cilacap','Kabupaten','Jeruklegi'),
(1448,10,'Jawa Tengah',105,'Cilacap','Kabupaten','Kampung Laut'),
(1449,10,'Jawa Tengah',105,'Cilacap','Kabupaten','Karangpucung'),
(1450,10,'Jawa Tengah',105,'Cilacap','Kabupaten','Kawunganten'),
(1451,10,'Jawa Tengah',105,'Cilacap','Kabupaten','Kedungreja'),
(1452,10,'Jawa Tengah',105,'Cilacap','Kabupaten','Kesugihan'),
(1453,10,'Jawa Tengah',105,'Cilacap','Kabupaten','Kroya'),
(1454,10,'Jawa Tengah',105,'Cilacap','Kabupaten','Majenang'),
(1455,10,'Jawa Tengah',105,'Cilacap','Kabupaten','Maos'),
(1456,10,'Jawa Tengah',105,'Cilacap','Kabupaten','Nusawungu'),
(1457,10,'Jawa Tengah',105,'Cilacap','Kabupaten','Patimuan'),
(1458,10,'Jawa Tengah',105,'Cilacap','Kabupaten','Sampang'),
(1459,10,'Jawa Tengah',105,'Cilacap','Kabupaten','Sidareja'),
(1460,10,'Jawa Tengah',105,'Cilacap','Kabupaten','Wanareja'),
(1461,3,'Banten',106,'Cilegon','Kota','Cibeber'),
(1462,3,'Banten',106,'Cilegon','Kota','Cilegon'),
(1463,3,'Banten',106,'Cilegon','Kota','Citangkil'),
(1464,3,'Banten',106,'Cilegon','Kota','Ciwandan'),
(1465,3,'Banten',106,'Cilegon','Kota','Gerogol'),
(1466,3,'Banten',106,'Cilegon','Kota','Jombang'),
(1467,3,'Banten',106,'Cilegon','Kota','Pulomerak'),
(1468,3,'Banten',106,'Cilegon','Kota','Purwakarta'),
(1469,9,'Jawa Barat',107,'Cimahi','Kota','Cimahi Selatan'),
(1470,9,'Jawa Barat',107,'Cimahi','Kota','Cimahi Tengah'),
(1471,9,'Jawa Barat',107,'Cimahi','Kota','Cimahi Utara'),
(1472,9,'Jawa Barat',108,'Cirebon','Kabupaten','Arjawinangun'),
(1473,9,'Jawa Barat',108,'Cirebon','Kabupaten','Astanajapura'),
(1474,9,'Jawa Barat',108,'Cirebon','Kabupaten','Babakan'),
(1475,9,'Jawa Barat',108,'Cirebon','Kabupaten','Beber'),
(1476,9,'Jawa Barat',108,'Cirebon','Kabupaten','Ciledug'),
(1477,9,'Jawa Barat',108,'Cirebon','Kabupaten','Ciwaringin'),
(1478,9,'Jawa Barat',108,'Cirebon','Kabupaten','Depok'),
(1479,9,'Jawa Barat',108,'Cirebon','Kabupaten','Dukupuntang'),
(1480,9,'Jawa Barat',108,'Cirebon','Kabupaten','Gebang'),
(1481,9,'Jawa Barat',108,'Cirebon','Kabupaten','Gegesik'),
(1482,9,'Jawa Barat',108,'Cirebon','Kabupaten','Gempol'),
(1483,9,'Jawa Barat',108,'Cirebon','Kabupaten','Greged (Greget)'),
(1484,9,'Jawa Barat',108,'Cirebon','Kabupaten','Gunung Jati (Cirebon Utara)'),
(1485,9,'Jawa Barat',108,'Cirebon','Kabupaten','Jamblang'),
(1486,9,'Jawa Barat',108,'Cirebon','Kabupaten','Kaliwedi'),
(1487,9,'Jawa Barat',108,'Cirebon','Kabupaten','Kapetakan'),
(1488,9,'Jawa Barat',108,'Cirebon','Kabupaten','Karangsembung'),
(1489,9,'Jawa Barat',108,'Cirebon','Kabupaten','Karangwareng'),
(1490,9,'Jawa Barat',108,'Cirebon','Kabupaten','Kedawung'),
(1491,9,'Jawa Barat',108,'Cirebon','Kabupaten','Klangenan'),
(1492,9,'Jawa Barat',108,'Cirebon','Kabupaten','Lemahabang'),
(1493,9,'Jawa Barat',108,'Cirebon','Kabupaten','Losari'),
(1494,9,'Jawa Barat',108,'Cirebon','Kabupaten','Mundu'),
(1495,9,'Jawa Barat',108,'Cirebon','Kabupaten','Pabedilan'),
(1496,9,'Jawa Barat',108,'Cirebon','Kabupaten','Pabuaran'),
(1497,9,'Jawa Barat',108,'Cirebon','Kabupaten','Palimanan'),
(1498,9,'Jawa Barat',108,'Cirebon','Kabupaten','Pangenan'),
(1499,9,'Jawa Barat',108,'Cirebon','Kabupaten','Panguragan'),
(1500,9,'Jawa Barat',108,'Cirebon','Kabupaten','Pasaleman'),
(1501,9,'Jawa Barat',108,'Cirebon','Kabupaten','Plered'),
(1502,9,'Jawa Barat',108,'Cirebon','Kabupaten','Plumbon'),
(1503,9,'Jawa Barat',108,'Cirebon','Kabupaten','Sedong'),
(1504,9,'Jawa Barat',108,'Cirebon','Kabupaten','Sumber'),
(1505,9,'Jawa Barat',108,'Cirebon','Kabupaten','Suranenggala'),
(1506,9,'Jawa Barat',108,'Cirebon','Kabupaten','Susukan'),
(1507,9,'Jawa Barat',108,'Cirebon','Kabupaten','Susukan Lebak'),
(1508,9,'Jawa Barat',108,'Cirebon','Kabupaten','Talun (Cirebon Selatan)'),
(1509,9,'Jawa Barat',108,'Cirebon','Kabupaten','Tengah Tani'),
(1510,9,'Jawa Barat',108,'Cirebon','Kabupaten','Waled'),
(1511,9,'Jawa Barat',108,'Cirebon','Kabupaten','Weru'),
(1512,9,'Jawa Barat',109,'Cirebon','Kota','Harjamukti'),
(1513,9,'Jawa Barat',109,'Cirebon','Kota','Kejaksan'),
(1514,9,'Jawa Barat',109,'Cirebon','Kota','Kesambi'),
(1515,9,'Jawa Barat',109,'Cirebon','Kota','Lemahwungkuk'),
(1516,9,'Jawa Barat',109,'Cirebon','Kota','Pekalipan'),
(1517,34,'Sumatera Utara',110,'Dairi','Kabupaten','Berampu (Brampu)'),
(1518,34,'Sumatera Utara',110,'Dairi','Kabupaten','Gunung Sitember'),
(1519,34,'Sumatera Utara',110,'Dairi','Kabupaten','Lae Parira'),
(1520,34,'Sumatera Utara',110,'Dairi','Kabupaten','Parbuluan'),
(1521,34,'Sumatera Utara',110,'Dairi','Kabupaten','Pegagan Hilir'),
(1522,34,'Sumatera Utara',110,'Dairi','Kabupaten','Sidikalang'),
(1523,34,'Sumatera Utara',110,'Dairi','Kabupaten','Siempat Nempu'),
(1524,34,'Sumatera Utara',110,'Dairi','Kabupaten','Siempat Nempu Hilir'),
(1525,34,'Sumatera Utara',110,'Dairi','Kabupaten','Siempat Nempu Hulu'),
(1526,34,'Sumatera Utara',110,'Dairi','Kabupaten','Silahi Sabungan'),
(1527,34,'Sumatera Utara',110,'Dairi','Kabupaten','Silima Pungga-Pungga'),
(1528,34,'Sumatera Utara',110,'Dairi','Kabupaten','Sitinjo'),
(1529,34,'Sumatera Utara',110,'Dairi','Kabupaten','Sumbul'),
(1530,34,'Sumatera Utara',110,'Dairi','Kabupaten','Tanah Pinem'),
(1531,34,'Sumatera Utara',110,'Dairi','Kabupaten','Tiga Lingga'),
(1532,24,'Papua',111,'Deiyai (Deliyai)','Kabupaten','Bowobado'),
(1533,24,'Papua',111,'Deiyai (Deliyai)','Kabupaten','Kapiraya'),
(1534,24,'Papua',111,'Deiyai (Deliyai)','Kabupaten','Tigi'),
(1535,24,'Papua',111,'Deiyai (Deliyai)','Kabupaten','Tigi Barat'),
(1536,24,'Papua',111,'Deiyai (Deliyai)','Kabupaten','Tigi Timur'),
(1537,34,'Sumatera Utara',112,'Deli Serdang','Kabupaten','Bangun Purba'),
(1538,34,'Sumatera Utara',112,'Deli Serdang','Kabupaten','Batang Kuis'),
(1539,34,'Sumatera Utara',112,'Deli Serdang','Kabupaten','Beringin'),
(1540,34,'Sumatera Utara',112,'Deli Serdang','Kabupaten','Biru-Biru'),
(1541,34,'Sumatera Utara',112,'Deli Serdang','Kabupaten','Deli Tua'),
(1542,34,'Sumatera Utara',112,'Deli Serdang','Kabupaten','Galang'),
(1543,34,'Sumatera Utara',112,'Deli Serdang','Kabupaten','Gunung Meriah'),
(1544,34,'Sumatera Utara',112,'Deli Serdang','Kabupaten','Hamparan Perak'),
(1545,34,'Sumatera Utara',112,'Deli Serdang','Kabupaten','Kutalimbaru'),
(1546,34,'Sumatera Utara',112,'Deli Serdang','Kabupaten','Labuhan Deli'),
(1547,34,'Sumatera Utara',112,'Deli Serdang','Kabupaten','Lubuk Pakam'),
(1548,34,'Sumatera Utara',112,'Deli Serdang','Kabupaten','Namo Rambe'),
(1549,34,'Sumatera Utara',112,'Deli Serdang','Kabupaten','Pagar Merbau'),
(1550,34,'Sumatera Utara',112,'Deli Serdang','Kabupaten','Pancur Batu'),
(1551,34,'Sumatera Utara',112,'Deli Serdang','Kabupaten','Pantai Labu'),
(1552,34,'Sumatera Utara',112,'Deli Serdang','Kabupaten','Patumbak'),
(1553,34,'Sumatera Utara',112,'Deli Serdang','Kabupaten','Percut Sei Tuan'),
(1554,34,'Sumatera Utara',112,'Deli Serdang','Kabupaten','Sibolangit'),
(1555,34,'Sumatera Utara',112,'Deli Serdang','Kabupaten','Sinembah Tanjung Muda Hilir'),
(1556,34,'Sumatera Utara',112,'Deli Serdang','Kabupaten','Sinembah Tanjung Muda Hulu'),
(1557,34,'Sumatera Utara',112,'Deli Serdang','Kabupaten','Sunggal'),
(1558,34,'Sumatera Utara',112,'Deli Serdang','Kabupaten','Tanjung Morawa'),
(1559,10,'Jawa Tengah',113,'Demak','Kabupaten','Bonang'),
(1560,10,'Jawa Tengah',113,'Demak','Kabupaten','Demak'),
(1561,10,'Jawa Tengah',113,'Demak','Kabupaten','Dempet'),
(1562,10,'Jawa Tengah',113,'Demak','Kabupaten','Gajah'),
(1563,10,'Jawa Tengah',113,'Demak','Kabupaten','Guntur'),
(1564,10,'Jawa Tengah',113,'Demak','Kabupaten','Karang Tengah'),
(1565,10,'Jawa Tengah',113,'Demak','Kabupaten','Karanganyar'),
(1566,10,'Jawa Tengah',113,'Demak','Kabupaten','Karangawen'),
(1567,10,'Jawa Tengah',113,'Demak','Kabupaten','Kebonagung'),
(1568,10,'Jawa Tengah',113,'Demak','Kabupaten','Mijen'),
(1569,10,'Jawa Tengah',113,'Demak','Kabupaten','Mranggen'),
(1570,10,'Jawa Tengah',113,'Demak','Kabupaten','Sayung'),
(1571,10,'Jawa Tengah',113,'Demak','Kabupaten','Wedung'),
(1572,10,'Jawa Tengah',113,'Demak','Kabupaten','Wonosalam'),
(1573,1,'Bali',114,'Denpasar','Kota','Denpasar Barat'),
(1574,1,'Bali',114,'Denpasar','Kota','Denpasar Selatan'),
(1575,1,'Bali',114,'Denpasar','Kota','Denpasar Timur'),
(1576,1,'Bali',114,'Denpasar','Kota','Denpasar Utara'),
(1577,9,'Jawa Barat',115,'Depok','Kota','Beji'),
(1578,9,'Jawa Barat',115,'Depok','Kota','Bojongsari'),
(1579,9,'Jawa Barat',115,'Depok','Kota','Cilodong'),
(1580,9,'Jawa Barat',115,'Depok','Kota','Cimanggis'),
(1581,9,'Jawa Barat',115,'Depok','Kota','Cinere'),
(1582,9,'Jawa Barat',115,'Depok','Kota','Cipayung'),
(1583,9,'Jawa Barat',115,'Depok','Kota','Limo'),
(1584,9,'Jawa Barat',115,'Depok','Kota','Pancoran Mas'),
(1585,9,'Jawa Barat',115,'Depok','Kota','Sawangan'),
(1586,9,'Jawa Barat',115,'Depok','Kota','Sukmajaya'),
(1587,9,'Jawa Barat',115,'Depok','Kota','Tapos'),
(1588,32,'Sumatera Barat',116,'Dharmasraya','Kabupaten','Asam Jujuhan'),
(1589,32,'Sumatera Barat',116,'Dharmasraya','Kabupaten','Koto Baru'),
(1590,32,'Sumatera Barat',116,'Dharmasraya','Kabupaten','Koto Besar'),
(1591,32,'Sumatera Barat',116,'Dharmasraya','Kabupaten','Koto Salak'),
(1592,32,'Sumatera Barat',116,'Dharmasraya','Kabupaten','Padang Laweh'),
(1593,32,'Sumatera Barat',116,'Dharmasraya','Kabupaten','Pulau Punjung'),
(1594,32,'Sumatera Barat',116,'Dharmasraya','Kabupaten','Sembilan Koto (IX Koto)'),
(1595,32,'Sumatera Barat',116,'Dharmasraya','Kabupaten','Sitiung'),
(1596,32,'Sumatera Barat',116,'Dharmasraya','Kabupaten','Sungai Rumbai'),
(1597,32,'Sumatera Barat',116,'Dharmasraya','Kabupaten','Timpeh'),
(1598,32,'Sumatera Barat',116,'Dharmasraya','Kabupaten','Tiumang'),
(1599,24,'Papua',117,'Dogiyai','Kabupaten','Dogiyai'),
(1600,24,'Papua',117,'Dogiyai','Kabupaten','Kamu'),
(1601,24,'Papua',117,'Dogiyai','Kabupaten','Kamu Selatan'),
(1602,24,'Papua',117,'Dogiyai','Kabupaten','Kamu Timur'),
(1603,24,'Papua',117,'Dogiyai','Kabupaten','Kamu Utara (Ikrar/Ikrat)'),
(1604,24,'Papua',117,'Dogiyai','Kabupaten','Mapia'),
(1605,24,'Papua',117,'Dogiyai','Kabupaten','Mapia Barat'),
(1606,24,'Papua',117,'Dogiyai','Kabupaten','Mapia Tengah'),
(1607,24,'Papua',117,'Dogiyai','Kabupaten','Piyaiye (Sukikai)'),
(1608,24,'Papua',117,'Dogiyai','Kabupaten','Sukikai Selatan'),
(1609,22,'Nusa Tenggara Barat (NTB)',118,'Dompu','Kabupaten','Dompu'),
(1610,22,'Nusa Tenggara Barat (NTB)',118,'Dompu','Kabupaten','Hu\'u'),
(1611,22,'Nusa Tenggara Barat (NTB)',118,'Dompu','Kabupaten','Kempo'),
(1612,22,'Nusa Tenggara Barat (NTB)',118,'Dompu','Kabupaten','Kilo'),
(1613,22,'Nusa Tenggara Barat (NTB)',118,'Dompu','Kabupaten','Menggelewa (Manggelewa)'),
(1614,22,'Nusa Tenggara Barat (NTB)',118,'Dompu','Kabupaten','Pajo'),
(1615,22,'Nusa Tenggara Barat (NTB)',118,'Dompu','Kabupaten','Pekat'),
(1616,22,'Nusa Tenggara Barat (NTB)',118,'Dompu','Kabupaten','Woja'),
(1617,29,'Sulawesi Tengah',119,'Donggala','Kabupaten','Balaesang'),
(1618,29,'Sulawesi Tengah',119,'Donggala','Kabupaten','Balaesang Tanjung'),
(1619,29,'Sulawesi Tengah',119,'Donggala','Kabupaten','Banawa'),
(1620,29,'Sulawesi Tengah',119,'Donggala','Kabupaten','Banawa Selatan'),
(1621,29,'Sulawesi Tengah',119,'Donggala','Kabupaten','Banawa Tengah'),
(1622,29,'Sulawesi Tengah',119,'Donggala','Kabupaten','Damsol (Dampelas Sojol)'),
(1623,29,'Sulawesi Tengah',119,'Donggala','Kabupaten','Labuan'),
(1624,29,'Sulawesi Tengah',119,'Donggala','Kabupaten','Pinembani'),
(1625,29,'Sulawesi Tengah',119,'Donggala','Kabupaten','Rio Pakava (Riopakawa)'),
(1626,29,'Sulawesi Tengah',119,'Donggala','Kabupaten','Sindue'),
(1627,29,'Sulawesi Tengah',119,'Donggala','Kabupaten','Sindue Tobata'),
(1628,29,'Sulawesi Tengah',119,'Donggala','Kabupaten','Sindue Tombusabora'),
(1629,29,'Sulawesi Tengah',119,'Donggala','Kabupaten','Sirenja'),
(1630,29,'Sulawesi Tengah',119,'Donggala','Kabupaten','Sojol'),
(1631,29,'Sulawesi Tengah',119,'Donggala','Kabupaten','Sojol Utara'),
(1632,29,'Sulawesi Tengah',119,'Donggala','Kabupaten','Tanantovea'),
(1633,26,'Riau',120,'Dumai','Kota','Bukit Kapur'),
(1634,26,'Riau',120,'Dumai','Kota','Dumai Barat'),
(1635,26,'Riau',120,'Dumai','Kota','Dumai Kota'),
(1636,26,'Riau',120,'Dumai','Kota','Dumai Selatan'),
(1637,26,'Riau',120,'Dumai','Kota','Dumai Timur'),
(1638,26,'Riau',120,'Dumai','Kota','Medang Kampai'),
(1639,26,'Riau',120,'Dumai','Kota','Sungai Sembilan'),
(1640,33,'Sumatera Selatan',121,'Empat Lawang','Kabupaten','Lintang Kanan'),
(1641,33,'Sumatera Selatan',121,'Empat Lawang','Kabupaten','Muara Pinang'),
(1642,33,'Sumatera Selatan',121,'Empat Lawang','Kabupaten','Pasemah Air Keruh'),
(1643,33,'Sumatera Selatan',121,'Empat Lawang','Kabupaten','Pendopo'),
(1644,33,'Sumatera Selatan',121,'Empat Lawang','Kabupaten','Pendopo Barat'),
(1645,33,'Sumatera Selatan',121,'Empat Lawang','Kabupaten','Saling'),
(1646,33,'Sumatera Selatan',121,'Empat Lawang','Kabupaten','Sikap Dalam'),
(1647,33,'Sumatera Selatan',121,'Empat Lawang','Kabupaten','Talang Padang'),
(1648,33,'Sumatera Selatan',121,'Empat Lawang','Kabupaten','Tebing Tinggi'),
(1649,33,'Sumatera Selatan',121,'Empat Lawang','Kabupaten','Ulu Musi'),
(1650,23,'Nusa Tenggara Timur (NTT)',122,'Ende','Kabupaten','Detukeli'),
(1651,23,'Nusa Tenggara Timur (NTT)',122,'Ende','Kabupaten','Detusoko'),
(1652,23,'Nusa Tenggara Timur (NTT)',122,'Ende','Kabupaten','Ende'),
(1653,23,'Nusa Tenggara Timur (NTT)',122,'Ende','Kabupaten','Ende Selatan'),
(1654,23,'Nusa Tenggara Timur (NTT)',122,'Ende','Kabupaten','Ende Tengah'),
(1655,23,'Nusa Tenggara Timur (NTT)',122,'Ende','Kabupaten','Ende Timur'),
(1656,23,'Nusa Tenggara Timur (NTT)',122,'Ende','Kabupaten','Ende Utara'),
(1657,23,'Nusa Tenggara Timur (NTT)',122,'Ende','Kabupaten','Kelimutu'),
(1658,23,'Nusa Tenggara Timur (NTT)',122,'Ende','Kabupaten','Kotabaru'),
(1659,23,'Nusa Tenggara Timur (NTT)',122,'Ende','Kabupaten','Lepembusu Kelisoke'),
(1660,23,'Nusa Tenggara Timur (NTT)',122,'Ende','Kabupaten','Lio Timur'),
(1661,23,'Nusa Tenggara Timur (NTT)',122,'Ende','Kabupaten','Maukaro'),
(1662,23,'Nusa Tenggara Timur (NTT)',122,'Ende','Kabupaten','Maurole'),
(1663,23,'Nusa Tenggara Timur (NTT)',122,'Ende','Kabupaten','Nangapanda'),
(1664,23,'Nusa Tenggara Timur (NTT)',122,'Ende','Kabupaten','Ndona'),
(1665,23,'Nusa Tenggara Timur (NTT)',122,'Ende','Kabupaten','Ndona Timur'),
(1666,23,'Nusa Tenggara Timur (NTT)',122,'Ende','Kabupaten','Ndori'),
(1667,23,'Nusa Tenggara Timur (NTT)',122,'Ende','Kabupaten','Pulau Ende'),
(1668,23,'Nusa Tenggara Timur (NTT)',122,'Ende','Kabupaten','Wewaria'),
(1669,23,'Nusa Tenggara Timur (NTT)',122,'Ende','Kabupaten','Wolojita'),
(1670,23,'Nusa Tenggara Timur (NTT)',122,'Ende','Kabupaten','Wolowaru'),
(1671,28,'Sulawesi Selatan',123,'Enrekang','Kabupaten','Alla'),
(1672,28,'Sulawesi Selatan',123,'Enrekang','Kabupaten','Anggeraja'),
(1673,28,'Sulawesi Selatan',123,'Enrekang','Kabupaten','Baraka'),
(1674,28,'Sulawesi Selatan',123,'Enrekang','Kabupaten','Baroko'),
(1675,28,'Sulawesi Selatan',123,'Enrekang','Kabupaten','Bungin'),
(1676,28,'Sulawesi Selatan',123,'Enrekang','Kabupaten','Buntu Batu'),
(1677,28,'Sulawesi Selatan',123,'Enrekang','Kabupaten','Cendana'),
(1678,28,'Sulawesi Selatan',123,'Enrekang','Kabupaten','Curio'),
(1679,28,'Sulawesi Selatan',123,'Enrekang','Kabupaten','Enrekang'),
(1680,28,'Sulawesi Selatan',123,'Enrekang','Kabupaten','Maiwa'),
(1681,28,'Sulawesi Selatan',123,'Enrekang','Kabupaten','Malua'),
(1682,28,'Sulawesi Selatan',123,'Enrekang','Kabupaten','Masalle'),
(1683,25,'Papua Barat',124,'Fakfak','Kabupaten','Bombarai (Bomberay)'),
(1684,25,'Papua Barat',124,'Fakfak','Kabupaten','Fakfak'),
(1685,25,'Papua Barat',124,'Fakfak','Kabupaten','Fakfak Barat'),
(1686,25,'Papua Barat',124,'Fakfak','Kabupaten','Fakfak Tengah'),
(1687,25,'Papua Barat',124,'Fakfak','Kabupaten','Fakfak Timur'),
(1688,25,'Papua Barat',124,'Fakfak','Kabupaten','Karas'),
(1689,25,'Papua Barat',124,'Fakfak','Kabupaten','Kokas'),
(1690,25,'Papua Barat',124,'Fakfak','Kabupaten','Kramongmongga (Kramamongga)'),
(1691,25,'Papua Barat',124,'Fakfak','Kabupaten','Teluk Patipi'),
(1692,23,'Nusa Tenggara Timur (NTT)',125,'Flores Timur','Kabupaten','Adonara'),
(1693,23,'Nusa Tenggara Timur (NTT)',125,'Flores Timur','Kabupaten','Adonara Barat'),
(1694,23,'Nusa Tenggara Timur (NTT)',125,'Flores Timur','Kabupaten','Adonara Tengah'),
(1695,23,'Nusa Tenggara Timur (NTT)',125,'Flores Timur','Kabupaten','Adonara Timur'),
(1696,23,'Nusa Tenggara Timur (NTT)',125,'Flores Timur','Kabupaten','Demon Pagong'),
(1697,23,'Nusa Tenggara Timur (NTT)',125,'Flores Timur','Kabupaten','Ile Boleng'),
(1698,23,'Nusa Tenggara Timur (NTT)',125,'Flores Timur','Kabupaten','Ile Bura'),
(1699,23,'Nusa Tenggara Timur (NTT)',125,'Flores Timur','Kabupaten','Ile Mandiri'),
(1700,23,'Nusa Tenggara Timur (NTT)',125,'Flores Timur','Kabupaten','Kelubagolit (Klubagolit)'),
(1701,23,'Nusa Tenggara Timur (NTT)',125,'Flores Timur','Kabupaten','Larantuka'),
(1702,23,'Nusa Tenggara Timur (NTT)',125,'Flores Timur','Kabupaten','Lewolema'),
(1703,23,'Nusa Tenggara Timur (NTT)',125,'Flores Timur','Kabupaten','Solor Barat'),
(1704,23,'Nusa Tenggara Timur (NTT)',125,'Flores Timur','Kabupaten','Solor Selatan'),
(1705,23,'Nusa Tenggara Timur (NTT)',125,'Flores Timur','Kabupaten','Solor Timur'),
(1706,23,'Nusa Tenggara Timur (NTT)',125,'Flores Timur','Kabupaten','Tanjung Bunga'),
(1707,23,'Nusa Tenggara Timur (NTT)',125,'Flores Timur','Kabupaten','Titehena'),
(1708,23,'Nusa Tenggara Timur (NTT)',125,'Flores Timur','Kabupaten','Witihama (Watihama)'),
(1709,23,'Nusa Tenggara Timur (NTT)',125,'Flores Timur','Kabupaten','Wotan Ulumado'),
(1710,23,'Nusa Tenggara Timur (NTT)',125,'Flores Timur','Kabupaten','Wulanggitang'),
(1711,9,'Jawa Barat',126,'Garut','Kabupaten','Banjarwangi'),
(1712,9,'Jawa Barat',126,'Garut','Kabupaten','Banyuresmi'),
(1713,9,'Jawa Barat',126,'Garut','Kabupaten','Bayongbong'),
(1714,9,'Jawa Barat',126,'Garut','Kabupaten','Blubur Limbangan'),
(1715,9,'Jawa Barat',126,'Garut','Kabupaten','Bungbulang'),
(1716,9,'Jawa Barat',126,'Garut','Kabupaten','Caringin'),
(1717,9,'Jawa Barat',126,'Garut','Kabupaten','Cibalong'),
(1718,9,'Jawa Barat',126,'Garut','Kabupaten','Cibatu'),
(1719,9,'Jawa Barat',126,'Garut','Kabupaten','Cibiuk'),
(1720,9,'Jawa Barat',126,'Garut','Kabupaten','Cigedug'),
(1721,9,'Jawa Barat',126,'Garut','Kabupaten','Cihurip'),
(1722,9,'Jawa Barat',126,'Garut','Kabupaten','Cikajang'),
(1723,9,'Jawa Barat',126,'Garut','Kabupaten','Cikelet'),
(1724,9,'Jawa Barat',126,'Garut','Kabupaten','Cilawu'),
(1725,9,'Jawa Barat',126,'Garut','Kabupaten','Cisewu'),
(1726,9,'Jawa Barat',126,'Garut','Kabupaten','Cisompet'),
(1727,9,'Jawa Barat',126,'Garut','Kabupaten','Cisurupan'),
(1728,9,'Jawa Barat',126,'Garut','Kabupaten','Garut Kota'),
(1729,9,'Jawa Barat',126,'Garut','Kabupaten','Kadungora'),
(1730,9,'Jawa Barat',126,'Garut','Kabupaten','Karangpawitan'),
(1731,9,'Jawa Barat',126,'Garut','Kabupaten','Karangtengah'),
(1732,9,'Jawa Barat',126,'Garut','Kabupaten','Kersamanah'),
(1733,9,'Jawa Barat',126,'Garut','Kabupaten','Leles'),
(1734,9,'Jawa Barat',126,'Garut','Kabupaten','Leuwigoong'),
(1735,9,'Jawa Barat',126,'Garut','Kabupaten','Malangbong'),
(1736,9,'Jawa Barat',126,'Garut','Kabupaten','Mekarmukti'),
(1737,9,'Jawa Barat',126,'Garut','Kabupaten','Pakenjeng'),
(1738,9,'Jawa Barat',126,'Garut','Kabupaten','Pameungpeuk'),
(1739,9,'Jawa Barat',126,'Garut','Kabupaten','Pamulihan'),
(1740,9,'Jawa Barat',126,'Garut','Kabupaten','Pangatikan'),
(1741,9,'Jawa Barat',126,'Garut','Kabupaten','Pasirwangi'),
(1742,9,'Jawa Barat',126,'Garut','Kabupaten','Peundeuy'),
(1743,9,'Jawa Barat',126,'Garut','Kabupaten','Samarang'),
(1744,9,'Jawa Barat',126,'Garut','Kabupaten','Selaawi'),
(1745,9,'Jawa Barat',126,'Garut','Kabupaten','Singajaya'),
(1746,9,'Jawa Barat',126,'Garut','Kabupaten','Sucinaraja'),
(1747,9,'Jawa Barat',126,'Garut','Kabupaten','Sukaresmi'),
(1748,9,'Jawa Barat',126,'Garut','Kabupaten','Sukawening'),
(1749,9,'Jawa Barat',126,'Garut','Kabupaten','Talegong'),
(1750,9,'Jawa Barat',126,'Garut','Kabupaten','Tarogong Kaler'),
(1751,9,'Jawa Barat',126,'Garut','Kabupaten','Tarogong Kidul'),
(1752,9,'Jawa Barat',126,'Garut','Kabupaten','Wanaraja'),
(1753,21,'Nanggroe Aceh Darussalam (NAD)',127,'Gayo Lues','Kabupaten','Blang Jerango'),
(1754,21,'Nanggroe Aceh Darussalam (NAD)',127,'Gayo Lues','Kabupaten','Blang Kejeren'),
(1755,21,'Nanggroe Aceh Darussalam (NAD)',127,'Gayo Lues','Kabupaten','Blang Pegayon'),
(1756,21,'Nanggroe Aceh Darussalam (NAD)',127,'Gayo Lues','Kabupaten','Dabun Gelang (Debun Gelang)'),
(1757,21,'Nanggroe Aceh Darussalam (NAD)',127,'Gayo Lues','Kabupaten','Kuta Panjang'),
(1758,21,'Nanggroe Aceh Darussalam (NAD)',127,'Gayo Lues','Kabupaten','Pantan Cuaca'),
(1759,21,'Nanggroe Aceh Darussalam (NAD)',127,'Gayo Lues','Kabupaten','Pining (Pinding)'),
(1760,21,'Nanggroe Aceh Darussalam (NAD)',127,'Gayo Lues','Kabupaten','Putri Betung'),
(1761,21,'Nanggroe Aceh Darussalam (NAD)',127,'Gayo Lues','Kabupaten','Rikit Gaib'),
(1762,21,'Nanggroe Aceh Darussalam (NAD)',127,'Gayo Lues','Kabupaten','Terangun (Terangon)'),
(1763,21,'Nanggroe Aceh Darussalam (NAD)',127,'Gayo Lues','Kabupaten','Teripe/Tripe Jaya'),
(1764,1,'Bali',128,'Gianyar','Kabupaten','Belah Batuh (Blahbatuh)'),
(1765,1,'Bali',128,'Gianyar','Kabupaten','Gianyar'),
(1766,1,'Bali',128,'Gianyar','Kabupaten','Payangan'),
(1767,1,'Bali',128,'Gianyar','Kabupaten','Sukawati'),
(1768,1,'Bali',128,'Gianyar','Kabupaten','Tampak Siring'),
(1769,1,'Bali',128,'Gianyar','Kabupaten','Tegallalang'),
(1770,1,'Bali',128,'Gianyar','Kabupaten','Ubud'),
(1771,7,'Gorontalo',129,'Gorontalo','Kabupaten','Asparaga'),
(1772,7,'Gorontalo',129,'Gorontalo','Kabupaten','Batudaa'),
(1773,7,'Gorontalo',129,'Gorontalo','Kabupaten','Batudaa Pantai'),
(1774,7,'Gorontalo',129,'Gorontalo','Kabupaten','Bilato'),
(1775,7,'Gorontalo',129,'Gorontalo','Kabupaten','Biluhu'),
(1776,7,'Gorontalo',129,'Gorontalo','Kabupaten','Boliohuto (Boliyohuto)'),
(1777,7,'Gorontalo',129,'Gorontalo','Kabupaten','Bongomeme'),
(1778,7,'Gorontalo',129,'Gorontalo','Kabupaten','Dungaliyo'),
(1779,7,'Gorontalo',129,'Gorontalo','Kabupaten','Limboto'),
(1780,7,'Gorontalo',129,'Gorontalo','Kabupaten','Limboto Barat'),
(1781,7,'Gorontalo',129,'Gorontalo','Kabupaten','Mootilango'),
(1782,7,'Gorontalo',129,'Gorontalo','Kabupaten','Pulubala'),
(1783,7,'Gorontalo',129,'Gorontalo','Kabupaten','Tabongo'),
(1784,7,'Gorontalo',129,'Gorontalo','Kabupaten','Telaga'),
(1785,7,'Gorontalo',129,'Gorontalo','Kabupaten','Telaga Biru'),
(1786,7,'Gorontalo',129,'Gorontalo','Kabupaten','Telaga Jaya'),
(1787,7,'Gorontalo',129,'Gorontalo','Kabupaten','Tibawa'),
(1788,7,'Gorontalo',129,'Gorontalo','Kabupaten','Tilango'),
(1789,7,'Gorontalo',129,'Gorontalo','Kabupaten','Tolangohula'),
(1790,7,'Gorontalo',130,'Gorontalo','Kota','Dumbo Raya'),
(1791,7,'Gorontalo',130,'Gorontalo','Kota','Dungingi'),
(1792,7,'Gorontalo',130,'Gorontalo','Kota','Hulonthalangi'),
(1793,7,'Gorontalo',130,'Gorontalo','Kota','Kota Barat'),
(1794,7,'Gorontalo',130,'Gorontalo','Kota','Kota Selatan'),
(1795,7,'Gorontalo',130,'Gorontalo','Kota','Kota Tengah'),
(1796,7,'Gorontalo',130,'Gorontalo','Kota','Kota Timur'),
(1797,7,'Gorontalo',130,'Gorontalo','Kota','Kota Utara'),
(1798,7,'Gorontalo',130,'Gorontalo','Kota','Sipatana'),
(1799,7,'Gorontalo',131,'Gorontalo Utara','Kabupaten','Anggrek'),
(1800,7,'Gorontalo',131,'Gorontalo Utara','Kabupaten','Atinggola'),
(1801,7,'Gorontalo',131,'Gorontalo Utara','Kabupaten','Biau'),
(1802,7,'Gorontalo',131,'Gorontalo Utara','Kabupaten','Gentuma Raya'),
(1803,7,'Gorontalo',131,'Gorontalo Utara','Kabupaten','Kwandang'),
(1804,7,'Gorontalo',131,'Gorontalo Utara','Kabupaten','Monano'),
(1805,7,'Gorontalo',131,'Gorontalo Utara','Kabupaten','Ponelo Kepulauan'),
(1806,7,'Gorontalo',131,'Gorontalo Utara','Kabupaten','Sumalata'),
(1807,7,'Gorontalo',131,'Gorontalo Utara','Kabupaten','Sumalata Timur'),
(1808,7,'Gorontalo',131,'Gorontalo Utara','Kabupaten','Tolinggula'),
(1809,7,'Gorontalo',131,'Gorontalo Utara','Kabupaten','Tomolito'),
(1810,28,'Sulawesi Selatan',132,'Gowa','Kabupaten','Bajeng'),
(1811,28,'Sulawesi Selatan',132,'Gowa','Kabupaten','Bajeng Barat'),
(1812,28,'Sulawesi Selatan',132,'Gowa','Kabupaten','Barombong'),
(1813,28,'Sulawesi Selatan',132,'Gowa','Kabupaten','Biringbulu'),
(1814,28,'Sulawesi Selatan',132,'Gowa','Kabupaten','Bontolempangang'),
(1815,28,'Sulawesi Selatan',132,'Gowa','Kabupaten','Bontomarannu'),
(1816,28,'Sulawesi Selatan',132,'Gowa','Kabupaten','Bontonompo'),
(1817,28,'Sulawesi Selatan',132,'Gowa','Kabupaten','Bontonompo Selatan'),
(1818,28,'Sulawesi Selatan',132,'Gowa','Kabupaten','Bungaya'),
(1819,28,'Sulawesi Selatan',132,'Gowa','Kabupaten','Manuju'),
(1820,28,'Sulawesi Selatan',132,'Gowa','Kabupaten','Pallangga'),
(1821,28,'Sulawesi Selatan',132,'Gowa','Kabupaten','Parangloe'),
(1822,28,'Sulawesi Selatan',132,'Gowa','Kabupaten','Parigi'),
(1823,28,'Sulawesi Selatan',132,'Gowa','Kabupaten','Pattallassang'),
(1824,28,'Sulawesi Selatan',132,'Gowa','Kabupaten','Somba Opu (Upu)'),
(1825,28,'Sulawesi Selatan',132,'Gowa','Kabupaten','Tinggimoncong'),
(1826,28,'Sulawesi Selatan',132,'Gowa','Kabupaten','Tombolo Pao'),
(1827,28,'Sulawesi Selatan',132,'Gowa','Kabupaten','Tompobulu'),
(1828,11,'Jawa Timur',133,'Gresik','Kabupaten','Balong Panggang'),
(1829,11,'Jawa Timur',133,'Gresik','Kabupaten','Benjeng'),
(1830,11,'Jawa Timur',133,'Gresik','Kabupaten','Bungah'),
(1831,11,'Jawa Timur',133,'Gresik','Kabupaten','Cerme'),
(1832,11,'Jawa Timur',133,'Gresik','Kabupaten','Driyorejo'),
(1833,11,'Jawa Timur',133,'Gresik','Kabupaten','Duduk Sampeyan'),
(1834,11,'Jawa Timur',133,'Gresik','Kabupaten','Dukun'),
(1835,11,'Jawa Timur',133,'Gresik','Kabupaten','Gresik'),
(1836,11,'Jawa Timur',133,'Gresik','Kabupaten','Kebomas'),
(1837,11,'Jawa Timur',133,'Gresik','Kabupaten','Kedamean'),
(1838,11,'Jawa Timur',133,'Gresik','Kabupaten','Manyar'),
(1839,11,'Jawa Timur',133,'Gresik','Kabupaten','Menganti'),
(1840,11,'Jawa Timur',133,'Gresik','Kabupaten','Panceng'),
(1841,11,'Jawa Timur',133,'Gresik','Kabupaten','Sangkapura'),
(1842,11,'Jawa Timur',133,'Gresik','Kabupaten','Sidayu'),
(1843,11,'Jawa Timur',133,'Gresik','Kabupaten','Tambak'),
(1844,11,'Jawa Timur',133,'Gresik','Kabupaten','Ujung Pangkah'),
(1845,11,'Jawa Timur',133,'Gresik','Kabupaten','Wringin Anom'),
(1846,10,'Jawa Tengah',134,'Grobogan','Kabupaten','Brati'),
(1847,10,'Jawa Tengah',134,'Grobogan','Kabupaten','Gabus'),
(1848,10,'Jawa Tengah',134,'Grobogan','Kabupaten','Geyer'),
(1849,10,'Jawa Tengah',134,'Grobogan','Kabupaten','Godong'),
(1850,10,'Jawa Tengah',134,'Grobogan','Kabupaten','Grobogan'),
(1851,10,'Jawa Tengah',134,'Grobogan','Kabupaten','Gubug'),
(1852,10,'Jawa Tengah',134,'Grobogan','Kabupaten','Karangrayung'),
(1853,10,'Jawa Tengah',134,'Grobogan','Kabupaten','Kedungjati'),
(1854,10,'Jawa Tengah',134,'Grobogan','Kabupaten','Klambu'),
(1855,10,'Jawa Tengah',134,'Grobogan','Kabupaten','Kradenan'),
(1856,10,'Jawa Tengah',134,'Grobogan','Kabupaten','Ngaringan'),
(1857,10,'Jawa Tengah',134,'Grobogan','Kabupaten','Penawangan'),
(1858,10,'Jawa Tengah',134,'Grobogan','Kabupaten','Pulokulon'),
(1859,10,'Jawa Tengah',134,'Grobogan','Kabupaten','Purwodadi'),
(1860,10,'Jawa Tengah',134,'Grobogan','Kabupaten','Tanggungharjo'),
(1861,10,'Jawa Tengah',134,'Grobogan','Kabupaten','Tawangharjo'),
(1862,10,'Jawa Tengah',134,'Grobogan','Kabupaten','Tegowanu'),
(1863,10,'Jawa Tengah',134,'Grobogan','Kabupaten','Toroh'),
(1864,10,'Jawa Tengah',134,'Grobogan','Kabupaten','Wirosari'),
(1865,5,'DI Yogyakarta',135,'Gunung Kidul','Kabupaten','Gedang Sari'),
(1866,5,'DI Yogyakarta',135,'Gunung Kidul','Kabupaten','Girisubo'),
(1867,5,'DI Yogyakarta',135,'Gunung Kidul','Kabupaten','Karangmojo'),
(1868,5,'DI Yogyakarta',135,'Gunung Kidul','Kabupaten','Ngawen'),
(1869,5,'DI Yogyakarta',135,'Gunung Kidul','Kabupaten','Nglipar'),
(1870,5,'DI Yogyakarta',135,'Gunung Kidul','Kabupaten','Paliyan'),
(1871,5,'DI Yogyakarta',135,'Gunung Kidul','Kabupaten','Panggang'),
(1872,5,'DI Yogyakarta',135,'Gunung Kidul','Kabupaten','Patuk'),
(1873,5,'DI Yogyakarta',135,'Gunung Kidul','Kabupaten','Playen'),
(1874,5,'DI Yogyakarta',135,'Gunung Kidul','Kabupaten','Ponjong'),
(1875,5,'DI Yogyakarta',135,'Gunung Kidul','Kabupaten','Purwosari'),
(1876,5,'DI Yogyakarta',135,'Gunung Kidul','Kabupaten','Rongkop'),
(1877,5,'DI Yogyakarta',135,'Gunung Kidul','Kabupaten','Sapto Sari'),
(1878,5,'DI Yogyakarta',135,'Gunung Kidul','Kabupaten','Semanu'),
(1879,5,'DI Yogyakarta',135,'Gunung Kidul','Kabupaten','Semin'),
(1880,5,'DI Yogyakarta',135,'Gunung Kidul','Kabupaten','Tanjungsari'),
(1881,5,'DI Yogyakarta',135,'Gunung Kidul','Kabupaten','Tepus'),
(1882,5,'DI Yogyakarta',135,'Gunung Kidul','Kabupaten','Wonosari'),
(1883,14,'Kalimantan Tengah',136,'Gunung Mas','Kabupaten','Damang Batu'),
(1884,14,'Kalimantan Tengah',136,'Gunung Mas','Kabupaten','Kahayan Hulu Utara'),
(1885,14,'Kalimantan Tengah',136,'Gunung Mas','Kabupaten','Kurun'),
(1886,14,'Kalimantan Tengah',136,'Gunung Mas','Kabupaten','Manuhing'),
(1887,14,'Kalimantan Tengah',136,'Gunung Mas','Kabupaten','Manuhing Raya'),
(1888,14,'Kalimantan Tengah',136,'Gunung Mas','Kabupaten','Mihing Raya'),
(1889,14,'Kalimantan Tengah',136,'Gunung Mas','Kabupaten','Miri Manasa'),
(1890,14,'Kalimantan Tengah',136,'Gunung Mas','Kabupaten','Rungan'),
(1891,14,'Kalimantan Tengah',136,'Gunung Mas','Kabupaten','Rungan Barat'),
(1892,14,'Kalimantan Tengah',136,'Gunung Mas','Kabupaten','Rungan Hulu'),
(1893,14,'Kalimantan Tengah',136,'Gunung Mas','Kabupaten','Sepang (Sepang Simin)'),
(1894,14,'Kalimantan Tengah',136,'Gunung Mas','Kabupaten','Tewah'),
(1895,34,'Sumatera Utara',137,'Gunungsitoli','Kota','Gunungsitoli'),
(1896,34,'Sumatera Utara',137,'Gunungsitoli','Kota','Gunungsitoli Alo\'oa'),
(1897,34,'Sumatera Utara',137,'Gunungsitoli','Kota','Gunungsitoli Barat'),
(1898,34,'Sumatera Utara',137,'Gunungsitoli','Kota','Gunungsitoli Idanoi'),
(1899,34,'Sumatera Utara',137,'Gunungsitoli','Kota','Gunungsitoli Selatan'),
(1900,34,'Sumatera Utara',137,'Gunungsitoli','Kota','Gunungsitoli Utara'),
(1901,20,'Maluku Utara',138,'Halmahera Barat','Kabupaten','Ibu'),
(1902,20,'Maluku Utara',138,'Halmahera Barat','Kabupaten','Ibu Selatan'),
(1903,20,'Maluku Utara',138,'Halmahera Barat','Kabupaten','Ibu Utara'),
(1904,20,'Maluku Utara',138,'Halmahera Barat','Kabupaten','Jailolo'),
(1905,20,'Maluku Utara',138,'Halmahera Barat','Kabupaten','Jailolo Selatan'),
(1906,20,'Maluku Utara',138,'Halmahera Barat','Kabupaten','Loloda'),
(1907,20,'Maluku Utara',138,'Halmahera Barat','Kabupaten','Sahu'),
(1908,20,'Maluku Utara',138,'Halmahera Barat','Kabupaten','Sahu Timur'),
(1909,20,'Maluku Utara',139,'Halmahera Selatan','Kabupaten','Bacan'),
(1910,20,'Maluku Utara',139,'Halmahera Selatan','Kabupaten','Bacan Barat'),
(1911,20,'Maluku Utara',139,'Halmahera Selatan','Kabupaten','Bacan Barat Utara'),
(1912,20,'Maluku Utara',139,'Halmahera Selatan','Kabupaten','Bacan Selatan'),
(1913,20,'Maluku Utara',139,'Halmahera Selatan','Kabupaten','Bacan Timur'),
(1914,20,'Maluku Utara',139,'Halmahera Selatan','Kabupaten','Bacan Timur Selatan'),
(1915,20,'Maluku Utara',139,'Halmahera Selatan','Kabupaten','Bacan Timur Tengah'),
(1916,20,'Maluku Utara',139,'Halmahera Selatan','Kabupaten','Gane Barat'),
(1917,20,'Maluku Utara',139,'Halmahera Selatan','Kabupaten','Gane Barat Selatan'),
(1918,20,'Maluku Utara',139,'Halmahera Selatan','Kabupaten','Gane Barat Utara'),
(1919,20,'Maluku Utara',139,'Halmahera Selatan','Kabupaten','Gane Timur'),
(1920,20,'Maluku Utara',139,'Halmahera Selatan','Kabupaten','Gane Timur Selatan'),
(1921,20,'Maluku Utara',139,'Halmahera Selatan','Kabupaten','Gane Timur Tengah'),
(1922,20,'Maluku Utara',139,'Halmahera Selatan','Kabupaten','Kasiruta Barat'),
(1923,20,'Maluku Utara',139,'Halmahera Selatan','Kabupaten','Kasiruta Timur'),
(1924,20,'Maluku Utara',139,'Halmahera Selatan','Kabupaten','Kayoa'),
(1925,20,'Maluku Utara',139,'Halmahera Selatan','Kabupaten','Kayoa Barat'),
(1926,20,'Maluku Utara',139,'Halmahera Selatan','Kabupaten','Kayoa Selatan'),
(1927,20,'Maluku Utara',139,'Halmahera Selatan','Kabupaten','Kayoa Utara'),
(1928,20,'Maluku Utara',139,'Halmahera Selatan','Kabupaten','Kepulauan Botanglomang'),
(1929,20,'Maluku Utara',139,'Halmahera Selatan','Kabupaten','Kepulauan Joronga'),
(1930,20,'Maluku Utara',139,'Halmahera Selatan','Kabupaten','Makian (Pulau Makian)'),
(1931,20,'Maluku Utara',139,'Halmahera Selatan','Kabupaten','Makian Barat (Pulau Makian)'),
(1932,20,'Maluku Utara',139,'Halmahera Selatan','Kabupaten','Mandioli Selatan'),
(1933,20,'Maluku Utara',139,'Halmahera Selatan','Kabupaten','Mandioli Utara'),
(1934,20,'Maluku Utara',139,'Halmahera Selatan','Kabupaten','Obi'),
(1935,20,'Maluku Utara',139,'Halmahera Selatan','Kabupaten','Obi Barat'),
(1936,20,'Maluku Utara',139,'Halmahera Selatan','Kabupaten','Obi Selatan'),
(1937,20,'Maluku Utara',139,'Halmahera Selatan','Kabupaten','Obi Timur'),
(1938,20,'Maluku Utara',139,'Halmahera Selatan','Kabupaten','Obi Utara'),
(1939,20,'Maluku Utara',140,'Halmahera Tengah','Kabupaten','Patani'),
(1940,20,'Maluku Utara',140,'Halmahera Tengah','Kabupaten','Patani Barat'),
(1941,20,'Maluku Utara',140,'Halmahera Tengah','Kabupaten','Patani Utara'),
(1942,20,'Maluku Utara',140,'Halmahera Tengah','Kabupaten','Pulau Gebe'),
(1943,20,'Maluku Utara',140,'Halmahera Tengah','Kabupaten','Weda'),
(1944,20,'Maluku Utara',140,'Halmahera Tengah','Kabupaten','Weda Selatan'),
(1945,20,'Maluku Utara',140,'Halmahera Tengah','Kabupaten','Weda Tengah'),
(1946,20,'Maluku Utara',140,'Halmahera Tengah','Kabupaten','Weda Utara'),
(1947,20,'Maluku Utara',141,'Halmahera Timur','Kabupaten','Kota Maba'),
(1948,20,'Maluku Utara',141,'Halmahera Timur','Kabupaten','Maba'),
(1949,20,'Maluku Utara',141,'Halmahera Timur','Kabupaten','Maba Selatan'),
(1950,20,'Maluku Utara',141,'Halmahera Timur','Kabupaten','Maba Tengah'),
(1951,20,'Maluku Utara',141,'Halmahera Timur','Kabupaten','Maba Utara'),
(1952,20,'Maluku Utara',141,'Halmahera Timur','Kabupaten','Wasile'),
(1953,20,'Maluku Utara',141,'Halmahera Timur','Kabupaten','Wasile Selatan'),
(1954,20,'Maluku Utara',141,'Halmahera Timur','Kabupaten','Wasile Tengah'),
(1955,20,'Maluku Utara',141,'Halmahera Timur','Kabupaten','Wasile Timur'),
(1956,20,'Maluku Utara',141,'Halmahera Timur','Kabupaten','Wasile Utara'),
(1957,20,'Maluku Utara',142,'Halmahera Utara','Kabupaten','Galela'),
(1958,20,'Maluku Utara',142,'Halmahera Utara','Kabupaten','Galela Barat'),
(1959,20,'Maluku Utara',142,'Halmahera Utara','Kabupaten','Galela Selatan'),
(1960,20,'Maluku Utara',142,'Halmahera Utara','Kabupaten','Galela Utara'),
(1961,20,'Maluku Utara',142,'Halmahera Utara','Kabupaten','Kao'),
(1962,20,'Maluku Utara',142,'Halmahera Utara','Kabupaten','Kao Barat'),
(1963,20,'Maluku Utara',142,'Halmahera Utara','Kabupaten','Kao Teluk'),
(1964,20,'Maluku Utara',142,'Halmahera Utara','Kabupaten','Kao Utara'),
(1965,20,'Maluku Utara',142,'Halmahera Utara','Kabupaten','Loloda Kepulauan'),
(1966,20,'Maluku Utara',142,'Halmahera Utara','Kabupaten','Loloda Utara'),
(1967,20,'Maluku Utara',142,'Halmahera Utara','Kabupaten','Malifut'),
(1968,20,'Maluku Utara',142,'Halmahera Utara','Kabupaten','Tobelo'),
(1969,20,'Maluku Utara',142,'Halmahera Utara','Kabupaten','Tobelo Barat'),
(1970,20,'Maluku Utara',142,'Halmahera Utara','Kabupaten','Tobelo Selatan'),
(1971,20,'Maluku Utara',142,'Halmahera Utara','Kabupaten','Tobelo Tengah'),
(1972,20,'Maluku Utara',142,'Halmahera Utara','Kabupaten','Tobelo Timur'),
(1973,20,'Maluku Utara',142,'Halmahera Utara','Kabupaten','Tobelo Utara'),
(1974,13,'Kalimantan Selatan',143,'Hulu Sungai Selatan','Kabupaten','Angkinang'),
(1975,13,'Kalimantan Selatan',143,'Hulu Sungai Selatan','Kabupaten','Daha Barat'),
(1976,13,'Kalimantan Selatan',143,'Hulu Sungai Selatan','Kabupaten','Daha Selatan'),
(1977,13,'Kalimantan Selatan',143,'Hulu Sungai Selatan','Kabupaten','Daha Utara'),
(1978,13,'Kalimantan Selatan',143,'Hulu Sungai Selatan','Kabupaten','Kalumpang (Kelumpang)'),
(1979,13,'Kalimantan Selatan',143,'Hulu Sungai Selatan','Kabupaten','Kandangan'),
(1980,13,'Kalimantan Selatan',143,'Hulu Sungai Selatan','Kabupaten','Loksado'),
(1981,13,'Kalimantan Selatan',143,'Hulu Sungai Selatan','Kabupaten','Padang Batung'),
(1982,13,'Kalimantan Selatan',143,'Hulu Sungai Selatan','Kabupaten','Simpur'),
(1983,13,'Kalimantan Selatan',143,'Hulu Sungai Selatan','Kabupaten','Sungai Raya'),
(1984,13,'Kalimantan Selatan',143,'Hulu Sungai Selatan','Kabupaten','Telaga Langsat'),
(1985,13,'Kalimantan Selatan',144,'Hulu Sungai Tengah','Kabupaten','Barabai'),
(1986,13,'Kalimantan Selatan',144,'Hulu Sungai Tengah','Kabupaten','Batang Alai Selatan'),
(1987,13,'Kalimantan Selatan',144,'Hulu Sungai Tengah','Kabupaten','Batang Alai Timur'),
(1988,13,'Kalimantan Selatan',144,'Hulu Sungai Tengah','Kabupaten','Batang Alai Utara'),
(1989,13,'Kalimantan Selatan',144,'Hulu Sungai Tengah','Kabupaten','Batu Benawa'),
(1990,13,'Kalimantan Selatan',144,'Hulu Sungai Tengah','Kabupaten','Hantakan'),
(1991,13,'Kalimantan Selatan',144,'Hulu Sungai Tengah','Kabupaten','Haruyan'),
(1992,13,'Kalimantan Selatan',144,'Hulu Sungai Tengah','Kabupaten','Labuan Amas Selatan'),
(1993,13,'Kalimantan Selatan',144,'Hulu Sungai Tengah','Kabupaten','Labuan Amas Utara'),
(1994,13,'Kalimantan Selatan',144,'Hulu Sungai Tengah','Kabupaten','Limpasu'),
(1995,13,'Kalimantan Selatan',144,'Hulu Sungai Tengah','Kabupaten','Pandawan'),
(1996,13,'Kalimantan Selatan',145,'Hulu Sungai Utara','Kabupaten','Amuntai Selatan'),
(1997,13,'Kalimantan Selatan',145,'Hulu Sungai Utara','Kabupaten','Amuntai Tengah'),
(1998,13,'Kalimantan Selatan',145,'Hulu Sungai Utara','Kabupaten','Amuntai Utara'),
(1999,13,'Kalimantan Selatan',145,'Hulu Sungai Utara','Kabupaten','Babirik'),
(2000,13,'Kalimantan Selatan',145,'Hulu Sungai Utara','Kabupaten','Banjang'),
(2001,13,'Kalimantan Selatan',145,'Hulu Sungai Utara','Kabupaten','Danau Panggang'),
(2002,13,'Kalimantan Selatan',145,'Hulu Sungai Utara','Kabupaten','Haur Gading'),
(2003,13,'Kalimantan Selatan',145,'Hulu Sungai Utara','Kabupaten','Paminggir'),
(2004,13,'Kalimantan Selatan',145,'Hulu Sungai Utara','Kabupaten','Sungai Pandan'),
(2005,13,'Kalimantan Selatan',145,'Hulu Sungai Utara','Kabupaten','Sungai Tabukan'),
(2006,34,'Sumatera Utara',146,'Humbang Hasundutan','Kabupaten','Bakti Raja'),
(2007,34,'Sumatera Utara',146,'Humbang Hasundutan','Kabupaten','Dolok Sanggul'),
(2008,34,'Sumatera Utara',146,'Humbang Hasundutan','Kabupaten','Lintong Nihuta'),
(2009,34,'Sumatera Utara',146,'Humbang Hasundutan','Kabupaten','Onan Ganjang'),
(2010,34,'Sumatera Utara',146,'Humbang Hasundutan','Kabupaten','Pakkat'),
(2011,34,'Sumatera Utara',146,'Humbang Hasundutan','Kabupaten','Paranginan'),
(2012,34,'Sumatera Utara',146,'Humbang Hasundutan','Kabupaten','Parlilitan'),
(2013,34,'Sumatera Utara',146,'Humbang Hasundutan','Kabupaten','Pollung'),
(2014,34,'Sumatera Utara',146,'Humbang Hasundutan','Kabupaten','Sijama Polang'),
(2015,34,'Sumatera Utara',146,'Humbang Hasundutan','Kabupaten','Tara Bintang'),
(2016,26,'Riau',147,'Indragiri Hilir','Kabupaten','Batang Tuaka'),
(2017,26,'Riau',147,'Indragiri Hilir','Kabupaten','Concong'),
(2018,26,'Riau',147,'Indragiri Hilir','Kabupaten','Enok'),
(2019,26,'Riau',147,'Indragiri Hilir','Kabupaten','Gaung'),
(2020,26,'Riau',147,'Indragiri Hilir','Kabupaten','Gaung Anak Serka'),
(2021,26,'Riau',147,'Indragiri Hilir','Kabupaten','Kateman'),
(2022,26,'Riau',147,'Indragiri Hilir','Kabupaten','Kempas'),
(2023,26,'Riau',147,'Indragiri Hilir','Kabupaten','Kemuning'),
(2024,26,'Riau',147,'Indragiri Hilir','Kabupaten','Keritang'),
(2025,26,'Riau',147,'Indragiri Hilir','Kabupaten','Kuala Indragiri'),
(2026,26,'Riau',147,'Indragiri Hilir','Kabupaten','Mandah'),
(2027,26,'Riau',147,'Indragiri Hilir','Kabupaten','Pelangiran'),
(2028,26,'Riau',147,'Indragiri Hilir','Kabupaten','Pulau Burung'),
(2029,26,'Riau',147,'Indragiri Hilir','Kabupaten','Reteh'),
(2030,26,'Riau',147,'Indragiri Hilir','Kabupaten','Sungai Batang'),
(2031,26,'Riau',147,'Indragiri Hilir','Kabupaten','Tanah Merah'),
(2032,26,'Riau',147,'Indragiri Hilir','Kabupaten','Teluk Belengkong'),
(2033,26,'Riau',147,'Indragiri Hilir','Kabupaten','Tembilahan'),
(2034,26,'Riau',147,'Indragiri Hilir','Kabupaten','Tembilahan Hulu'),
(2035,26,'Riau',147,'Indragiri Hilir','Kabupaten','Tempuling'),
(2036,26,'Riau',148,'Indragiri Hulu','Kabupaten','Batang Cenaku'),
(2037,26,'Riau',148,'Indragiri Hulu','Kabupaten','Batang Gansal'),
(2038,26,'Riau',148,'Indragiri Hulu','Kabupaten','Batang Peranap'),
(2039,26,'Riau',148,'Indragiri Hulu','Kabupaten','Kelayang'),
(2040,26,'Riau',148,'Indragiri Hulu','Kabupaten','Kuala Cenaku'),
(2041,26,'Riau',148,'Indragiri Hulu','Kabupaten','Lirik'),
(2042,26,'Riau',148,'Indragiri Hulu','Kabupaten','Lubuk Batu Jaya'),
(2043,26,'Riau',148,'Indragiri Hulu','Kabupaten','Pasir Penyu'),
(2044,26,'Riau',148,'Indragiri Hulu','Kabupaten','Peranap'),
(2045,26,'Riau',148,'Indragiri Hulu','Kabupaten','Rakit Kulim'),
(2046,26,'Riau',148,'Indragiri Hulu','Kabupaten','Rengat'),
(2047,26,'Riau',148,'Indragiri Hulu','Kabupaten','Rengat Barat'),
(2048,26,'Riau',148,'Indragiri Hulu','Kabupaten','Seberida'),
(2049,26,'Riau',148,'Indragiri Hulu','Kabupaten','Sungai Lala'),
(2050,9,'Jawa Barat',149,'Indramayu','Kabupaten','Anjatan'),
(2051,9,'Jawa Barat',149,'Indramayu','Kabupaten','Arahan'),
(2052,9,'Jawa Barat',149,'Indramayu','Kabupaten','Balongan'),
(2053,9,'Jawa Barat',149,'Indramayu','Kabupaten','Bangodua'),
(2054,9,'Jawa Barat',149,'Indramayu','Kabupaten','Bongas'),
(2055,9,'Jawa Barat',149,'Indramayu','Kabupaten','Cantigi'),
(2056,9,'Jawa Barat',149,'Indramayu','Kabupaten','Cikedung'),
(2057,9,'Jawa Barat',149,'Indramayu','Kabupaten','Gabuswetan'),
(2058,9,'Jawa Barat',149,'Indramayu','Kabupaten','Gantar'),
(2059,9,'Jawa Barat',149,'Indramayu','Kabupaten','Haurgeulis'),
(2060,9,'Jawa Barat',149,'Indramayu','Kabupaten','Indramayu'),
(2061,9,'Jawa Barat',149,'Indramayu','Kabupaten','Jatibarang'),
(2062,9,'Jawa Barat',149,'Indramayu','Kabupaten','Juntinyuat'),
(2063,9,'Jawa Barat',149,'Indramayu','Kabupaten','Kandanghaur'),
(2064,9,'Jawa Barat',149,'Indramayu','Kabupaten','Karangampel'),
(2065,9,'Jawa Barat',149,'Indramayu','Kabupaten','Kedokan Bunder'),
(2066,9,'Jawa Barat',149,'Indramayu','Kabupaten','Kertasemaya'),
(2067,9,'Jawa Barat',149,'Indramayu','Kabupaten','Krangkeng'),
(2068,9,'Jawa Barat',149,'Indramayu','Kabupaten','Kroya'),
(2069,9,'Jawa Barat',149,'Indramayu','Kabupaten','Lelea'),
(2070,9,'Jawa Barat',149,'Indramayu','Kabupaten','Lohbener'),
(2071,9,'Jawa Barat',149,'Indramayu','Kabupaten','Losarang'),
(2072,9,'Jawa Barat',149,'Indramayu','Kabupaten','Pasekan'),
(2073,9,'Jawa Barat',149,'Indramayu','Kabupaten','Patrol'),
(2074,9,'Jawa Barat',149,'Indramayu','Kabupaten','Sindang'),
(2075,9,'Jawa Barat',149,'Indramayu','Kabupaten','Sliyeg'),
(2076,9,'Jawa Barat',149,'Indramayu','Kabupaten','Sukagumiwang'),
(2077,9,'Jawa Barat',149,'Indramayu','Kabupaten','Sukra'),
(2078,9,'Jawa Barat',149,'Indramayu','Kabupaten','Trisi/Terisi'),
(2079,9,'Jawa Barat',149,'Indramayu','Kabupaten','Tukdana'),
(2080,9,'Jawa Barat',149,'Indramayu','Kabupaten','Widasari'),
(2081,24,'Papua',150,'Intan Jaya','Kabupaten','Agisiga'),
(2082,24,'Papua',150,'Intan Jaya','Kabupaten','Biandoga'),
(2083,24,'Papua',150,'Intan Jaya','Kabupaten','Hitadipa'),
(2084,24,'Papua',150,'Intan Jaya','Kabupaten','Homeo (Homeyo)'),
(2085,24,'Papua',150,'Intan Jaya','Kabupaten','Sugapa'),
(2086,24,'Papua',150,'Intan Jaya','Kabupaten','Wandai'),
(2087,6,'DKI Jakarta',151,'Jakarta Barat','Kota','Cengkareng'),
(2088,6,'DKI Jakarta',151,'Jakarta Barat','Kota','Grogol Petamburan'),
(2089,6,'DKI Jakarta',151,'Jakarta Barat','Kota','Kalideres'),
(2090,6,'DKI Jakarta',151,'Jakarta Barat','Kota','Kebon Jeruk'),
(2091,6,'DKI Jakarta',151,'Jakarta Barat','Kota','Kembangan'),
(2092,6,'DKI Jakarta',151,'Jakarta Barat','Kota','Palmerah'),
(2093,6,'DKI Jakarta',151,'Jakarta Barat','Kota','Taman Sari'),
(2094,6,'DKI Jakarta',151,'Jakarta Barat','Kota','Tambora'),
(2095,6,'DKI Jakarta',152,'Jakarta Pusat','Kota','Cempaka Putih'),
(2096,6,'DKI Jakarta',152,'Jakarta Pusat','Kota','Gambir'),
(2097,6,'DKI Jakarta',152,'Jakarta Pusat','Kota','Johar Baru'),
(2098,6,'DKI Jakarta',152,'Jakarta Pusat','Kota','Kemayoran'),
(2099,6,'DKI Jakarta',152,'Jakarta Pusat','Kota','Menteng'),
(2100,6,'DKI Jakarta',152,'Jakarta Pusat','Kota','Sawah Besar'),
(2101,6,'DKI Jakarta',152,'Jakarta Pusat','Kota','Senen'),
(2102,6,'DKI Jakarta',152,'Jakarta Pusat','Kota','Tanah Abang'),
(2103,6,'DKI Jakarta',153,'Jakarta Selatan','Kota','Cilandak'),
(2104,6,'DKI Jakarta',153,'Jakarta Selatan','Kota','Jagakarsa'),
(2105,6,'DKI Jakarta',153,'Jakarta Selatan','Kota','Kebayoran Baru'),
(2106,6,'DKI Jakarta',153,'Jakarta Selatan','Kota','Kebayoran Lama'),
(2107,6,'DKI Jakarta',153,'Jakarta Selatan','Kota','Mampang Prapatan'),
(2108,6,'DKI Jakarta',153,'Jakarta Selatan','Kota','Pancoran'),
(2109,6,'DKI Jakarta',153,'Jakarta Selatan','Kota','Pasar Minggu'),
(2110,6,'DKI Jakarta',153,'Jakarta Selatan','Kota','Pesanggrahan'),
(2111,6,'DKI Jakarta',153,'Jakarta Selatan','Kota','Setia Budi'),
(2112,6,'DKI Jakarta',153,'Jakarta Selatan','Kota','Tebet'),
(2113,6,'DKI Jakarta',154,'Jakarta Timur','Kota','Cakung'),
(2114,6,'DKI Jakarta',154,'Jakarta Timur','Kota','Cipayung'),
(2115,6,'DKI Jakarta',154,'Jakarta Timur','Kota','Ciracas'),
(2116,6,'DKI Jakarta',154,'Jakarta Timur','Kota','Duren Sawit'),
(2117,6,'DKI Jakarta',154,'Jakarta Timur','Kota','Jatinegara'),
(2118,6,'DKI Jakarta',154,'Jakarta Timur','Kota','Kramat Jati'),
(2119,6,'DKI Jakarta',154,'Jakarta Timur','Kota','Makasar'),
(2120,6,'DKI Jakarta',154,'Jakarta Timur','Kota','Matraman'),
(2121,6,'DKI Jakarta',154,'Jakarta Timur','Kota','Pasar Rebo'),
(2122,6,'DKI Jakarta',154,'Jakarta Timur','Kota','Pulo Gadung'),
(2123,6,'DKI Jakarta',155,'Jakarta Utara','Kota','Cilincing'),
(2124,6,'DKI Jakarta',155,'Jakarta Utara','Kota','Kelapa Gading'),
(2125,6,'DKI Jakarta',155,'Jakarta Utara','Kota','Koja'),
(2126,6,'DKI Jakarta',155,'Jakarta Utara','Kota','Pademangan'),
(2127,6,'DKI Jakarta',155,'Jakarta Utara','Kota','Penjaringan'),
(2128,6,'DKI Jakarta',155,'Jakarta Utara','Kota','Tanjung Priok'),
(2129,8,'Jambi',156,'Jambi','Kota','Danau Teluk'),
(2130,8,'Jambi',156,'Jambi','Kota','Jambi Selatan'),
(2131,8,'Jambi',156,'Jambi','Kota','Jambi Timur'),
(2132,8,'Jambi',156,'Jambi','Kota','Jelutung'),
(2133,8,'Jambi',156,'Jambi','Kota','Kota Baru'),
(2134,8,'Jambi',156,'Jambi','Kota','Pasar Jambi'),
(2135,8,'Jambi',156,'Jambi','Kota','Pelayangan'),
(2136,8,'Jambi',156,'Jambi','Kota','Telanaipura'),
(2137,24,'Papua',157,'Jayapura','Kabupaten','Airu'),
(2138,24,'Papua',157,'Jayapura','Kabupaten','Demta'),
(2139,24,'Papua',157,'Jayapura','Kabupaten','Depapre'),
(2140,24,'Papua',157,'Jayapura','Kabupaten','Ebungfau (Ebungfa)'),
(2141,24,'Papua',157,'Jayapura','Kabupaten','Gresi Selatan'),
(2142,24,'Papua',157,'Jayapura','Kabupaten','Kaureh'),
(2143,24,'Papua',157,'Jayapura','Kabupaten','Kemtuk'),
(2144,24,'Papua',157,'Jayapura','Kabupaten','Kemtuk Gresi'),
(2145,24,'Papua',157,'Jayapura','Kabupaten','Nambluong'),
(2146,24,'Papua',157,'Jayapura','Kabupaten','Nimbokrang'),
(2147,24,'Papua',157,'Jayapura','Kabupaten','Nimboran'),
(2148,24,'Papua',157,'Jayapura','Kabupaten','Ravenirara'),
(2149,24,'Papua',157,'Jayapura','Kabupaten','Sentani'),
(2150,24,'Papua',157,'Jayapura','Kabupaten','Sentani Barat'),
(2151,24,'Papua',157,'Jayapura','Kabupaten','Sentani Timur'),
(2152,24,'Papua',157,'Jayapura','Kabupaten','Unurum Guay'),
(2153,24,'Papua',157,'Jayapura','Kabupaten','Waibu'),
(2154,24,'Papua',157,'Jayapura','Kabupaten','Yapsi'),
(2155,24,'Papua',157,'Jayapura','Kabupaten','Yokari'),
(2156,24,'Papua',158,'Jayapura','Kota','Abepura'),
(2157,24,'Papua',158,'Jayapura','Kota','Heram'),
(2158,24,'Papua',158,'Jayapura','Kota','Jayapura Selatan'),
(2159,24,'Papua',158,'Jayapura','Kota','Jayapura Utara'),
(2160,24,'Papua',158,'Jayapura','Kota','Muara Tami'),
(2161,24,'Papua',159,'Jayawijaya','Kabupaten','Asologaima (Asalogaima)'),
(2162,24,'Papua',159,'Jayawijaya','Kabupaten','Asolokobal'),
(2163,24,'Papua',159,'Jayawijaya','Kabupaten','Asotipo'),
(2164,24,'Papua',159,'Jayawijaya','Kabupaten','Bolakme'),
(2165,24,'Papua',159,'Jayawijaya','Kabupaten','Bpiri'),
(2166,24,'Papua',159,'Jayawijaya','Kabupaten','Bugi'),
(2167,24,'Papua',159,'Jayawijaya','Kabupaten','Hubikiak'),
(2168,24,'Papua',159,'Jayawijaya','Kabupaten','Hubikosi (Hobikosi)'),
(2169,24,'Papua',159,'Jayawijaya','Kabupaten','Ibele'),
(2170,24,'Papua',159,'Jayawijaya','Kabupaten','Itlay Hisage'),
(2171,24,'Papua',159,'Jayawijaya','Kabupaten','Koragi'),
(2172,24,'Papua',159,'Jayawijaya','Kabupaten','Kurulu'),
(2173,24,'Papua',159,'Jayawijaya','Kabupaten','Libarek'),
(2174,24,'Papua',159,'Jayawijaya','Kabupaten','Maima'),
(2175,24,'Papua',159,'Jayawijaya','Kabupaten','Molagalome'),
(2176,24,'Papua',159,'Jayawijaya','Kabupaten','Muliama'),
(2177,24,'Papua',159,'Jayawijaya','Kabupaten','Musatfak'),
(2178,24,'Papua',159,'Jayawijaya','Kabupaten','Napua'),
(2179,24,'Papua',159,'Jayawijaya','Kabupaten','Pelebaga'),
(2180,24,'Papua',159,'Jayawijaya','Kabupaten','Piramid'),
(2181,24,'Papua',159,'Jayawijaya','Kabupaten','Pisugi'),
(2182,24,'Papua',159,'Jayawijaya','Kabupaten','Popugoba'),
(2183,24,'Papua',159,'Jayawijaya','Kabupaten','Siepkosi'),
(2184,24,'Papua',159,'Jayawijaya','Kabupaten','Silo Karno Doga'),
(2185,24,'Papua',159,'Jayawijaya','Kabupaten','Taelarek'),
(2186,24,'Papua',159,'Jayawijaya','Kabupaten','Tagime'),
(2187,24,'Papua',159,'Jayawijaya','Kabupaten','Tagineri'),
(2188,24,'Papua',159,'Jayawijaya','Kabupaten','Trikora'),
(2189,24,'Papua',159,'Jayawijaya','Kabupaten','Usilimo'),
(2190,24,'Papua',159,'Jayawijaya','Kabupaten','Wadangku'),
(2191,24,'Papua',159,'Jayawijaya','Kabupaten','Walaik'),
(2192,24,'Papua',159,'Jayawijaya','Kabupaten','Walelagama'),
(2193,24,'Papua',159,'Jayawijaya','Kabupaten','Wame'),
(2194,24,'Papua',159,'Jayawijaya','Kabupaten','Wamena'),
(2195,24,'Papua',159,'Jayawijaya','Kabupaten','Welesi'),
(2196,24,'Papua',159,'Jayawijaya','Kabupaten','Wesaput'),
(2197,24,'Papua',159,'Jayawijaya','Kabupaten','Wita Waya'),
(2198,24,'Papua',159,'Jayawijaya','Kabupaten','Wollo (Wolo)'),
(2199,24,'Papua',159,'Jayawijaya','Kabupaten','Wouma'),
(2200,24,'Papua',159,'Jayawijaya','Kabupaten','Yalengga'),
(2201,11,'Jawa Timur',160,'Jember','Kabupaten','Ajung'),
(2202,11,'Jawa Timur',160,'Jember','Kabupaten','Ambulu'),
(2203,11,'Jawa Timur',160,'Jember','Kabupaten','Arjasa'),
(2204,11,'Jawa Timur',160,'Jember','Kabupaten','Balung'),
(2205,11,'Jawa Timur',160,'Jember','Kabupaten','Bangsalsari'),
(2206,11,'Jawa Timur',160,'Jember','Kabupaten','Gumuk Mas'),
(2207,11,'Jawa Timur',160,'Jember','Kabupaten','Jelbuk'),
(2208,11,'Jawa Timur',160,'Jember','Kabupaten','Jenggawah'),
(2209,11,'Jawa Timur',160,'Jember','Kabupaten','Jombang'),
(2210,11,'Jawa Timur',160,'Jember','Kabupaten','Kalisat'),
(2211,11,'Jawa Timur',160,'Jember','Kabupaten','Kaliwates'),
(2212,11,'Jawa Timur',160,'Jember','Kabupaten','Kencong'),
(2213,11,'Jawa Timur',160,'Jember','Kabupaten','Ledokombo'),
(2214,11,'Jawa Timur',160,'Jember','Kabupaten','Mayang'),
(2215,11,'Jawa Timur',160,'Jember','Kabupaten','Mumbulsari'),
(2216,11,'Jawa Timur',160,'Jember','Kabupaten','Pakusari'),
(2217,11,'Jawa Timur',160,'Jember','Kabupaten','Panti'),
(2218,11,'Jawa Timur',160,'Jember','Kabupaten','Patrang'),
(2219,11,'Jawa Timur',160,'Jember','Kabupaten','Puger'),
(2220,11,'Jawa Timur',160,'Jember','Kabupaten','Rambipuji'),
(2221,11,'Jawa Timur',160,'Jember','Kabupaten','Semboro'),
(2222,11,'Jawa Timur',160,'Jember','Kabupaten','Silo'),
(2223,11,'Jawa Timur',160,'Jember','Kabupaten','Sukorambi'),
(2224,11,'Jawa Timur',160,'Jember','Kabupaten','Sukowono'),
(2225,11,'Jawa Timur',160,'Jember','Kabupaten','Sumber Baru'),
(2226,11,'Jawa Timur',160,'Jember','Kabupaten','Sumber Jambe'),
(2227,11,'Jawa Timur',160,'Jember','Kabupaten','Sumber Sari'),
(2228,11,'Jawa Timur',160,'Jember','Kabupaten','Tanggul'),
(2229,11,'Jawa Timur',160,'Jember','Kabupaten','Tempurejo'),
(2230,11,'Jawa Timur',160,'Jember','Kabupaten','Umbulsari'),
(2231,11,'Jawa Timur',160,'Jember','Kabupaten','Wuluhan'),
(2232,1,'Bali',161,'Jembrana','Kabupaten','Jembrana'),
(2233,1,'Bali',161,'Jembrana','Kabupaten','Melaya'),
(2234,1,'Bali',161,'Jembrana','Kabupaten','Mendoyo'),
(2235,1,'Bali',161,'Jembrana','Kabupaten','Negara'),
(2236,1,'Bali',161,'Jembrana','Kabupaten','Pekutatan'),
(2237,28,'Sulawesi Selatan',162,'Jeneponto','Kabupaten','Arungkeke'),
(2238,28,'Sulawesi Selatan',162,'Jeneponto','Kabupaten','Bangkala'),
(2239,28,'Sulawesi Selatan',162,'Jeneponto','Kabupaten','Bangkala Barat'),
(2240,28,'Sulawesi Selatan',162,'Jeneponto','Kabupaten','Batang'),
(2241,28,'Sulawesi Selatan',162,'Jeneponto','Kabupaten','Binamu'),
(2242,28,'Sulawesi Selatan',162,'Jeneponto','Kabupaten','Bontoramba'),
(2243,28,'Sulawesi Selatan',162,'Jeneponto','Kabupaten','Kelara'),
(2244,28,'Sulawesi Selatan',162,'Jeneponto','Kabupaten','Rumbia'),
(2245,28,'Sulawesi Selatan',162,'Jeneponto','Kabupaten','Tamalatea'),
(2246,28,'Sulawesi Selatan',162,'Jeneponto','Kabupaten','Tarowang'),
(2247,28,'Sulawesi Selatan',162,'Jeneponto','Kabupaten','Turatea'),
(2248,10,'Jawa Tengah',163,'Jepara','Kabupaten','Bangsri'),
(2249,10,'Jawa Tengah',163,'Jepara','Kabupaten','Batealit'),
(2250,10,'Jawa Tengah',163,'Jepara','Kabupaten','Donorojo'),
(2251,10,'Jawa Tengah',163,'Jepara','Kabupaten','Jepara'),
(2252,10,'Jawa Tengah',163,'Jepara','Kabupaten','Kalinyamatan'),
(2253,10,'Jawa Tengah',163,'Jepara','Kabupaten','Karimunjawa'),
(2254,10,'Jawa Tengah',163,'Jepara','Kabupaten','Kedung'),
(2255,10,'Jawa Tengah',163,'Jepara','Kabupaten','Keling'),
(2256,10,'Jawa Tengah',163,'Jepara','Kabupaten','Kembang'),
(2257,10,'Jawa Tengah',163,'Jepara','Kabupaten','Mayong'),
(2258,10,'Jawa Tengah',163,'Jepara','Kabupaten','Mlonggo'),
(2259,10,'Jawa Tengah',163,'Jepara','Kabupaten','Nalumsari'),
(2260,10,'Jawa Tengah',163,'Jepara','Kabupaten','Pakis Aji'),
(2261,10,'Jawa Tengah',163,'Jepara','Kabupaten','Pecangaan'),
(2262,10,'Jawa Tengah',163,'Jepara','Kabupaten','Tahunan'),
(2263,10,'Jawa Tengah',163,'Jepara','Kabupaten','Welahan'),
(2264,11,'Jawa Timur',164,'Jombang','Kabupaten','Bandar Kedung Mulyo'),
(2265,11,'Jawa Timur',164,'Jombang','Kabupaten','Bareng'),
(2266,11,'Jawa Timur',164,'Jombang','Kabupaten','Diwek'),
(2267,11,'Jawa Timur',164,'Jombang','Kabupaten','Gudo'),
(2268,11,'Jawa Timur',164,'Jombang','Kabupaten','Jogoroto'),
(2269,11,'Jawa Timur',164,'Jombang','Kabupaten','Jombang'),
(2270,11,'Jawa Timur',164,'Jombang','Kabupaten','Kabuh'),
(2271,11,'Jawa Timur',164,'Jombang','Kabupaten','Kesamben'),
(2272,11,'Jawa Timur',164,'Jombang','Kabupaten','Kudu'),
(2273,11,'Jawa Timur',164,'Jombang','Kabupaten','Megaluh'),
(2274,11,'Jawa Timur',164,'Jombang','Kabupaten','Mojoagung'),
(2275,11,'Jawa Timur',164,'Jombang','Kabupaten','Mojowarno'),
(2276,11,'Jawa Timur',164,'Jombang','Kabupaten','Ngoro'),
(2277,11,'Jawa Timur',164,'Jombang','Kabupaten','Ngusikan'),
(2278,11,'Jawa Timur',164,'Jombang','Kabupaten','Perak'),
(2279,11,'Jawa Timur',164,'Jombang','Kabupaten','Peterongan'),
(2280,11,'Jawa Timur',164,'Jombang','Kabupaten','Plandaan'),
(2281,11,'Jawa Timur',164,'Jombang','Kabupaten','Ploso'),
(2282,11,'Jawa Timur',164,'Jombang','Kabupaten','Sumobito'),
(2283,11,'Jawa Timur',164,'Jombang','Kabupaten','Tembelang'),
(2284,11,'Jawa Timur',164,'Jombang','Kabupaten','Wonosalam'),
(2285,25,'Papua Barat',165,'Kaimana','Kabupaten','Buruway'),
(2286,25,'Papua Barat',165,'Kaimana','Kabupaten','Kaimana'),
(2287,25,'Papua Barat',165,'Kaimana','Kabupaten','Kambraw (Kamberau)'),
(2288,25,'Papua Barat',165,'Kaimana','Kabupaten','Teluk Arguni Atas'),
(2289,25,'Papua Barat',165,'Kaimana','Kabupaten','Teluk Arguni Bawah (Yerusi)'),
(2290,25,'Papua Barat',165,'Kaimana','Kabupaten','Teluk Etna'),
(2291,25,'Papua Barat',165,'Kaimana','Kabupaten','Yamor'),
(2292,26,'Riau',166,'Kampar','Kabupaten','Bangkinang'),
(2293,26,'Riau',166,'Kampar','Kabupaten','Bangkinang Seberang'),
(2294,26,'Riau',166,'Kampar','Kabupaten','Gunung Sahilan'),
(2295,26,'Riau',166,'Kampar','Kabupaten','Kampar'),
(2296,26,'Riau',166,'Kampar','Kabupaten','Kampar Kiri'),
(2297,26,'Riau',166,'Kampar','Kabupaten','Kampar Kiri Hilir'),
(2298,26,'Riau',166,'Kampar','Kabupaten','Kampar Kiri Hulu'),
(2299,26,'Riau',166,'Kampar','Kabupaten','Kampar Kiri Tengah'),
(2300,26,'Riau',166,'Kampar','Kabupaten','Kampar Timur'),
(2301,26,'Riau',166,'Kampar','Kabupaten','Kampar Utara'),
(2302,26,'Riau',166,'Kampar','Kabupaten','Koto Kampar Hulu'),
(2303,26,'Riau',166,'Kampar','Kabupaten','Kuok (Bangkinang Barat)'),
(2304,26,'Riau',166,'Kampar','Kabupaten','Perhentian Raja'),
(2305,26,'Riau',166,'Kampar','Kabupaten','Rumbio Jaya'),
(2306,26,'Riau',166,'Kampar','Kabupaten','Salo'),
(2307,26,'Riau',166,'Kampar','Kabupaten','Siak Hulu'),
(2308,26,'Riau',166,'Kampar','Kabupaten','Tambang'),
(2309,26,'Riau',166,'Kampar','Kabupaten','Tapung'),
(2310,26,'Riau',166,'Kampar','Kabupaten','Tapung Hilir'),
(2311,26,'Riau',166,'Kampar','Kabupaten','Tapung Hulu'),
(2312,26,'Riau',166,'Kampar','Kabupaten','XIII Koto Kampar'),
(2313,14,'Kalimantan Tengah',167,'Kapuas','Kabupaten','Basarang'),
(2314,14,'Kalimantan Tengah',167,'Kapuas','Kabupaten','Bataguh'),
(2315,14,'Kalimantan Tengah',167,'Kapuas','Kabupaten','Dadahup'),
(2316,14,'Kalimantan Tengah',167,'Kapuas','Kabupaten','Kapuas Barat'),
(2317,14,'Kalimantan Tengah',167,'Kapuas','Kabupaten','Kapuas Hilir'),
(2318,14,'Kalimantan Tengah',167,'Kapuas','Kabupaten','Kapuas Hulu'),
(2319,14,'Kalimantan Tengah',167,'Kapuas','Kabupaten','Kapuas Kuala'),
(2320,14,'Kalimantan Tengah',167,'Kapuas','Kabupaten','Kapuas Murung'),
(2321,14,'Kalimantan Tengah',167,'Kapuas','Kabupaten','Kapuas Tengah'),
(2322,14,'Kalimantan Tengah',167,'Kapuas','Kabupaten','Kapuas Timur'),
(2323,14,'Kalimantan Tengah',167,'Kapuas','Kabupaten','Mandau Talawang'),
(2324,14,'Kalimantan Tengah',167,'Kapuas','Kabupaten','Mantangai'),
(2325,14,'Kalimantan Tengah',167,'Kapuas','Kabupaten','Pasak Talawang'),
(2326,14,'Kalimantan Tengah',167,'Kapuas','Kabupaten','Pulau Petak'),
(2327,14,'Kalimantan Tengah',167,'Kapuas','Kabupaten','Selat'),
(2328,14,'Kalimantan Tengah',167,'Kapuas','Kabupaten','Tamban Catur'),
(2329,14,'Kalimantan Tengah',167,'Kapuas','Kabupaten','Timpah'),
(2330,12,'Kalimantan Barat',168,'Kapuas Hulu','Kabupaten','Badau'),
(2331,12,'Kalimantan Barat',168,'Kapuas Hulu','Kabupaten','Batang Lupar'),
(2332,12,'Kalimantan Barat',168,'Kapuas Hulu','Kabupaten','Bika'),
(2333,12,'Kalimantan Barat',168,'Kapuas Hulu','Kabupaten','Boyan Tanjung'),
(2334,12,'Kalimantan Barat',168,'Kapuas Hulu','Kabupaten','Bunut Hilir'),
(2335,12,'Kalimantan Barat',168,'Kapuas Hulu','Kabupaten','Bunut Hulu'),
(2336,12,'Kalimantan Barat',168,'Kapuas Hulu','Kabupaten','Embaloh Hilir'),
(2337,12,'Kalimantan Barat',168,'Kapuas Hulu','Kabupaten','Embaloh Hulu'),
(2338,12,'Kalimantan Barat',168,'Kapuas Hulu','Kabupaten','Empanang'),
(2339,12,'Kalimantan Barat',168,'Kapuas Hulu','Kabupaten','Hulu Gurung'),
(2340,12,'Kalimantan Barat',168,'Kapuas Hulu','Kabupaten','Jongkong (Jengkong)'),
(2341,12,'Kalimantan Barat',168,'Kapuas Hulu','Kabupaten','Kalis'),
(2342,12,'Kalimantan Barat',168,'Kapuas Hulu','Kabupaten','Mentebah'),
(2343,12,'Kalimantan Barat',168,'Kapuas Hulu','Kabupaten','Pengkadan (Batu Datu)'),
(2344,12,'Kalimantan Barat',168,'Kapuas Hulu','Kabupaten','Puring Kencana'),
(2345,12,'Kalimantan Barat',168,'Kapuas Hulu','Kabupaten','Putussibau Selatan'),
(2346,12,'Kalimantan Barat',168,'Kapuas Hulu','Kabupaten','Putussibau Utara'),
(2347,12,'Kalimantan Barat',168,'Kapuas Hulu','Kabupaten','Seberuang'),
(2348,12,'Kalimantan Barat',168,'Kapuas Hulu','Kabupaten','Selimbau'),
(2349,12,'Kalimantan Barat',168,'Kapuas Hulu','Kabupaten','Semitau'),
(2350,12,'Kalimantan Barat',168,'Kapuas Hulu','Kabupaten','Silat Hilir'),
(2351,12,'Kalimantan Barat',168,'Kapuas Hulu','Kabupaten','Silat Hulu'),
(2352,12,'Kalimantan Barat',168,'Kapuas Hulu','Kabupaten','Suhaid'),
(2353,10,'Jawa Tengah',169,'Karanganyar','Kabupaten','Colomadu'),
(2354,10,'Jawa Tengah',169,'Karanganyar','Kabupaten','Gondangrejo'),
(2355,10,'Jawa Tengah',169,'Karanganyar','Kabupaten','Jaten'),
(2356,10,'Jawa Tengah',169,'Karanganyar','Kabupaten','Jatipuro'),
(2357,10,'Jawa Tengah',169,'Karanganyar','Kabupaten','Jatiyoso'),
(2358,10,'Jawa Tengah',169,'Karanganyar','Kabupaten','Jenawi'),
(2359,10,'Jawa Tengah',169,'Karanganyar','Kabupaten','Jumantono'),
(2360,10,'Jawa Tengah',169,'Karanganyar','Kabupaten','Jumapolo'),
(2361,10,'Jawa Tengah',169,'Karanganyar','Kabupaten','Karanganyar'),
(2362,10,'Jawa Tengah',169,'Karanganyar','Kabupaten','Karangpandan'),
(2363,10,'Jawa Tengah',169,'Karanganyar','Kabupaten','Kebakkramat'),
(2364,10,'Jawa Tengah',169,'Karanganyar','Kabupaten','Kerjo'),
(2365,10,'Jawa Tengah',169,'Karanganyar','Kabupaten','Matesih'),
(2366,10,'Jawa Tengah',169,'Karanganyar','Kabupaten','Mojogedang'),
(2367,10,'Jawa Tengah',169,'Karanganyar','Kabupaten','Ngargoyoso'),
(2368,10,'Jawa Tengah',169,'Karanganyar','Kabupaten','Tasikmadu'),
(2369,10,'Jawa Tengah',169,'Karanganyar','Kabupaten','Tawangmangu'),
(2370,1,'Bali',170,'Karangasem','Kabupaten','Abang'),
(2371,1,'Bali',170,'Karangasem','Kabupaten','Bebandem'),
(2372,1,'Bali',170,'Karangasem','Kabupaten','Karang Asem'),
(2373,1,'Bali',170,'Karangasem','Kabupaten','Kubu'),
(2374,1,'Bali',170,'Karangasem','Kabupaten','Manggis'),
(2375,1,'Bali',170,'Karangasem','Kabupaten','Rendang'),
(2376,1,'Bali',170,'Karangasem','Kabupaten','Selat'),
(2377,1,'Bali',170,'Karangasem','Kabupaten','Sidemen'),
(2378,9,'Jawa Barat',171,'Karawang','Kabupaten','Banyusari'),
(2379,9,'Jawa Barat',171,'Karawang','Kabupaten','Batujaya'),
(2380,9,'Jawa Barat',171,'Karawang','Kabupaten','Ciampel'),
(2381,9,'Jawa Barat',171,'Karawang','Kabupaten','Cibuaya'),
(2382,9,'Jawa Barat',171,'Karawang','Kabupaten','Cikampek'),
(2383,9,'Jawa Barat',171,'Karawang','Kabupaten','Cilamaya Kulon'),
(2384,9,'Jawa Barat',171,'Karawang','Kabupaten','Cilamaya Wetan'),
(2385,9,'Jawa Barat',171,'Karawang','Kabupaten','Cilebar'),
(2386,9,'Jawa Barat',171,'Karawang','Kabupaten','Jatisari'),
(2387,9,'Jawa Barat',171,'Karawang','Kabupaten','Jayakerta'),
(2388,9,'Jawa Barat',171,'Karawang','Kabupaten','Karawang Barat'),
(2389,9,'Jawa Barat',171,'Karawang','Kabupaten','Karawang Timur'),
(2390,9,'Jawa Barat',171,'Karawang','Kabupaten','Klari'),
(2391,9,'Jawa Barat',171,'Karawang','Kabupaten','Kotabaru'),
(2392,9,'Jawa Barat',171,'Karawang','Kabupaten','Kutawaluya'),
(2393,9,'Jawa Barat',171,'Karawang','Kabupaten','Lemahabang'),
(2394,9,'Jawa Barat',171,'Karawang','Kabupaten','Majalaya'),
(2395,9,'Jawa Barat',171,'Karawang','Kabupaten','Pakisjaya'),
(2396,9,'Jawa Barat',171,'Karawang','Kabupaten','Pangkalan'),
(2397,9,'Jawa Barat',171,'Karawang','Kabupaten','Pedes'),
(2398,9,'Jawa Barat',171,'Karawang','Kabupaten','Purwasari'),
(2399,9,'Jawa Barat',171,'Karawang','Kabupaten','Rawamerta'),
(2400,9,'Jawa Barat',171,'Karawang','Kabupaten','Rengasdengklok'),
(2401,9,'Jawa Barat',171,'Karawang','Kabupaten','Talagasari'),
(2402,9,'Jawa Barat',171,'Karawang','Kabupaten','Tegalwaru'),
(2403,9,'Jawa Barat',171,'Karawang','Kabupaten','Telukjambe Barat'),
(2404,9,'Jawa Barat',171,'Karawang','Kabupaten','Telukjambe Timur'),
(2405,9,'Jawa Barat',171,'Karawang','Kabupaten','Tempuran'),
(2406,9,'Jawa Barat',171,'Karawang','Kabupaten','Tirtajaya'),
(2407,9,'Jawa Barat',171,'Karawang','Kabupaten','Tirtamulya'),
(2408,17,'Kepulauan Riau',172,'Karimun','Kabupaten','Belat'),
(2409,17,'Kepulauan Riau',172,'Karimun','Kabupaten','Buru'),
(2410,17,'Kepulauan Riau',172,'Karimun','Kabupaten','Durai'),
(2411,17,'Kepulauan Riau',172,'Karimun','Kabupaten','Karimun'),
(2412,17,'Kepulauan Riau',172,'Karimun','Kabupaten','Kundur'),
(2413,17,'Kepulauan Riau',172,'Karimun','Kabupaten','Kundur Barat'),
(2414,17,'Kepulauan Riau',172,'Karimun','Kabupaten','Kundur Utara'),
(2415,17,'Kepulauan Riau',172,'Karimun','Kabupaten','Meral'),
(2416,17,'Kepulauan Riau',172,'Karimun','Kabupaten','Meral Barat'),
(2417,17,'Kepulauan Riau',172,'Karimun','Kabupaten','Moro'),
(2418,17,'Kepulauan Riau',172,'Karimun','Kabupaten','Tebing'),
(2419,17,'Kepulauan Riau',172,'Karimun','Kabupaten','Ungar'),
(2420,34,'Sumatera Utara',173,'Karo','Kabupaten','Barus Jahe'),
(2421,34,'Sumatera Utara',173,'Karo','Kabupaten','Brastagi (Berastagi)'),
(2422,34,'Sumatera Utara',173,'Karo','Kabupaten','Dolat Rayat'),
(2423,34,'Sumatera Utara',173,'Karo','Kabupaten','Juhar'),
(2424,34,'Sumatera Utara',173,'Karo','Kabupaten','Kabanjahe'),
(2425,34,'Sumatera Utara',173,'Karo','Kabupaten','Kuta Buluh'),
(2426,34,'Sumatera Utara',173,'Karo','Kabupaten','Laubaleng'),
(2427,34,'Sumatera Utara',173,'Karo','Kabupaten','Mardinding'),
(2428,34,'Sumatera Utara',173,'Karo','Kabupaten','Merdeka'),
(2429,34,'Sumatera Utara',173,'Karo','Kabupaten','Merek'),
(2430,34,'Sumatera Utara',173,'Karo','Kabupaten','Munte'),
(2431,34,'Sumatera Utara',173,'Karo','Kabupaten','Nama Teran'),
(2432,34,'Sumatera Utara',173,'Karo','Kabupaten','Payung'),
(2433,34,'Sumatera Utara',173,'Karo','Kabupaten','Simpang Empat'),
(2434,34,'Sumatera Utara',173,'Karo','Kabupaten','Tiga Binanga'),
(2435,34,'Sumatera Utara',173,'Karo','Kabupaten','Tiga Panah'),
(2436,34,'Sumatera Utara',173,'Karo','Kabupaten','Tiganderket'),
(2437,14,'Kalimantan Tengah',174,'Katingan','Kabupaten','Bukit Raya'),
(2438,14,'Kalimantan Tengah',174,'Katingan','Kabupaten','Kamipang'),
(2439,14,'Kalimantan Tengah',174,'Katingan','Kabupaten','Katingan Hilir'),
(2440,14,'Kalimantan Tengah',174,'Katingan','Kabupaten','Katingan Hulu'),
(2441,14,'Kalimantan Tengah',174,'Katingan','Kabupaten','Katingan Kuala'),
(2442,14,'Kalimantan Tengah',174,'Katingan','Kabupaten','Katingan Tengah'),
(2443,14,'Kalimantan Tengah',174,'Katingan','Kabupaten','Marikit'),
(2444,14,'Kalimantan Tengah',174,'Katingan','Kabupaten','Mendawai'),
(2445,14,'Kalimantan Tengah',174,'Katingan','Kabupaten','Petak Malai'),
(2446,14,'Kalimantan Tengah',174,'Katingan','Kabupaten','Pulau Malan'),
(2447,14,'Kalimantan Tengah',174,'Katingan','Kabupaten','Sanaman Mantikei (Senamang Mantikei)'),
(2448,14,'Kalimantan Tengah',174,'Katingan','Kabupaten','Tasik Payawan'),
(2449,14,'Kalimantan Tengah',174,'Katingan','Kabupaten','Tewang Sanggalang Garing (Sangalang)'),
(2450,4,'Bengkulu',175,'Kaur','Kabupaten','Kaur Selatan'),
(2451,4,'Bengkulu',175,'Kaur','Kabupaten','Kaur Tengah'),
(2452,4,'Bengkulu',175,'Kaur','Kabupaten','Kaur Utara'),
(2453,4,'Bengkulu',175,'Kaur','Kabupaten','Kelam Tengah'),
(2454,4,'Bengkulu',175,'Kaur','Kabupaten','Kinal'),
(2455,4,'Bengkulu',175,'Kaur','Kabupaten','Luas'),
(2456,4,'Bengkulu',175,'Kaur','Kabupaten','Lungkang Kule'),
(2457,4,'Bengkulu',175,'Kaur','Kabupaten','Maje'),
(2458,4,'Bengkulu',175,'Kaur','Kabupaten','Muara Sahung'),
(2459,4,'Bengkulu',175,'Kaur','Kabupaten','Nasal'),
(2460,4,'Bengkulu',175,'Kaur','Kabupaten','Padang Guci Hilir'),
(2461,4,'Bengkulu',175,'Kaur','Kabupaten','Padang Guci Hulu'),
(2462,4,'Bengkulu',175,'Kaur','Kabupaten','Semidang Gumai (Gumay)'),
(2463,4,'Bengkulu',175,'Kaur','Kabupaten','Tanjung Kemuning'),
(2464,4,'Bengkulu',175,'Kaur','Kabupaten','Tetap (Muara Tetap)'),
(2465,12,'Kalimantan Barat',176,'Kayong Utara','Kabupaten','Kepulauan Karimata'),
(2466,12,'Kalimantan Barat',176,'Kayong Utara','Kabupaten','Pulau Maya (Pulau Maya Karimata)'),
(2467,12,'Kalimantan Barat',176,'Kayong Utara','Kabupaten','Seponti'),
(2468,12,'Kalimantan Barat',176,'Kayong Utara','Kabupaten','Simpang Hilir'),
(2469,12,'Kalimantan Barat',176,'Kayong Utara','Kabupaten','Sukadana'),
(2470,12,'Kalimantan Barat',176,'Kayong Utara','Kabupaten','Teluk Batang'),
(2471,10,'Jawa Tengah',177,'Kebumen','Kabupaten','Adimulyo'),
(2472,10,'Jawa Tengah',177,'Kebumen','Kabupaten','Alian/Aliyan'),
(2473,10,'Jawa Tengah',177,'Kebumen','Kabupaten','Ambal'),
(2474,10,'Jawa Tengah',177,'Kebumen','Kabupaten','Ayah'),
(2475,10,'Jawa Tengah',177,'Kebumen','Kabupaten','Bonorowo'),
(2476,10,'Jawa Tengah',177,'Kebumen','Kabupaten','Buayan'),
(2477,10,'Jawa Tengah',177,'Kebumen','Kabupaten','Buluspesantren'),
(2478,10,'Jawa Tengah',177,'Kebumen','Kabupaten','Gombong'),
(2479,10,'Jawa Tengah',177,'Kebumen','Kabupaten','Karanganyar'),
(2480,10,'Jawa Tengah',177,'Kebumen','Kabupaten','Karanggayam'),
(2481,10,'Jawa Tengah',177,'Kebumen','Kabupaten','Karangsambung'),
(2482,10,'Jawa Tengah',177,'Kebumen','Kabupaten','Kebumen'),
(2483,10,'Jawa Tengah',177,'Kebumen','Kabupaten','Klirong'),
(2484,10,'Jawa Tengah',177,'Kebumen','Kabupaten','Kutowinangun'),
(2485,10,'Jawa Tengah',177,'Kebumen','Kabupaten','Kuwarasan'),
(2486,10,'Jawa Tengah',177,'Kebumen','Kabupaten','Mirit'),
(2487,10,'Jawa Tengah',177,'Kebumen','Kabupaten','Padureso'),
(2488,10,'Jawa Tengah',177,'Kebumen','Kabupaten','Pejagoan'),
(2489,10,'Jawa Tengah',177,'Kebumen','Kabupaten','Petanahan'),
(2490,10,'Jawa Tengah',177,'Kebumen','Kabupaten','Poncowarno'),
(2491,10,'Jawa Tengah',177,'Kebumen','Kabupaten','Prembun'),
(2492,10,'Jawa Tengah',177,'Kebumen','Kabupaten','Puring'),
(2493,10,'Jawa Tengah',177,'Kebumen','Kabupaten','Rowokele'),
(2494,10,'Jawa Tengah',177,'Kebumen','Kabupaten','Sadang'),
(2495,10,'Jawa Tengah',177,'Kebumen','Kabupaten','Sempor'),
(2496,10,'Jawa Tengah',177,'Kebumen','Kabupaten','Sruweng'),
(2497,11,'Jawa Timur',178,'Kediri','Kabupaten','Badas'),
(2498,11,'Jawa Timur',178,'Kediri','Kabupaten','Banyakan'),
(2499,11,'Jawa Timur',178,'Kediri','Kabupaten','Gampengrejo'),
(2500,11,'Jawa Timur',178,'Kediri','Kabupaten','Grogol'),
(2501,11,'Jawa Timur',178,'Kediri','Kabupaten','Gurah'),
(2502,11,'Jawa Timur',178,'Kediri','Kabupaten','Kandangan'),
(2503,11,'Jawa Timur',178,'Kediri','Kabupaten','Kandat'),
(2504,11,'Jawa Timur',178,'Kediri','Kabupaten','Kayen Kidul'),
(2505,11,'Jawa Timur',178,'Kediri','Kabupaten','Kepung'),
(2506,11,'Jawa Timur',178,'Kediri','Kabupaten','Kras'),
(2507,11,'Jawa Timur',178,'Kediri','Kabupaten','Kunjang'),
(2508,11,'Jawa Timur',178,'Kediri','Kabupaten','Mojo'),
(2509,11,'Jawa Timur',178,'Kediri','Kabupaten','Ngadiluwih'),
(2510,11,'Jawa Timur',178,'Kediri','Kabupaten','Ngancar'),
(2511,11,'Jawa Timur',178,'Kediri','Kabupaten','Ngasem'),
(2512,11,'Jawa Timur',178,'Kediri','Kabupaten','Pagu'),
(2513,11,'Jawa Timur',178,'Kediri','Kabupaten','Papar'),
(2514,11,'Jawa Timur',178,'Kediri','Kabupaten','Pare'),
(2515,11,'Jawa Timur',178,'Kediri','Kabupaten','Plemahan'),
(2516,11,'Jawa Timur',178,'Kediri','Kabupaten','Plosoklaten'),
(2517,11,'Jawa Timur',178,'Kediri','Kabupaten','Puncu'),
(2518,11,'Jawa Timur',178,'Kediri','Kabupaten','Purwoasri'),
(2519,11,'Jawa Timur',178,'Kediri','Kabupaten','Ringinrejo'),
(2520,11,'Jawa Timur',178,'Kediri','Kabupaten','Semen'),
(2521,11,'Jawa Timur',178,'Kediri','Kabupaten','Tarokan'),
(2522,11,'Jawa Timur',178,'Kediri','Kabupaten','Wates'),
(2523,11,'Jawa Timur',179,'Kediri','Kota','Kediri Kota'),
(2524,11,'Jawa Timur',179,'Kediri','Kota','Mojoroto'),
(2525,11,'Jawa Timur',179,'Kediri','Kota','Pesantren'),
(2526,24,'Papua',180,'Keerom','Kabupaten','Arso'),
(2527,24,'Papua',180,'Keerom','Kabupaten','Arso Timur'),
(2528,24,'Papua',180,'Keerom','Kabupaten','Senggi'),
(2529,24,'Papua',180,'Keerom','Kabupaten','Skamto (Skanto)'),
(2530,24,'Papua',180,'Keerom','Kabupaten','Towe'),
(2531,24,'Papua',180,'Keerom','Kabupaten','Waris'),
(2532,24,'Papua',180,'Keerom','Kabupaten','Web'),
(2533,10,'Jawa Tengah',181,'Kendal','Kabupaten','Boja'),
(2534,10,'Jawa Tengah',181,'Kendal','Kabupaten','Brangsong'),
(2535,10,'Jawa Tengah',181,'Kendal','Kabupaten','Cepiring'),
(2536,10,'Jawa Tengah',181,'Kendal','Kabupaten','Gemuh'),
(2537,10,'Jawa Tengah',181,'Kendal','Kabupaten','Kaliwungu'),
(2538,10,'Jawa Tengah',181,'Kendal','Kabupaten','Kaliwungu Selatan'),
(2539,10,'Jawa Tengah',181,'Kendal','Kabupaten','Kangkung'),
(2540,10,'Jawa Tengah',181,'Kendal','Kabupaten','Kendal'),
(2541,10,'Jawa Tengah',181,'Kendal','Kabupaten','Limbangan'),
(2542,10,'Jawa Tengah',181,'Kendal','Kabupaten','Ngampel'),
(2543,10,'Jawa Tengah',181,'Kendal','Kabupaten','Pagerruyung'),
(2544,10,'Jawa Tengah',181,'Kendal','Kabupaten','Patean'),
(2545,10,'Jawa Tengah',181,'Kendal','Kabupaten','Patebon'),
(2546,10,'Jawa Tengah',181,'Kendal','Kabupaten','Pegandon'),
(2547,10,'Jawa Tengah',181,'Kendal','Kabupaten','Plantungan'),
(2548,10,'Jawa Tengah',181,'Kendal','Kabupaten','Ringinarum'),
(2549,10,'Jawa Tengah',181,'Kendal','Kabupaten','Rowosari'),
(2550,10,'Jawa Tengah',181,'Kendal','Kabupaten','Singorojo'),
(2551,10,'Jawa Tengah',181,'Kendal','Kabupaten','Sukorejo'),
(2552,10,'Jawa Tengah',181,'Kendal','Kabupaten','Weleri'),
(2553,30,'Sulawesi Tenggara',182,'Kendari','Kota','Abeli'),
(2554,30,'Sulawesi Tenggara',182,'Kendari','Kota','Baruga'),
(2555,30,'Sulawesi Tenggara',182,'Kendari','Kota','Kadia'),
(2556,30,'Sulawesi Tenggara',182,'Kendari','Kota','Kambu'),
(2557,30,'Sulawesi Tenggara',182,'Kendari','Kota','Kendari'),
(2558,30,'Sulawesi Tenggara',182,'Kendari','Kota','Kendari Barat'),
(2559,30,'Sulawesi Tenggara',182,'Kendari','Kota','Mandonga'),
(2560,30,'Sulawesi Tenggara',182,'Kendari','Kota','Poasia'),
(2561,30,'Sulawesi Tenggara',182,'Kendari','Kota','Puuwatu'),
(2562,30,'Sulawesi Tenggara',182,'Kendari','Kota','Wua-Wua'),
(2563,4,'Bengkulu',183,'Kepahiang','Kabupaten','Bermani Ilir'),
(2564,4,'Bengkulu',183,'Kepahiang','Kabupaten','Kebawetan (Kabawetan)'),
(2565,4,'Bengkulu',183,'Kepahiang','Kabupaten','Kepahiang'),
(2566,4,'Bengkulu',183,'Kepahiang','Kabupaten','Merigi'),
(2567,4,'Bengkulu',183,'Kepahiang','Kabupaten','Muara Kemumu'),
(2568,4,'Bengkulu',183,'Kepahiang','Kabupaten','Seberang Musi'),
(2569,4,'Bengkulu',183,'Kepahiang','Kabupaten','Tebat Karai'),
(2570,4,'Bengkulu',183,'Kepahiang','Kabupaten','Ujan Mas'),
(2571,17,'Kepulauan Riau',184,'Kepulauan Anambas','Kabupaten','Jemaja'),
(2572,17,'Kepulauan Riau',184,'Kepulauan Anambas','Kabupaten','Jemaja Timur'),
(2573,17,'Kepulauan Riau',184,'Kepulauan Anambas','Kabupaten','Palmatak'),
(2574,17,'Kepulauan Riau',184,'Kepulauan Anambas','Kabupaten','Siantan'),
(2575,17,'Kepulauan Riau',184,'Kepulauan Anambas','Kabupaten','Siantan Selatan'),
(2576,17,'Kepulauan Riau',184,'Kepulauan Anambas','Kabupaten','Siantan Tengah'),
(2577,17,'Kepulauan Riau',184,'Kepulauan Anambas','Kabupaten','Siantan Timur'),
(2578,19,'Maluku',185,'Kepulauan Aru','Kabupaten','Aru Selatan'),
(2579,19,'Maluku',185,'Kepulauan Aru','Kabupaten','Aru Selatan Timur'),
(2580,19,'Maluku',185,'Kepulauan Aru','Kabupaten','Aru Selatan Utara'),
(2581,19,'Maluku',185,'Kepulauan Aru','Kabupaten','Aru Tengah'),
(2582,19,'Maluku',185,'Kepulauan Aru','Kabupaten','Aru Tengah Selatan'),
(2583,19,'Maluku',185,'Kepulauan Aru','Kabupaten','Aru Tengah Timur'),
(2584,19,'Maluku',185,'Kepulauan Aru','Kabupaten','Aru Utara'),
(2585,19,'Maluku',185,'Kepulauan Aru','Kabupaten','Aru Utara Timur Batuley'),
(2586,19,'Maluku',185,'Kepulauan Aru','Kabupaten','Pulau-Pulau Aru'),
(2587,19,'Maluku',185,'Kepulauan Aru','Kabupaten','Sir-Sir'),
(2588,32,'Sumatera Barat',186,'Kepulauan Mentawai','Kabupaten','Pagai Selatan'),
(2589,32,'Sumatera Barat',186,'Kepulauan Mentawai','Kabupaten','Pagai Utara'),
(2590,32,'Sumatera Barat',186,'Kepulauan Mentawai','Kabupaten','Siberut Barat'),
(2591,32,'Sumatera Barat',186,'Kepulauan Mentawai','Kabupaten','Siberut Barat Daya'),
(2592,32,'Sumatera Barat',186,'Kepulauan Mentawai','Kabupaten','Siberut Selatan'),
(2593,32,'Sumatera Barat',186,'Kepulauan Mentawai','Kabupaten','Siberut Tengah'),
(2594,32,'Sumatera Barat',186,'Kepulauan Mentawai','Kabupaten','Siberut Utara'),
(2595,32,'Sumatera Barat',186,'Kepulauan Mentawai','Kabupaten','Sikakap'),
(2596,32,'Sumatera Barat',186,'Kepulauan Mentawai','Kabupaten','Sipora Selatan'),
(2597,32,'Sumatera Barat',186,'Kepulauan Mentawai','Kabupaten','Sipora Utara'),
(2598,26,'Riau',187,'Kepulauan Meranti','Kabupaten','Merbau'),
(2599,26,'Riau',187,'Kepulauan Meranti','Kabupaten','Pulaumerbau'),
(2600,26,'Riau',187,'Kepulauan Meranti','Kabupaten','Rangsang'),
(2601,26,'Riau',187,'Kepulauan Meranti','Kabupaten','Rangsang Barat'),
(2602,26,'Riau',187,'Kepulauan Meranti','Kabupaten','Rangsang Pesisir'),
(2603,26,'Riau',187,'Kepulauan Meranti','Kabupaten','Tasik Putri Puyu'),
(2604,26,'Riau',187,'Kepulauan Meranti','Kabupaten','Tebing Tinggi'),
(2605,26,'Riau',187,'Kepulauan Meranti','Kabupaten','Tebing Tinggi Barat'),
(2606,26,'Riau',187,'Kepulauan Meranti','Kabupaten','Tebing Tinggi Timur'),
(2607,31,'Sulawesi Utara',188,'Kepulauan Sangihe','Kabupaten','Kendahe'),
(2608,31,'Sulawesi Utara',188,'Kepulauan Sangihe','Kabupaten','Kepulauan Marore'),
(2609,31,'Sulawesi Utara',188,'Kepulauan Sangihe','Kabupaten','Manganitu'),
(2610,31,'Sulawesi Utara',188,'Kepulauan Sangihe','Kabupaten','Manganitu Selatan'),
(2611,31,'Sulawesi Utara',188,'Kepulauan Sangihe','Kabupaten','Nusa Tabukan'),
(2612,31,'Sulawesi Utara',188,'Kepulauan Sangihe','Kabupaten','Tabukan Selatan'),
(2613,31,'Sulawesi Utara',188,'Kepulauan Sangihe','Kabupaten','Tabukan Selatan Tengah'),
(2614,31,'Sulawesi Utara',188,'Kepulauan Sangihe','Kabupaten','Tabukan Selatan Tenggara'),
(2615,31,'Sulawesi Utara',188,'Kepulauan Sangihe','Kabupaten','Tabukan Tengah'),
(2616,31,'Sulawesi Utara',188,'Kepulauan Sangihe','Kabupaten','Tabukan Utara'),
(2617,31,'Sulawesi Utara',188,'Kepulauan Sangihe','Kabupaten','Tahuna'),
(2618,31,'Sulawesi Utara',188,'Kepulauan Sangihe','Kabupaten','Tahuna Barat'),
(2619,31,'Sulawesi Utara',188,'Kepulauan Sangihe','Kabupaten','Tahuna Timur'),
(2620,31,'Sulawesi Utara',188,'Kepulauan Sangihe','Kabupaten','Tamako'),
(2621,31,'Sulawesi Utara',188,'Kepulauan Sangihe','Kabupaten','Tatoareng'),
(2622,6,'DKI Jakarta',189,'Kepulauan Seribu','Kabupaten','Kepulauan Seribu Selatan'),
(2623,6,'DKI Jakarta',189,'Kepulauan Seribu','Kabupaten','Kepulauan Seribu Utara'),
(2624,31,'Sulawesi Utara',190,'Kepulauan Siau Tagulandang Biaro (Sitaro)','Kabupaten','Biaro'),
(2625,31,'Sulawesi Utara',190,'Kepulauan Siau Tagulandang Biaro (Sitaro)','Kabupaten','Siau Barat'),
(2626,31,'Sulawesi Utara',190,'Kepulauan Siau Tagulandang Biaro (Sitaro)','Kabupaten','Siau Barat Selatan'),
(2627,31,'Sulawesi Utara',190,'Kepulauan Siau Tagulandang Biaro (Sitaro)','Kabupaten','Siau Barat Utara'),
(2628,31,'Sulawesi Utara',190,'Kepulauan Siau Tagulandang Biaro (Sitaro)','Kabupaten','Siau Tengah'),
(2629,31,'Sulawesi Utara',190,'Kepulauan Siau Tagulandang Biaro (Sitaro)','Kabupaten','Siau Timur'),
(2630,31,'Sulawesi Utara',190,'Kepulauan Siau Tagulandang Biaro (Sitaro)','Kabupaten','Siau Timur Selatan'),
(2631,31,'Sulawesi Utara',190,'Kepulauan Siau Tagulandang Biaro (Sitaro)','Kabupaten','Tagulandang'),
(2632,31,'Sulawesi Utara',190,'Kepulauan Siau Tagulandang Biaro (Sitaro)','Kabupaten','Tagulandang Selatan'),
(2633,31,'Sulawesi Utara',190,'Kepulauan Siau Tagulandang Biaro (Sitaro)','Kabupaten','Tagulandang Utara'),
(2634,20,'Maluku Utara',191,'Kepulauan Sula','Kabupaten','Lede'),
(2635,20,'Maluku Utara',191,'Kepulauan Sula','Kabupaten','Mangoli Barat'),
(2636,20,'Maluku Utara',191,'Kepulauan Sula','Kabupaten','Mangoli Selatan'),
(2637,20,'Maluku Utara',191,'Kepulauan Sula','Kabupaten','Mangoli Tengah'),
(2638,20,'Maluku Utara',191,'Kepulauan Sula','Kabupaten','Mangoli Timur'),
(2639,20,'Maluku Utara',191,'Kepulauan Sula','Kabupaten','Mangoli Utara'),
(2640,20,'Maluku Utara',191,'Kepulauan Sula','Kabupaten','Mangoli Utara Timur'),
(2641,20,'Maluku Utara',191,'Kepulauan Sula','Kabupaten','Sanana'),
(2642,20,'Maluku Utara',191,'Kepulauan Sula','Kabupaten','Sanana Utara'),
(2643,20,'Maluku Utara',191,'Kepulauan Sula','Kabupaten','Sulabesi Barat'),
(2644,20,'Maluku Utara',191,'Kepulauan Sula','Kabupaten','Sulabesi Selatan'),
(2645,20,'Maluku Utara',191,'Kepulauan Sula','Kabupaten','Sulabesi Tengah'),
(2646,20,'Maluku Utara',191,'Kepulauan Sula','Kabupaten','Sulabesi Timur'),
(2647,20,'Maluku Utara',191,'Kepulauan Sula','Kabupaten','Taliabu Barat'),
(2648,20,'Maluku Utara',191,'Kepulauan Sula','Kabupaten','Taliabu Barat Laut'),
(2649,20,'Maluku Utara',191,'Kepulauan Sula','Kabupaten','Taliabu Selatan'),
(2650,20,'Maluku Utara',191,'Kepulauan Sula','Kabupaten','Taliabu Timur'),
(2651,20,'Maluku Utara',191,'Kepulauan Sula','Kabupaten','Taliabu Timur Selatan'),
(2652,20,'Maluku Utara',191,'Kepulauan Sula','Kabupaten','Taliabu Utara'),
(2653,31,'Sulawesi Utara',192,'Kepulauan Talaud','Kabupaten','Beo'),
(2654,31,'Sulawesi Utara',192,'Kepulauan Talaud','Kabupaten','Beo Selatan'),
(2655,31,'Sulawesi Utara',192,'Kepulauan Talaud','Kabupaten','Beo Utara'),
(2656,31,'Sulawesi Utara',192,'Kepulauan Talaud','Kabupaten','Damao (Damau)'),
(2657,31,'Sulawesi Utara',192,'Kepulauan Talaud','Kabupaten','Essang'),
(2658,31,'Sulawesi Utara',192,'Kepulauan Talaud','Kabupaten','Essang Selatan'),
(2659,31,'Sulawesi Utara',192,'Kepulauan Talaud','Kabupaten','Gemeh'),
(2660,31,'Sulawesi Utara',192,'Kepulauan Talaud','Kabupaten','Kabaruan'),
(2661,31,'Sulawesi Utara',192,'Kepulauan Talaud','Kabupaten','Kalongan'),
(2662,31,'Sulawesi Utara',192,'Kepulauan Talaud','Kabupaten','Lirung'),
(2663,31,'Sulawesi Utara',192,'Kepulauan Talaud','Kabupaten','Melonguane'),
(2664,31,'Sulawesi Utara',192,'Kepulauan Talaud','Kabupaten','Melonguane Timur'),
(2665,31,'Sulawesi Utara',192,'Kepulauan Talaud','Kabupaten','Miangas'),
(2666,31,'Sulawesi Utara',192,'Kepulauan Talaud','Kabupaten','Moronge'),
(2667,31,'Sulawesi Utara',192,'Kepulauan Talaud','Kabupaten','Nanusa'),
(2668,31,'Sulawesi Utara',192,'Kepulauan Talaud','Kabupaten','Pulutan'),
(2669,31,'Sulawesi Utara',192,'Kepulauan Talaud','Kabupaten','Rainis'),
(2670,31,'Sulawesi Utara',192,'Kepulauan Talaud','Kabupaten','Salibabu'),
(2671,31,'Sulawesi Utara',192,'Kepulauan Talaud','Kabupaten','Tampan Amma'),
(2672,24,'Papua',193,'Kepulauan Yapen (Yapen Waropen)','Kabupaten','Angkaisera'),
(2673,24,'Papua',193,'Kepulauan Yapen (Yapen Waropen)','Kabupaten','Kepulauan Ambai'),
(2674,24,'Papua',193,'Kepulauan Yapen (Yapen Waropen)','Kabupaten','Kosiwo'),
(2675,24,'Papua',193,'Kepulauan Yapen (Yapen Waropen)','Kabupaten','Poom'),
(2676,24,'Papua',193,'Kepulauan Yapen (Yapen Waropen)','Kabupaten','Pulau Kurudu'),
(2677,24,'Papua',193,'Kepulauan Yapen (Yapen Waropen)','Kabupaten','Pulau Yerui'),
(2678,24,'Papua',193,'Kepulauan Yapen (Yapen Waropen)','Kabupaten','Raimbawi'),
(2679,24,'Papua',193,'Kepulauan Yapen (Yapen Waropen)','Kabupaten','Teluk Ampimoi'),
(2680,24,'Papua',193,'Kepulauan Yapen (Yapen Waropen)','Kabupaten','Windesi'),
(2681,24,'Papua',193,'Kepulauan Yapen (Yapen Waropen)','Kabupaten','Wonawa'),
(2682,24,'Papua',193,'Kepulauan Yapen (Yapen Waropen)','Kabupaten','Yapen Barat'),
(2683,24,'Papua',193,'Kepulauan Yapen (Yapen Waropen)','Kabupaten','Yapen Selatan'),
(2684,24,'Papua',193,'Kepulauan Yapen (Yapen Waropen)','Kabupaten','Yapen Timur'),
(2685,24,'Papua',193,'Kepulauan Yapen (Yapen Waropen)','Kabupaten','Yapen Utara'),
(2686,8,'Jambi',194,'Kerinci','Kabupaten','Air Hangat'),
(2687,8,'Jambi',194,'Kerinci','Kabupaten','Air Hangat Barat'),
(2688,8,'Jambi',194,'Kerinci','Kabupaten','Air Hangat Timur'),
(2689,8,'Jambi',194,'Kerinci','Kabupaten','Batang Merangin'),
(2690,8,'Jambi',194,'Kerinci','Kabupaten','Bukitkerman'),
(2691,8,'Jambi',194,'Kerinci','Kabupaten','Danau Kerinci'),
(2692,8,'Jambi',194,'Kerinci','Kabupaten','Depati Tujuh'),
(2693,8,'Jambi',194,'Kerinci','Kabupaten','Gunung Kerinci'),
(2694,8,'Jambi',194,'Kerinci','Kabupaten','Gunung Raya'),
(2695,8,'Jambi',194,'Kerinci','Kabupaten','Gunung Tujuh'),
(2696,8,'Jambi',194,'Kerinci','Kabupaten','Kayu Aro'),
(2697,8,'Jambi',194,'Kerinci','Kabupaten','Kayu Aro Barat'),
(2698,8,'Jambi',194,'Kerinci','Kabupaten','Keliling Danau'),
(2699,8,'Jambi',194,'Kerinci','Kabupaten','Sitinjau Laut'),
(2700,8,'Jambi',194,'Kerinci','Kabupaten','Siulak'),
(2701,8,'Jambi',194,'Kerinci','Kabupaten','Siulak Mukai'),
(2702,12,'Kalimantan Barat',195,'Ketapang','Kabupaten','Air Upas'),
(2703,12,'Kalimantan Barat',195,'Ketapang','Kabupaten','Benua Kayong'),
(2704,12,'Kalimantan Barat',195,'Ketapang','Kabupaten','Delta Pawan'),
(2705,12,'Kalimantan Barat',195,'Ketapang','Kabupaten','Hulu Sungai'),
(2706,12,'Kalimantan Barat',195,'Ketapang','Kabupaten','Jelai Hulu'),
(2707,12,'Kalimantan Barat',195,'Ketapang','Kabupaten','Kendawangan'),
(2708,12,'Kalimantan Barat',195,'Ketapang','Kabupaten','Manis Mata'),
(2709,12,'Kalimantan Barat',195,'Ketapang','Kabupaten','Marau'),
(2710,12,'Kalimantan Barat',195,'Ketapang','Kabupaten','Matan Hilir Selatan'),
(2711,12,'Kalimantan Barat',195,'Ketapang','Kabupaten','Matan Hilir Utara'),
(2712,12,'Kalimantan Barat',195,'Ketapang','Kabupaten','Muara Pawan'),
(2713,12,'Kalimantan Barat',195,'Ketapang','Kabupaten','Nanga Tayap'),
(2714,12,'Kalimantan Barat',195,'Ketapang','Kabupaten','Pemahan'),
(2715,12,'Kalimantan Barat',195,'Ketapang','Kabupaten','Sandai'),
(2716,12,'Kalimantan Barat',195,'Ketapang','Kabupaten','Simpang Dua'),
(2717,12,'Kalimantan Barat',195,'Ketapang','Kabupaten','Simpang Hulu'),
(2718,12,'Kalimantan Barat',195,'Ketapang','Kabupaten','Singkup'),
(2719,12,'Kalimantan Barat',195,'Ketapang','Kabupaten','Sungai Laur'),
(2720,12,'Kalimantan Barat',195,'Ketapang','Kabupaten','Sungai Melayu Rayak'),
(2721,12,'Kalimantan Barat',195,'Ketapang','Kabupaten','Tumbang Titi'),
(2722,10,'Jawa Tengah',196,'Klaten','Kabupaten','Bayat'),
(2723,10,'Jawa Tengah',196,'Klaten','Kabupaten','Cawas'),
(2724,10,'Jawa Tengah',196,'Klaten','Kabupaten','Ceper'),
(2725,10,'Jawa Tengah',196,'Klaten','Kabupaten','Delanggu'),
(2726,10,'Jawa Tengah',196,'Klaten','Kabupaten','Gantiwarno'),
(2727,10,'Jawa Tengah',196,'Klaten','Kabupaten','Jatinom'),
(2728,10,'Jawa Tengah',196,'Klaten','Kabupaten','Jogonalan'),
(2729,10,'Jawa Tengah',196,'Klaten','Kabupaten','Juwiring'),
(2730,10,'Jawa Tengah',196,'Klaten','Kabupaten','Kalikotes'),
(2731,10,'Jawa Tengah',196,'Klaten','Kabupaten','Karanganom'),
(2732,10,'Jawa Tengah',196,'Klaten','Kabupaten','Karangdowo'),
(2733,10,'Jawa Tengah',196,'Klaten','Kabupaten','Karangnongko'),
(2734,10,'Jawa Tengah',196,'Klaten','Kabupaten','Kebonarum'),
(2735,10,'Jawa Tengah',196,'Klaten','Kabupaten','Kemalang'),
(2736,10,'Jawa Tengah',196,'Klaten','Kabupaten','Klaten Selatan'),
(2737,10,'Jawa Tengah',196,'Klaten','Kabupaten','Klaten Tengah'),
(2738,10,'Jawa Tengah',196,'Klaten','Kabupaten','Klaten Utara'),
(2739,10,'Jawa Tengah',196,'Klaten','Kabupaten','Manisrenggo'),
(2740,10,'Jawa Tengah',196,'Klaten','Kabupaten','Ngawen'),
(2741,10,'Jawa Tengah',196,'Klaten','Kabupaten','Pedan'),
(2742,10,'Jawa Tengah',196,'Klaten','Kabupaten','Polanharjo'),
(2743,10,'Jawa Tengah',196,'Klaten','Kabupaten','Prambanan'),
(2744,10,'Jawa Tengah',196,'Klaten','Kabupaten','Trucuk'),
(2745,10,'Jawa Tengah',196,'Klaten','Kabupaten','Tulung'),
(2746,10,'Jawa Tengah',196,'Klaten','Kabupaten','Wedi'),
(2747,10,'Jawa Tengah',196,'Klaten','Kabupaten','Wonosari'),
(2748,1,'Bali',197,'Klungkung','Kabupaten','Banjarangkan'),
(2749,1,'Bali',197,'Klungkung','Kabupaten','Dawan'),
(2750,1,'Bali',197,'Klungkung','Kabupaten','Klungkung'),
(2751,1,'Bali',197,'Klungkung','Kabupaten','Nusapenida'),
(2752,30,'Sulawesi Tenggara',198,'Kolaka','Kabupaten','Baula'),
(2753,30,'Sulawesi Tenggara',198,'Kolaka','Kabupaten','Kolaka'),
(2754,30,'Sulawesi Tenggara',198,'Kolaka','Kabupaten','Ladongi'),
(2755,30,'Sulawesi Tenggara',198,'Kolaka','Kabupaten','Lalolae'),
(2756,30,'Sulawesi Tenggara',198,'Kolaka','Kabupaten','Lambandia (Lambadia)'),
(2757,30,'Sulawesi Tenggara',198,'Kolaka','Kabupaten','Latambaga'),
(2758,30,'Sulawesi Tenggara',198,'Kolaka','Kabupaten','Loea'),
(2759,30,'Sulawesi Tenggara',198,'Kolaka','Kabupaten','Mowewe'),
(2760,30,'Sulawesi Tenggara',198,'Kolaka','Kabupaten','Poli Polia'),
(2761,30,'Sulawesi Tenggara',198,'Kolaka','Kabupaten','Polinggona'),
(2762,30,'Sulawesi Tenggara',198,'Kolaka','Kabupaten','Pomalaa'),
(2763,30,'Sulawesi Tenggara',198,'Kolaka','Kabupaten','Samaturu'),
(2764,30,'Sulawesi Tenggara',198,'Kolaka','Kabupaten','Tanggetada'),
(2765,30,'Sulawesi Tenggara',198,'Kolaka','Kabupaten','Tinondo'),
(2766,30,'Sulawesi Tenggara',198,'Kolaka','Kabupaten','Tirawuta'),
(2767,30,'Sulawesi Tenggara',198,'Kolaka','Kabupaten','Toari'),
(2768,30,'Sulawesi Tenggara',198,'Kolaka','Kabupaten','Uluiwoi'),
(2769,30,'Sulawesi Tenggara',198,'Kolaka','Kabupaten','Watumbangga (Watubanggo)'),
(2770,30,'Sulawesi Tenggara',198,'Kolaka','Kabupaten','Wolo'),
(2771,30,'Sulawesi Tenggara',198,'Kolaka','Kabupaten','Wundulako'),
(2772,30,'Sulawesi Tenggara',199,'Kolaka Utara','Kabupaten','Batu Putih'),
(2773,30,'Sulawesi Tenggara',199,'Kolaka Utara','Kabupaten','Katoi'),
(2774,30,'Sulawesi Tenggara',199,'Kolaka Utara','Kabupaten','Kodeoha'),
(2775,30,'Sulawesi Tenggara',199,'Kolaka Utara','Kabupaten','Lasusua'),
(2776,30,'Sulawesi Tenggara',199,'Kolaka Utara','Kabupaten','Lombai (Lambai)'),
(2777,30,'Sulawesi Tenggara',199,'Kolaka Utara','Kabupaten','Ngapa'),
(2778,30,'Sulawesi Tenggara',199,'Kolaka Utara','Kabupaten','Pakue'),
(2779,30,'Sulawesi Tenggara',199,'Kolaka Utara','Kabupaten','Pakue Tengah'),
(2780,30,'Sulawesi Tenggara',199,'Kolaka Utara','Kabupaten','Pakue Utara'),
(2781,30,'Sulawesi Tenggara',199,'Kolaka Utara','Kabupaten','Porehu'),
(2782,30,'Sulawesi Tenggara',199,'Kolaka Utara','Kabupaten','Ranteangin'),
(2783,30,'Sulawesi Tenggara',199,'Kolaka Utara','Kabupaten','Tiwu'),
(2784,30,'Sulawesi Tenggara',199,'Kolaka Utara','Kabupaten','Tolala'),
(2785,30,'Sulawesi Tenggara',199,'Kolaka Utara','Kabupaten','Watunohu'),
(2786,30,'Sulawesi Tenggara',199,'Kolaka Utara','Kabupaten','Wawo'),
(2787,30,'Sulawesi Tenggara',200,'Konawe','Kabupaten','Abuki'),
(2788,30,'Sulawesi Tenggara',200,'Konawe','Kabupaten','Amonggedo'),
(2789,30,'Sulawesi Tenggara',200,'Konawe','Kabupaten','Anggaberi'),
(2790,30,'Sulawesi Tenggara',200,'Konawe','Kabupaten','Asinua'),
(2791,30,'Sulawesi Tenggara',200,'Konawe','Kabupaten','Besulutu'),
(2792,30,'Sulawesi Tenggara',200,'Konawe','Kabupaten','Bondoala'),
(2793,30,'Sulawesi Tenggara',200,'Konawe','Kabupaten','Kapoiala (Kapoyala)'),
(2794,30,'Sulawesi Tenggara',200,'Konawe','Kabupaten','Konawe'),
(2795,30,'Sulawesi Tenggara',200,'Konawe','Kabupaten','Lalonggasumeeto'),
(2796,30,'Sulawesi Tenggara',200,'Konawe','Kabupaten','Lambuya'),
(2797,30,'Sulawesi Tenggara',200,'Konawe','Kabupaten','Latoma'),
(2798,30,'Sulawesi Tenggara',200,'Konawe','Kabupaten','Meluhu'),
(2799,30,'Sulawesi Tenggara',200,'Konawe','Kabupaten','Onembute'),
(2800,30,'Sulawesi Tenggara',200,'Konawe','Kabupaten','Pondidaha'),
(2801,30,'Sulawesi Tenggara',200,'Konawe','Kabupaten','Puriala'),
(2802,30,'Sulawesi Tenggara',200,'Konawe','Kabupaten','Routa'),
(2803,30,'Sulawesi Tenggara',200,'Konawe','Kabupaten','Sampara'),
(2804,30,'Sulawesi Tenggara',200,'Konawe','Kabupaten','Soropia'),
(2805,30,'Sulawesi Tenggara',200,'Konawe','Kabupaten','Tongauna'),
(2806,30,'Sulawesi Tenggara',200,'Konawe','Kabupaten','Uepai (Uwepai)'),
(2807,30,'Sulawesi Tenggara',200,'Konawe','Kabupaten','Unaaha'),
(2808,30,'Sulawesi Tenggara',200,'Konawe','Kabupaten','Wawonii Barat'),
(2809,30,'Sulawesi Tenggara',200,'Konawe','Kabupaten','Wawonii Selatan'),
(2810,30,'Sulawesi Tenggara',200,'Konawe','Kabupaten','Wawonii Tengah'),
(2811,30,'Sulawesi Tenggara',200,'Konawe','Kabupaten','Wawonii Tenggara'),
(2812,30,'Sulawesi Tenggara',200,'Konawe','Kabupaten','Wawonii Timur'),
(2813,30,'Sulawesi Tenggara',200,'Konawe','Kabupaten','Wawonii Timur Laut'),
(2814,30,'Sulawesi Tenggara',200,'Konawe','Kabupaten','Wawonii Utara'),
(2815,30,'Sulawesi Tenggara',200,'Konawe','Kabupaten','Wawotobi'),
(2816,30,'Sulawesi Tenggara',200,'Konawe','Kabupaten','Wonggeduku'),
(2817,30,'Sulawesi Tenggara',201,'Konawe Selatan','Kabupaten','Andoolo'),
(2818,30,'Sulawesi Tenggara',201,'Konawe Selatan','Kabupaten','Angata'),
(2819,30,'Sulawesi Tenggara',201,'Konawe Selatan','Kabupaten','Baito'),
(2820,30,'Sulawesi Tenggara',201,'Konawe Selatan','Kabupaten','Basala'),
(2821,30,'Sulawesi Tenggara',201,'Konawe Selatan','Kabupaten','Benua'),
(2822,30,'Sulawesi Tenggara',201,'Konawe Selatan','Kabupaten','Buke'),
(2823,30,'Sulawesi Tenggara',201,'Konawe Selatan','Kabupaten','Kolono'),
(2824,30,'Sulawesi Tenggara',201,'Konawe Selatan','Kabupaten','Konda'),
(2825,30,'Sulawesi Tenggara',201,'Konawe Selatan','Kabupaten','Laeya'),
(2826,30,'Sulawesi Tenggara',201,'Konawe Selatan','Kabupaten','Lainea'),
(2827,30,'Sulawesi Tenggara',201,'Konawe Selatan','Kabupaten','Lalembuu / Lalumbuu'),
(2828,30,'Sulawesi Tenggara',201,'Konawe Selatan','Kabupaten','Landono'),
(2829,30,'Sulawesi Tenggara',201,'Konawe Selatan','Kabupaten','Laonti'),
(2830,30,'Sulawesi Tenggara',201,'Konawe Selatan','Kabupaten','Moramo'),
(2831,30,'Sulawesi Tenggara',201,'Konawe Selatan','Kabupaten','Moramo Utara'),
(2832,30,'Sulawesi Tenggara',201,'Konawe Selatan','Kabupaten','Mowila'),
(2833,30,'Sulawesi Tenggara',201,'Konawe Selatan','Kabupaten','Palangga'),
(2834,30,'Sulawesi Tenggara',201,'Konawe Selatan','Kabupaten','Palangga Selatan'),
(2835,30,'Sulawesi Tenggara',201,'Konawe Selatan','Kabupaten','Ranomeeto'),
(2836,30,'Sulawesi Tenggara',201,'Konawe Selatan','Kabupaten','Ranomeeto Barat'),
(2837,30,'Sulawesi Tenggara',201,'Konawe Selatan','Kabupaten','Tinanggea'),
(2838,30,'Sulawesi Tenggara',201,'Konawe Selatan','Kabupaten','Wolasi'),
(2839,30,'Sulawesi Tenggara',202,'Konawe Utara','Kabupaten','Andowia'),
(2840,30,'Sulawesi Tenggara',202,'Konawe Utara','Kabupaten','Asera'),
(2841,30,'Sulawesi Tenggara',202,'Konawe Utara','Kabupaten','Langgikima'),
(2842,30,'Sulawesi Tenggara',202,'Konawe Utara','Kabupaten','Lasolo'),
(2843,30,'Sulawesi Tenggara',202,'Konawe Utara','Kabupaten','Lembo'),
(2844,30,'Sulawesi Tenggara',202,'Konawe Utara','Kabupaten','Molawe'),
(2845,30,'Sulawesi Tenggara',202,'Konawe Utara','Kabupaten','Motui'),
(2846,30,'Sulawesi Tenggara',202,'Konawe Utara','Kabupaten','Oheo'),
(2847,30,'Sulawesi Tenggara',202,'Konawe Utara','Kabupaten','Sawa'),
(2848,30,'Sulawesi Tenggara',202,'Konawe Utara','Kabupaten','Wiwirano'),
(2849,13,'Kalimantan Selatan',203,'Kotabaru','Kabupaten','Hampang'),
(2850,13,'Kalimantan Selatan',203,'Kotabaru','Kabupaten','Kelumpang Barat'),
(2851,13,'Kalimantan Selatan',203,'Kotabaru','Kabupaten','Kelumpang Hilir'),
(2852,13,'Kalimantan Selatan',203,'Kotabaru','Kabupaten','Kelumpang Hulu'),
(2853,13,'Kalimantan Selatan',203,'Kotabaru','Kabupaten','Kelumpang Selatan'),
(2854,13,'Kalimantan Selatan',203,'Kotabaru','Kabupaten','Kelumpang Tengah'),
(2855,13,'Kalimantan Selatan',203,'Kotabaru','Kabupaten','Kelumpang Utara'),
(2856,13,'Kalimantan Selatan',203,'Kotabaru','Kabupaten','Pamukan Barat'),
(2857,13,'Kalimantan Selatan',203,'Kotabaru','Kabupaten','Pamukan Selatan'),
(2858,13,'Kalimantan Selatan',203,'Kotabaru','Kabupaten','Pamukan Utara'),
(2859,13,'Kalimantan Selatan',203,'Kotabaru','Kabupaten','Pulau Laut Barat'),
(2860,13,'Kalimantan Selatan',203,'Kotabaru','Kabupaten','Pulau Laut Kepulauan'),
(2861,13,'Kalimantan Selatan',203,'Kotabaru','Kabupaten','Pulau Laut Selatan'),
(2862,13,'Kalimantan Selatan',203,'Kotabaru','Kabupaten','Pulau Laut Tanjung Selayar'),
(2863,13,'Kalimantan Selatan',203,'Kotabaru','Kabupaten','Pulau Laut Tengah'),
(2864,13,'Kalimantan Selatan',203,'Kotabaru','Kabupaten','Pulau Laut Timur'),
(2865,13,'Kalimantan Selatan',203,'Kotabaru','Kabupaten','Pulau Laut Utara'),
(2866,13,'Kalimantan Selatan',203,'Kotabaru','Kabupaten','Pulau Sebuku'),
(2867,13,'Kalimantan Selatan',203,'Kotabaru','Kabupaten','Pulau Sembilan'),
(2868,13,'Kalimantan Selatan',203,'Kotabaru','Kabupaten','Sampanahan'),
(2869,13,'Kalimantan Selatan',203,'Kotabaru','Kabupaten','Sungai Durian'),
(2870,31,'Sulawesi Utara',204,'Kotamobagu','Kota','Kotamobagu Barat'),
(2871,31,'Sulawesi Utara',204,'Kotamobagu','Kota','Kotamobagu Selatan'),
(2872,31,'Sulawesi Utara',204,'Kotamobagu','Kota','Kotamobagu Timur'),
(2873,31,'Sulawesi Utara',204,'Kotamobagu','Kota','Kotamobagu Utara'),
(2874,14,'Kalimantan Tengah',205,'Kotawaringin Barat','Kabupaten','Arut Selatan'),
(2875,14,'Kalimantan Tengah',205,'Kotawaringin Barat','Kabupaten','Arut Utara'),
(2876,14,'Kalimantan Tengah',205,'Kotawaringin Barat','Kabupaten','Kotawaringin Lama'),
(2877,14,'Kalimantan Tengah',205,'Kotawaringin Barat','Kabupaten','Kumai'),
(2878,14,'Kalimantan Tengah',205,'Kotawaringin Barat','Kabupaten','Pangkalan Banteng'),
(2879,14,'Kalimantan Tengah',205,'Kotawaringin Barat','Kabupaten','Pangkalan Lada'),
(2880,14,'Kalimantan Tengah',206,'Kotawaringin Timur','Kabupaten','Antang Kalang'),
(2881,14,'Kalimantan Tengah',206,'Kotawaringin Timur','Kabupaten','Baamang'),
(2882,14,'Kalimantan Tengah',206,'Kotawaringin Timur','Kabupaten','Bukit Santuei'),
(2883,14,'Kalimantan Tengah',206,'Kotawaringin Timur','Kabupaten','Cempaga'),
(2884,14,'Kalimantan Tengah',206,'Kotawaringin Timur','Kabupaten','Cempaga Hulu'),
(2885,14,'Kalimantan Tengah',206,'Kotawaringin Timur','Kabupaten','Kota Besi'),
(2886,14,'Kalimantan Tengah',206,'Kotawaringin Timur','Kabupaten','Mentawa Baru (Ketapang)'),
(2887,14,'Kalimantan Tengah',206,'Kotawaringin Timur','Kabupaten','Mentaya Hilir Selatan'),
(2888,14,'Kalimantan Tengah',206,'Kotawaringin Timur','Kabupaten','Mentaya Hilir Utara'),
(2889,14,'Kalimantan Tengah',206,'Kotawaringin Timur','Kabupaten','Mentaya Hulu'),
(2890,14,'Kalimantan Tengah',206,'Kotawaringin Timur','Kabupaten','Parenggean'),
(2891,14,'Kalimantan Tengah',206,'Kotawaringin Timur','Kabupaten','Pulau Hanaut'),
(2892,14,'Kalimantan Tengah',206,'Kotawaringin Timur','Kabupaten','Seranau'),
(2893,14,'Kalimantan Tengah',206,'Kotawaringin Timur','Kabupaten','Telaga Antang'),
(2894,14,'Kalimantan Tengah',206,'Kotawaringin Timur','Kabupaten','Telawang'),
(2895,14,'Kalimantan Tengah',206,'Kotawaringin Timur','Kabupaten','Teluk Sampit'),
(2896,14,'Kalimantan Tengah',206,'Kotawaringin Timur','Kabupaten','Tualan Hulu'),
(2897,26,'Riau',207,'Kuantan Singingi','Kabupaten','Benai'),
(2898,26,'Riau',207,'Kuantan Singingi','Kabupaten','Cerenti'),
(2899,26,'Riau',207,'Kuantan Singingi','Kabupaten','Gunung Toar'),
(2900,26,'Riau',207,'Kuantan Singingi','Kabupaten','Hulu Kuantan'),
(2901,26,'Riau',207,'Kuantan Singingi','Kabupaten','Inuman'),
(2902,26,'Riau',207,'Kuantan Singingi','Kabupaten','Kuantan Hilir'),
(2903,26,'Riau',207,'Kuantan Singingi','Kabupaten','Kuantan Hilir Seberang'),
(2904,26,'Riau',207,'Kuantan Singingi','Kabupaten','Kuantan Mudik'),
(2905,26,'Riau',207,'Kuantan Singingi','Kabupaten','Kuantan Tengah'),
(2906,26,'Riau',207,'Kuantan Singingi','Kabupaten','Logas Tanah Darat'),
(2907,26,'Riau',207,'Kuantan Singingi','Kabupaten','Pangean'),
(2908,26,'Riau',207,'Kuantan Singingi','Kabupaten','Pucuk Rantau'),
(2909,26,'Riau',207,'Kuantan Singingi','Kabupaten','Sentajo Raya'),
(2910,26,'Riau',207,'Kuantan Singingi','Kabupaten','Singingi'),
(2911,26,'Riau',207,'Kuantan Singingi','Kabupaten','Singingi Hilir'),
(2912,12,'Kalimantan Barat',208,'Kubu Raya','Kabupaten','Batu Ampar'),
(2913,12,'Kalimantan Barat',208,'Kubu Raya','Kabupaten','Kuala Mandor-B'),
(2914,12,'Kalimantan Barat',208,'Kubu Raya','Kabupaten','Kubu'),
(2915,12,'Kalimantan Barat',208,'Kubu Raya','Kabupaten','Rasau Jaya'),
(2916,12,'Kalimantan Barat',208,'Kubu Raya','Kabupaten','Sei/Sungai Ambawang'),
(2917,12,'Kalimantan Barat',208,'Kubu Raya','Kabupaten','Sei/Sungai Kakap'),
(2918,12,'Kalimantan Barat',208,'Kubu Raya','Kabupaten','Sei/Sungai Raya'),
(2919,12,'Kalimantan Barat',208,'Kubu Raya','Kabupaten','Teluk/Telok Pakedai'),
(2920,12,'Kalimantan Barat',208,'Kubu Raya','Kabupaten','Terentang'),
(2921,10,'Jawa Tengah',209,'Kudus','Kabupaten','Bae'),
(2922,10,'Jawa Tengah',209,'Kudus','Kabupaten','Dawe'),
(2923,10,'Jawa Tengah',209,'Kudus','Kabupaten','Gebog'),
(2924,10,'Jawa Tengah',209,'Kudus','Kabupaten','Jati'),
(2925,10,'Jawa Tengah',209,'Kudus','Kabupaten','Jekulo'),
(2926,10,'Jawa Tengah',209,'Kudus','Kabupaten','Kaliwungu'),
(2927,10,'Jawa Tengah',209,'Kudus','Kabupaten','Kudus Kota'),
(2928,10,'Jawa Tengah',209,'Kudus','Kabupaten','Mejobo'),
(2929,10,'Jawa Tengah',209,'Kudus','Kabupaten','Undaan'),
(2930,5,'DI Yogyakarta',210,'Kulon Progo','Kabupaten','Galur'),
(2931,5,'DI Yogyakarta',210,'Kulon Progo','Kabupaten','Girimulyo'),
(2932,5,'DI Yogyakarta',210,'Kulon Progo','Kabupaten','Kalibawang'),
(2933,5,'DI Yogyakarta',210,'Kulon Progo','Kabupaten','Kokap'),
(2934,5,'DI Yogyakarta',210,'Kulon Progo','Kabupaten','Lendah'),
(2935,5,'DI Yogyakarta',210,'Kulon Progo','Kabupaten','Nanggulan'),
(2936,5,'DI Yogyakarta',210,'Kulon Progo','Kabupaten','Panjatan'),
(2937,5,'DI Yogyakarta',210,'Kulon Progo','Kabupaten','Pengasih'),
(2938,5,'DI Yogyakarta',210,'Kulon Progo','Kabupaten','Samigaluh'),
(2939,5,'DI Yogyakarta',210,'Kulon Progo','Kabupaten','Sentolo'),
(2940,5,'DI Yogyakarta',210,'Kulon Progo','Kabupaten','Temon'),
(2941,5,'DI Yogyakarta',210,'Kulon Progo','Kabupaten','Wates'),
(2942,9,'Jawa Barat',211,'Kuningan','Kabupaten','Ciawigebang'),
(2943,9,'Jawa Barat',211,'Kuningan','Kabupaten','Cibeureum'),
(2944,9,'Jawa Barat',211,'Kuningan','Kabupaten','Cibingbin'),
(2945,9,'Jawa Barat',211,'Kuningan','Kabupaten','Cidahu'),
(2946,9,'Jawa Barat',211,'Kuningan','Kabupaten','Cigandamekar'),
(2947,9,'Jawa Barat',211,'Kuningan','Kabupaten','Cigugur'),
(2948,9,'Jawa Barat',211,'Kuningan','Kabupaten','Cilebak'),
(2949,9,'Jawa Barat',211,'Kuningan','Kabupaten','Cilimus'),
(2950,9,'Jawa Barat',211,'Kuningan','Kabupaten','Cimahi'),
(2951,9,'Jawa Barat',211,'Kuningan','Kabupaten','Ciniru'),
(2952,9,'Jawa Barat',211,'Kuningan','Kabupaten','Cipicung'),
(2953,9,'Jawa Barat',211,'Kuningan','Kabupaten','Ciwaru'),
(2954,9,'Jawa Barat',211,'Kuningan','Kabupaten','Darma'),
(2955,9,'Jawa Barat',211,'Kuningan','Kabupaten','Garawangi'),
(2956,9,'Jawa Barat',211,'Kuningan','Kabupaten','Hantara'),
(2957,9,'Jawa Barat',211,'Kuningan','Kabupaten','Jalaksana'),
(2958,9,'Jawa Barat',211,'Kuningan','Kabupaten','Japara'),
(2959,9,'Jawa Barat',211,'Kuningan','Kabupaten','Kadugede'),
(2960,9,'Jawa Barat',211,'Kuningan','Kabupaten','Kalimanggis'),
(2961,9,'Jawa Barat',211,'Kuningan','Kabupaten','Karangkancana'),
(2962,9,'Jawa Barat',211,'Kuningan','Kabupaten','Kramat Mulya'),
(2963,9,'Jawa Barat',211,'Kuningan','Kabupaten','Kuningan'),
(2964,9,'Jawa Barat',211,'Kuningan','Kabupaten','Lebakwangi'),
(2965,9,'Jawa Barat',211,'Kuningan','Kabupaten','Luragung'),
(2966,9,'Jawa Barat',211,'Kuningan','Kabupaten','Maleber'),
(2967,9,'Jawa Barat',211,'Kuningan','Kabupaten','Mandirancan'),
(2968,9,'Jawa Barat',211,'Kuningan','Kabupaten','Nusaherang'),
(2969,9,'Jawa Barat',211,'Kuningan','Kabupaten','Pancalang'),
(2970,9,'Jawa Barat',211,'Kuningan','Kabupaten','Pasawahan'),
(2971,9,'Jawa Barat',211,'Kuningan','Kabupaten','Selajambe'),
(2972,9,'Jawa Barat',211,'Kuningan','Kabupaten','Sindangagung'),
(2973,9,'Jawa Barat',211,'Kuningan','Kabupaten','Subang'),
(2974,23,'Nusa Tenggara Timur (NTT)',212,'Kupang','Kabupaten','Amabi Oefeto'),
(2975,23,'Nusa Tenggara Timur (NTT)',212,'Kupang','Kabupaten','Amabi Oefeto Timur'),
(2976,23,'Nusa Tenggara Timur (NTT)',212,'Kupang','Kabupaten','Amarasi'),
(2977,23,'Nusa Tenggara Timur (NTT)',212,'Kupang','Kabupaten','Amarasi Barat'),
(2978,23,'Nusa Tenggara Timur (NTT)',212,'Kupang','Kabupaten','Amarasi Selatan'),
(2979,23,'Nusa Tenggara Timur (NTT)',212,'Kupang','Kabupaten','Amarasi Timur'),
(2980,23,'Nusa Tenggara Timur (NTT)',212,'Kupang','Kabupaten','Amfoang Barat Daya'),
(2981,23,'Nusa Tenggara Timur (NTT)',212,'Kupang','Kabupaten','Amfoang Barat Laut'),
(2982,23,'Nusa Tenggara Timur (NTT)',212,'Kupang','Kabupaten','Amfoang Selatan'),
(2983,23,'Nusa Tenggara Timur (NTT)',212,'Kupang','Kabupaten','Amfoang Tengah'),
(2984,23,'Nusa Tenggara Timur (NTT)',212,'Kupang','Kabupaten','Amfoang Timur'),
(2985,23,'Nusa Tenggara Timur (NTT)',212,'Kupang','Kabupaten','Amfoang Utara'),
(2986,23,'Nusa Tenggara Timur (NTT)',212,'Kupang','Kabupaten','Fatuleu'),
(2987,23,'Nusa Tenggara Timur (NTT)',212,'Kupang','Kabupaten','Fatuleu Barat'),
(2988,23,'Nusa Tenggara Timur (NTT)',212,'Kupang','Kabupaten','Fatuleu Tengah'),
(2989,23,'Nusa Tenggara Timur (NTT)',212,'Kupang','Kabupaten','Kupang Barat'),
(2990,23,'Nusa Tenggara Timur (NTT)',212,'Kupang','Kabupaten','Kupang Tengah'),
(2991,23,'Nusa Tenggara Timur (NTT)',212,'Kupang','Kabupaten','Kupang Timur'),
(2992,23,'Nusa Tenggara Timur (NTT)',212,'Kupang','Kabupaten','Nekamese'),
(2993,23,'Nusa Tenggara Timur (NTT)',212,'Kupang','Kabupaten','Semau'),
(2994,23,'Nusa Tenggara Timur (NTT)',212,'Kupang','Kabupaten','Semau Selatan'),
(2995,23,'Nusa Tenggara Timur (NTT)',212,'Kupang','Kabupaten','Sulamu'),
(2996,23,'Nusa Tenggara Timur (NTT)',212,'Kupang','Kabupaten','Taebenu'),
(2997,23,'Nusa Tenggara Timur (NTT)',212,'Kupang','Kabupaten','Takari'),
(2998,23,'Nusa Tenggara Timur (NTT)',213,'Kupang','Kota','Alak'),
(2999,23,'Nusa Tenggara Timur (NTT)',213,'Kupang','Kota','Kelapa Lima'),
(3000,23,'Nusa Tenggara Timur (NTT)',213,'Kupang','Kota','Kota Lama'),
(3001,23,'Nusa Tenggara Timur (NTT)',213,'Kupang','Kota','Kota Raja'),
(3002,23,'Nusa Tenggara Timur (NTT)',213,'Kupang','Kota','Maulafa'),
(3003,23,'Nusa Tenggara Timur (NTT)',213,'Kupang','Kota','Oebobo'),
(3004,15,'Kalimantan Timur',214,'Kutai Barat','Kabupaten','Barong Tongkok'),
(3005,15,'Kalimantan Timur',214,'Kutai Barat','Kabupaten','Bentian Besar'),
(3006,15,'Kalimantan Timur',214,'Kutai Barat','Kabupaten','Bongan'),
(3007,15,'Kalimantan Timur',214,'Kutai Barat','Kabupaten','Damai'),
(3008,15,'Kalimantan Timur',214,'Kutai Barat','Kabupaten','Jempang'),
(3009,15,'Kalimantan Timur',214,'Kutai Barat','Kabupaten','Laham'),
(3010,15,'Kalimantan Timur',214,'Kutai Barat','Kabupaten','Linggang Bigung'),
(3011,15,'Kalimantan Timur',214,'Kutai Barat','Kabupaten','Long Apari'),
(3012,15,'Kalimantan Timur',214,'Kutai Barat','Kabupaten','Long Bagun'),
(3013,15,'Kalimantan Timur',214,'Kutai Barat','Kabupaten','Long Hubung'),
(3014,15,'Kalimantan Timur',214,'Kutai Barat','Kabupaten','Long Iram'),
(3015,15,'Kalimantan Timur',214,'Kutai Barat','Kabupaten','Long Pahangai'),
(3016,15,'Kalimantan Timur',214,'Kutai Barat','Kabupaten','Manor Bulatin (Mook Manaar Bulatn)'),
(3017,15,'Kalimantan Timur',214,'Kutai Barat','Kabupaten','Melak'),
(3018,15,'Kalimantan Timur',214,'Kutai Barat','Kabupaten','Muara Lawa'),
(3019,15,'Kalimantan Timur',214,'Kutai Barat','Kabupaten','Muara Pahu'),
(3020,15,'Kalimantan Timur',214,'Kutai Barat','Kabupaten','Nyuatan'),
(3021,15,'Kalimantan Timur',214,'Kutai Barat','Kabupaten','Penyinggahan'),
(3022,15,'Kalimantan Timur',214,'Kutai Barat','Kabupaten','Sekolaq Darat'),
(3023,15,'Kalimantan Timur',214,'Kutai Barat','Kabupaten','Siluq Ngurai'),
(3024,15,'Kalimantan Timur',214,'Kutai Barat','Kabupaten','Tering'),
(3025,15,'Kalimantan Timur',215,'Kutai Kartanegara','Kabupaten','Anggana'),
(3026,15,'Kalimantan Timur',215,'Kutai Kartanegara','Kabupaten','Kembang Janggut'),
(3027,15,'Kalimantan Timur',215,'Kutai Kartanegara','Kabupaten','Kenohan'),
(3028,15,'Kalimantan Timur',215,'Kutai Kartanegara','Kabupaten','Kota Bangun'),
(3029,15,'Kalimantan Timur',215,'Kutai Kartanegara','Kabupaten','Loa Janan'),
(3030,15,'Kalimantan Timur',215,'Kutai Kartanegara','Kabupaten','Loa Kulu'),
(3031,15,'Kalimantan Timur',215,'Kutai Kartanegara','Kabupaten','Marang Kayu'),
(3032,15,'Kalimantan Timur',215,'Kutai Kartanegara','Kabupaten','Muara Badak'),
(3033,15,'Kalimantan Timur',215,'Kutai Kartanegara','Kabupaten','Muara Jawa'),
(3034,15,'Kalimantan Timur',215,'Kutai Kartanegara','Kabupaten','Muara Kaman'),
(3035,15,'Kalimantan Timur',215,'Kutai Kartanegara','Kabupaten','Muara Muntai'),
(3036,15,'Kalimantan Timur',215,'Kutai Kartanegara','Kabupaten','Muara Wis'),
(3037,15,'Kalimantan Timur',215,'Kutai Kartanegara','Kabupaten','Samboja (Semboja)'),
(3038,15,'Kalimantan Timur',215,'Kutai Kartanegara','Kabupaten','Sanga-Sanga'),
(3039,15,'Kalimantan Timur',215,'Kutai Kartanegara','Kabupaten','Sebulu'),
(3040,15,'Kalimantan Timur',215,'Kutai Kartanegara','Kabupaten','Tabang'),
(3041,15,'Kalimantan Timur',215,'Kutai Kartanegara','Kabupaten','Tenggarong'),
(3042,15,'Kalimantan Timur',215,'Kutai Kartanegara','Kabupaten','Tenggarong Seberang'),
(3043,15,'Kalimantan Timur',216,'Kutai Timur','Kabupaten','Batu Ampar'),
(3044,15,'Kalimantan Timur',216,'Kutai Timur','Kabupaten','Bengalon'),
(3045,15,'Kalimantan Timur',216,'Kutai Timur','Kabupaten','Busang'),
(3046,15,'Kalimantan Timur',216,'Kutai Timur','Kabupaten','Kaliorang'),
(3047,15,'Kalimantan Timur',216,'Kutai Timur','Kabupaten','Karangan'),
(3048,15,'Kalimantan Timur',216,'Kutai Timur','Kabupaten','Kaubun'),
(3049,15,'Kalimantan Timur',216,'Kutai Timur','Kabupaten','Kongbeng'),
(3050,15,'Kalimantan Timur',216,'Kutai Timur','Kabupaten','Long Mesangat (Mesengat)'),
(3051,15,'Kalimantan Timur',216,'Kutai Timur','Kabupaten','Muara Ancalong'),
(3052,15,'Kalimantan Timur',216,'Kutai Timur','Kabupaten','Muara Bengkal'),
(3053,15,'Kalimantan Timur',216,'Kutai Timur','Kabupaten','Muara Wahau'),
(3054,15,'Kalimantan Timur',216,'Kutai Timur','Kabupaten','Rantau Pulung'),
(3055,15,'Kalimantan Timur',216,'Kutai Timur','Kabupaten','Sandaran'),
(3056,15,'Kalimantan Timur',216,'Kutai Timur','Kabupaten','Sangatta Selatan'),
(3057,15,'Kalimantan Timur',216,'Kutai Timur','Kabupaten','Sangatta Utara'),
(3058,15,'Kalimantan Timur',216,'Kutai Timur','Kabupaten','Sangkulirang'),
(3059,15,'Kalimantan Timur',216,'Kutai Timur','Kabupaten','Telen'),
(3060,15,'Kalimantan Timur',216,'Kutai Timur','Kabupaten','Teluk Pandan'),
(3061,34,'Sumatera Utara',217,'Labuhan Batu','Kabupaten','Bilah Barat'),
(3062,34,'Sumatera Utara',217,'Labuhan Batu','Kabupaten','Bilah Hilir'),
(3063,34,'Sumatera Utara',217,'Labuhan Batu','Kabupaten','Bilah Hulu'),
(3064,34,'Sumatera Utara',217,'Labuhan Batu','Kabupaten','Panai Hilir'),
(3065,34,'Sumatera Utara',217,'Labuhan Batu','Kabupaten','Panai Hulu'),
(3066,34,'Sumatera Utara',217,'Labuhan Batu','Kabupaten','Panai Tengah'),
(3067,34,'Sumatera Utara',217,'Labuhan Batu','Kabupaten','Pangkatan'),
(3068,34,'Sumatera Utara',217,'Labuhan Batu','Kabupaten','Rantau Selatan'),
(3069,34,'Sumatera Utara',217,'Labuhan Batu','Kabupaten','Rantau Utara'),
(3070,34,'Sumatera Utara',218,'Labuhan Batu Selatan','Kabupaten','Kampung Rakyat'),
(3071,34,'Sumatera Utara',218,'Labuhan Batu Selatan','Kabupaten','Kota Pinang'),
(3072,34,'Sumatera Utara',218,'Labuhan Batu Selatan','Kabupaten','Sei/Sungai Kanan'),
(3073,34,'Sumatera Utara',218,'Labuhan Batu Selatan','Kabupaten','Silangkitang'),
(3074,34,'Sumatera Utara',218,'Labuhan Batu Selatan','Kabupaten','Torgamba'),
(3075,34,'Sumatera Utara',219,'Labuhan Batu Utara','Kabupaten','Aek Kuo'),
(3076,34,'Sumatera Utara',219,'Labuhan Batu Utara','Kabupaten','Aek Natas'),
(3077,34,'Sumatera Utara',219,'Labuhan Batu Utara','Kabupaten','Kuala Ledong (Kualuh Leidong)'),
(3078,34,'Sumatera Utara',219,'Labuhan Batu Utara','Kabupaten','Kualuh Hilir'),
(3079,34,'Sumatera Utara',219,'Labuhan Batu Utara','Kabupaten','Kualuh Hulu'),
(3080,34,'Sumatera Utara',219,'Labuhan Batu Utara','Kabupaten','Kualuh Selatan'),
(3081,34,'Sumatera Utara',219,'Labuhan Batu Utara','Kabupaten','Marbau'),
(3082,34,'Sumatera Utara',219,'Labuhan Batu Utara','Kabupaten','Na IX-X'),
(3083,33,'Sumatera Selatan',220,'Lahat','Kabupaten','Gumay Talang'),
(3084,33,'Sumatera Selatan',220,'Lahat','Kabupaten','Gumay Ulu'),
(3085,33,'Sumatera Selatan',220,'Lahat','Kabupaten','Jarai'),
(3086,33,'Sumatera Selatan',220,'Lahat','Kabupaten','Kikim Barat'),
(3087,33,'Sumatera Selatan',220,'Lahat','Kabupaten','Kikim Selatan'),
(3088,33,'Sumatera Selatan',220,'Lahat','Kabupaten','Kikim Tengah'),
(3089,33,'Sumatera Selatan',220,'Lahat','Kabupaten','Kikim Timur'),
(3090,33,'Sumatera Selatan',220,'Lahat','Kabupaten','Kota Agung'),
(3091,33,'Sumatera Selatan',220,'Lahat','Kabupaten','Lahat'),
(3092,33,'Sumatera Selatan',220,'Lahat','Kabupaten','Merapi Barat'),
(3093,33,'Sumatera Selatan',220,'Lahat','Kabupaten','Merapi Selatan'),
(3094,33,'Sumatera Selatan',220,'Lahat','Kabupaten','Merapi Timur'),
(3095,33,'Sumatera Selatan',220,'Lahat','Kabupaten','Muarapayang'),
(3096,33,'Sumatera Selatan',220,'Lahat','Kabupaten','Mulak Ulu'),
(3097,33,'Sumatera Selatan',220,'Lahat','Kabupaten','Pagar Gunung'),
(3098,33,'Sumatera Selatan',220,'Lahat','Kabupaten','Pajar Bulan'),
(3099,33,'Sumatera Selatan',220,'Lahat','Kabupaten','Pseksu'),
(3100,33,'Sumatera Selatan',220,'Lahat','Kabupaten','Pulau Pinang'),
(3101,33,'Sumatera Selatan',220,'Lahat','Kabupaten','Sukamerindu'),
(3102,33,'Sumatera Selatan',220,'Lahat','Kabupaten','Tanjung Sakti Pumi'),
(3103,33,'Sumatera Selatan',220,'Lahat','Kabupaten','Tanjung Sakti Pumu'),
(3104,33,'Sumatera Selatan',220,'Lahat','Kabupaten','Tanjung Tebat'),
(3105,14,'Kalimantan Tengah',221,'Lamandau','Kabupaten','Batangkawa'),
(3106,14,'Kalimantan Tengah',221,'Lamandau','Kabupaten','Belantikan Raya'),
(3107,14,'Kalimantan Tengah',221,'Lamandau','Kabupaten','Bulik'),
(3108,14,'Kalimantan Tengah',221,'Lamandau','Kabupaten','Bulik Timur'),
(3109,14,'Kalimantan Tengah',221,'Lamandau','Kabupaten','Delang'),
(3110,14,'Kalimantan Tengah',221,'Lamandau','Kabupaten','Lamandau'),
(3111,14,'Kalimantan Tengah',221,'Lamandau','Kabupaten','Menthobi Raya'),
(3112,14,'Kalimantan Tengah',221,'Lamandau','Kabupaten','Sematu Jaya'),
(3113,11,'Jawa Timur',222,'Lamongan','Kabupaten','Babat'),
(3114,11,'Jawa Timur',222,'Lamongan','Kabupaten','Bluluk'),
(3115,11,'Jawa Timur',222,'Lamongan','Kabupaten','Brondong'),
(3116,11,'Jawa Timur',222,'Lamongan','Kabupaten','Deket'),
(3117,11,'Jawa Timur',222,'Lamongan','Kabupaten','Glagah'),
(3118,11,'Jawa Timur',222,'Lamongan','Kabupaten','Kalitengah'),
(3119,11,'Jawa Timur',222,'Lamongan','Kabupaten','Karang Geneng'),
(3120,11,'Jawa Timur',222,'Lamongan','Kabupaten','Karangbinangun'),
(3121,11,'Jawa Timur',222,'Lamongan','Kabupaten','Kedungpring'),
(3122,11,'Jawa Timur',222,'Lamongan','Kabupaten','Kembangbahu'),
(3123,11,'Jawa Timur',222,'Lamongan','Kabupaten','Lamongan'),
(3124,11,'Jawa Timur',222,'Lamongan','Kabupaten','Laren'),
(3125,11,'Jawa Timur',222,'Lamongan','Kabupaten','Maduran'),
(3126,11,'Jawa Timur',222,'Lamongan','Kabupaten','Mantup'),
(3127,11,'Jawa Timur',222,'Lamongan','Kabupaten','Modo'),
(3128,11,'Jawa Timur',222,'Lamongan','Kabupaten','Ngimbang'),
(3129,11,'Jawa Timur',222,'Lamongan','Kabupaten','Paciran'),
(3130,11,'Jawa Timur',222,'Lamongan','Kabupaten','Pucuk'),
(3131,11,'Jawa Timur',222,'Lamongan','Kabupaten','Sambeng'),
(3132,11,'Jawa Timur',222,'Lamongan','Kabupaten','Sarirejo'),
(3133,11,'Jawa Timur',222,'Lamongan','Kabupaten','Sekaran'),
(3134,11,'Jawa Timur',222,'Lamongan','Kabupaten','Solokuro'),
(3135,11,'Jawa Timur',222,'Lamongan','Kabupaten','Sugio'),
(3136,11,'Jawa Timur',222,'Lamongan','Kabupaten','Sukodadi'),
(3137,11,'Jawa Timur',222,'Lamongan','Kabupaten','Sukorame'),
(3138,11,'Jawa Timur',222,'Lamongan','Kabupaten','Tikung'),
(3139,11,'Jawa Timur',222,'Lamongan','Kabupaten','Turi'),
(3140,18,'Lampung',223,'Lampung Barat','Kabupaten','Air Hitam'),
(3141,18,'Lampung',223,'Lampung Barat','Kabupaten','Balik Bukit'),
(3142,18,'Lampung',223,'Lampung Barat','Kabupaten','Bandar Negeri Suoh'),
(3143,18,'Lampung',223,'Lampung Barat','Kabupaten','Batu Brak'),
(3144,18,'Lampung',223,'Lampung Barat','Kabupaten','Batu Ketulis'),
(3145,18,'Lampung',223,'Lampung Barat','Kabupaten','Belalau'),
(3146,18,'Lampung',223,'Lampung Barat','Kabupaten','Gedung Surian'),
(3147,18,'Lampung',223,'Lampung Barat','Kabupaten','Kebun Tebu'),
(3148,18,'Lampung',223,'Lampung Barat','Kabupaten','Lumbok Seminung'),
(3149,18,'Lampung',223,'Lampung Barat','Kabupaten','Pagar Dewa'),
(3150,18,'Lampung',223,'Lampung Barat','Kabupaten','Sekincau'),
(3151,18,'Lampung',223,'Lampung Barat','Kabupaten','Sukau'),
(3152,18,'Lampung',223,'Lampung Barat','Kabupaten','Sumber Jaya'),
(3153,18,'Lampung',223,'Lampung Barat','Kabupaten','Suoh'),
(3154,18,'Lampung',223,'Lampung Barat','Kabupaten','Way Tenong'),
(3155,18,'Lampung',224,'Lampung Selatan','Kabupaten','Bakauheni'),
(3156,18,'Lampung',224,'Lampung Selatan','Kabupaten','Candipuro'),
(3157,18,'Lampung',224,'Lampung Selatan','Kabupaten','Jati Agung'),
(3158,18,'Lampung',224,'Lampung Selatan','Kabupaten','Kalianda'),
(3159,18,'Lampung',224,'Lampung Selatan','Kabupaten','Katibung'),
(3160,18,'Lampung',224,'Lampung Selatan','Kabupaten','Ketapang'),
(3161,18,'Lampung',224,'Lampung Selatan','Kabupaten','Merbau Mataram'),
(3162,18,'Lampung',224,'Lampung Selatan','Kabupaten','Natar'),
(3163,18,'Lampung',224,'Lampung Selatan','Kabupaten','Palas'),
(3164,18,'Lampung',224,'Lampung Selatan','Kabupaten','Penengahan'),
(3165,18,'Lampung',224,'Lampung Selatan','Kabupaten','Rajabasa'),
(3166,18,'Lampung',224,'Lampung Selatan','Kabupaten','Sidomulyo'),
(3167,18,'Lampung',224,'Lampung Selatan','Kabupaten','Sragi'),
(3168,18,'Lampung',224,'Lampung Selatan','Kabupaten','Tanjung Bintang'),
(3169,18,'Lampung',224,'Lampung Selatan','Kabupaten','Tanjung Sari'),
(3170,18,'Lampung',224,'Lampung Selatan','Kabupaten','Way Panji'),
(3171,18,'Lampung',224,'Lampung Selatan','Kabupaten','Way Sulan'),
(3172,18,'Lampung',225,'Lampung Tengah','Kabupaten','Anak Ratu Aji'),
(3173,18,'Lampung',225,'Lampung Tengah','Kabupaten','Anak Tuha'),
(3174,18,'Lampung',225,'Lampung Tengah','Kabupaten','Bandar Mataram'),
(3175,18,'Lampung',225,'Lampung Tengah','Kabupaten','Bandar Surabaya'),
(3176,18,'Lampung',225,'Lampung Tengah','Kabupaten','Bangunrejo'),
(3177,18,'Lampung',225,'Lampung Tengah','Kabupaten','Bekri'),
(3178,18,'Lampung',225,'Lampung Tengah','Kabupaten','Bumi Nabung'),
(3179,18,'Lampung',225,'Lampung Tengah','Kabupaten','Bumi Ratu Nuban'),
(3180,18,'Lampung',225,'Lampung Tengah','Kabupaten','Gunung Sugih'),
(3181,18,'Lampung',225,'Lampung Tengah','Kabupaten','Kalirejo'),
(3182,18,'Lampung',225,'Lampung Tengah','Kabupaten','Kota Gajah'),
(3183,18,'Lampung',225,'Lampung Tengah','Kabupaten','Padang Ratu'),
(3184,18,'Lampung',225,'Lampung Tengah','Kabupaten','Pubian'),
(3185,18,'Lampung',225,'Lampung Tengah','Kabupaten','Punggur'),
(3186,18,'Lampung',225,'Lampung Tengah','Kabupaten','Putra Rumbia'),
(3187,18,'Lampung',225,'Lampung Tengah','Kabupaten','Rumbia'),
(3188,18,'Lampung',225,'Lampung Tengah','Kabupaten','Selagai Lingga'),
(3189,18,'Lampung',225,'Lampung Tengah','Kabupaten','Sendang Agung'),
(3190,18,'Lampung',225,'Lampung Tengah','Kabupaten','Seputih Agung'),
(3191,18,'Lampung',225,'Lampung Tengah','Kabupaten','Seputih Banyak'),
(3192,18,'Lampung',225,'Lampung Tengah','Kabupaten','Seputih Mataram'),
(3193,18,'Lampung',225,'Lampung Tengah','Kabupaten','Seputih Raman'),
(3194,18,'Lampung',225,'Lampung Tengah','Kabupaten','Seputih Surabaya'),
(3195,18,'Lampung',225,'Lampung Tengah','Kabupaten','Terbanggi Besar'),
(3196,18,'Lampung',225,'Lampung Tengah','Kabupaten','Terusan Nunyai'),
(3197,18,'Lampung',225,'Lampung Tengah','Kabupaten','Trimurjo'),
(3198,18,'Lampung',225,'Lampung Tengah','Kabupaten','Way Pangubuan (Pengubuan)'),
(3199,18,'Lampung',225,'Lampung Tengah','Kabupaten','Way Seputih'),
(3200,18,'Lampung',226,'Lampung Timur','Kabupaten','Bandar Sribawono'),
(3201,18,'Lampung',226,'Lampung Timur','Kabupaten','Batanghari'),
(3202,18,'Lampung',226,'Lampung Timur','Kabupaten','Batanghari Nuban'),
(3203,18,'Lampung',226,'Lampung Timur','Kabupaten','Braja Slebah'),
(3204,18,'Lampung',226,'Lampung Timur','Kabupaten','Bumi Agung'),
(3205,18,'Lampung',226,'Lampung Timur','Kabupaten','Gunung Pelindung'),
(3206,18,'Lampung',226,'Lampung Timur','Kabupaten','Jabung'),
(3207,18,'Lampung',226,'Lampung Timur','Kabupaten','Labuhan Maringgai'),
(3208,18,'Lampung',226,'Lampung Timur','Kabupaten','Labuhan Ratu'),
(3209,18,'Lampung',226,'Lampung Timur','Kabupaten','Marga Sekampung'),
(3210,18,'Lampung',226,'Lampung Timur','Kabupaten','Margatiga'),
(3211,18,'Lampung',226,'Lampung Timur','Kabupaten','Mataram Baru'),
(3212,18,'Lampung',226,'Lampung Timur','Kabupaten','Melinting'),
(3213,18,'Lampung',226,'Lampung Timur','Kabupaten','Metro Kibang'),
(3214,18,'Lampung',226,'Lampung Timur','Kabupaten','Pasir Sakti'),
(3215,18,'Lampung',226,'Lampung Timur','Kabupaten','Pekalongan'),
(3216,18,'Lampung',226,'Lampung Timur','Kabupaten','Purbolinggo'),
(3217,18,'Lampung',226,'Lampung Timur','Kabupaten','Raman Utara'),
(3218,18,'Lampung',226,'Lampung Timur','Kabupaten','Sekampung'),
(3219,18,'Lampung',226,'Lampung Timur','Kabupaten','Sekampung Udik'),
(3220,18,'Lampung',226,'Lampung Timur','Kabupaten','Sukadana'),
(3221,18,'Lampung',226,'Lampung Timur','Kabupaten','Waway Karya'),
(3222,18,'Lampung',226,'Lampung Timur','Kabupaten','Way Bungur (Purbolinggo Utara)'),
(3223,18,'Lampung',226,'Lampung Timur','Kabupaten','Way Jepara'),
(3224,18,'Lampung',227,'Lampung Utara','Kabupaten','Abung Barat'),
(3225,18,'Lampung',227,'Lampung Utara','Kabupaten','Abung Kunang'),
(3226,18,'Lampung',227,'Lampung Utara','Kabupaten','Abung Pekurun'),
(3227,18,'Lampung',227,'Lampung Utara','Kabupaten','Abung Selatan'),
(3228,18,'Lampung',227,'Lampung Utara','Kabupaten','Abung Semuli'),
(3229,18,'Lampung',227,'Lampung Utara','Kabupaten','Abung Surakarta'),
(3230,18,'Lampung',227,'Lampung Utara','Kabupaten','Abung Tengah'),
(3231,18,'Lampung',227,'Lampung Utara','Kabupaten','Abung Timur'),
(3232,18,'Lampung',227,'Lampung Utara','Kabupaten','Abung Tinggi'),
(3233,18,'Lampung',227,'Lampung Utara','Kabupaten','Blambangan Pagar'),
(3234,18,'Lampung',227,'Lampung Utara','Kabupaten','Bukit Kemuning'),
(3235,18,'Lampung',227,'Lampung Utara','Kabupaten','Bunga Mayang'),
(3236,18,'Lampung',227,'Lampung Utara','Kabupaten','Hulu Sungkai'),
(3237,18,'Lampung',227,'Lampung Utara','Kabupaten','Kotabumi'),
(3238,18,'Lampung',227,'Lampung Utara','Kabupaten','Kotabumi Selatan'),
(3239,18,'Lampung',227,'Lampung Utara','Kabupaten','Kotabumi Utara'),
(3240,18,'Lampung',227,'Lampung Utara','Kabupaten','Muara Sungkai'),
(3241,18,'Lampung',227,'Lampung Utara','Kabupaten','Sungkai Barat'),
(3242,18,'Lampung',227,'Lampung Utara','Kabupaten','Sungkai Jaya'),
(3243,18,'Lampung',227,'Lampung Utara','Kabupaten','Sungkai Selatan'),
(3244,18,'Lampung',227,'Lampung Utara','Kabupaten','Sungkai Tengah'),
(3245,18,'Lampung',227,'Lampung Utara','Kabupaten','Sungkai Utara'),
(3246,18,'Lampung',227,'Lampung Utara','Kabupaten','Tanjung Raja'),
(3247,12,'Kalimantan Barat',228,'Landak','Kabupaten','Air Besar'),
(3248,12,'Kalimantan Barat',228,'Landak','Kabupaten','Banyuke Hulu'),
(3249,12,'Kalimantan Barat',228,'Landak','Kabupaten','Jelimpo'),
(3250,12,'Kalimantan Barat',228,'Landak','Kabupaten','Kuala Behe'),
(3251,12,'Kalimantan Barat',228,'Landak','Kabupaten','Mandor'),
(3252,12,'Kalimantan Barat',228,'Landak','Kabupaten','Mempawah Hulu'),
(3253,12,'Kalimantan Barat',228,'Landak','Kabupaten','Menjalin'),
(3254,12,'Kalimantan Barat',228,'Landak','Kabupaten','Menyuke'),
(3255,12,'Kalimantan Barat',228,'Landak','Kabupaten','Meranti'),
(3256,12,'Kalimantan Barat',228,'Landak','Kabupaten','Ngabang'),
(3257,12,'Kalimantan Barat',228,'Landak','Kabupaten','Sebangki'),
(3258,12,'Kalimantan Barat',228,'Landak','Kabupaten','Sengah Temila'),
(3259,12,'Kalimantan Barat',228,'Landak','Kabupaten','Sompak'),
(3260,34,'Sumatera Utara',229,'Langkat','Kabupaten','Babalan'),
(3261,34,'Sumatera Utara',229,'Langkat','Kabupaten','Bahorok'),
(3262,34,'Sumatera Utara',229,'Langkat','Kabupaten','Batang Serangan'),
(3263,34,'Sumatera Utara',229,'Langkat','Kabupaten','Besitang'),
(3264,34,'Sumatera Utara',229,'Langkat','Kabupaten','Binjai'),
(3265,34,'Sumatera Utara',229,'Langkat','Kabupaten','Brandan Barat'),
(3266,34,'Sumatera Utara',229,'Langkat','Kabupaten','Gebang'),
(3267,34,'Sumatera Utara',229,'Langkat','Kabupaten','Hinai'),
(3268,34,'Sumatera Utara',229,'Langkat','Kabupaten','Kuala'),
(3269,34,'Sumatera Utara',229,'Langkat','Kabupaten','Kutambaru'),
(3270,34,'Sumatera Utara',229,'Langkat','Kabupaten','Padang Tualang'),
(3271,34,'Sumatera Utara',229,'Langkat','Kabupaten','Pangkalan Susu'),
(3272,34,'Sumatera Utara',229,'Langkat','Kabupaten','Pematang Jaya'),
(3273,34,'Sumatera Utara',229,'Langkat','Kabupaten','Salapian'),
(3274,34,'Sumatera Utara',229,'Langkat','Kabupaten','Sawit Seberang'),
(3275,34,'Sumatera Utara',229,'Langkat','Kabupaten','Secanggang'),
(3276,34,'Sumatera Utara',229,'Langkat','Kabupaten','Sei Binge (Bingai)'),
(3277,34,'Sumatera Utara',229,'Langkat','Kabupaten','Sei Lepan'),
(3278,34,'Sumatera Utara',229,'Langkat','Kabupaten','Selesai'),
(3279,34,'Sumatera Utara',229,'Langkat','Kabupaten','Sirapit (Serapit)'),
(3280,34,'Sumatera Utara',229,'Langkat','Kabupaten','Stabat'),
(3281,34,'Sumatera Utara',229,'Langkat','Kabupaten','Tanjungpura'),
(3282,34,'Sumatera Utara',229,'Langkat','Kabupaten','Wampu'),
(3283,21,'Nanggroe Aceh Darussalam (NAD)',230,'Langsa','Kota','Langsa Barat'),
(3284,21,'Nanggroe Aceh Darussalam (NAD)',230,'Langsa','Kota','Langsa Baro'),
(3285,21,'Nanggroe Aceh Darussalam (NAD)',230,'Langsa','Kota','Langsa Kota'),
(3286,21,'Nanggroe Aceh Darussalam (NAD)',230,'Langsa','Kota','Langsa Lama'),
(3287,21,'Nanggroe Aceh Darussalam (NAD)',230,'Langsa','Kota','Langsa Timur'),
(3288,24,'Papua',231,'Lanny Jaya','Kabupaten','Balingga'),
(3289,24,'Papua',231,'Lanny Jaya','Kabupaten','Dimba'),
(3290,24,'Papua',231,'Lanny Jaya','Kabupaten','Gamelia'),
(3291,24,'Papua',231,'Lanny Jaya','Kabupaten','Kuyawage'),
(3292,24,'Papua',231,'Lanny Jaya','Kabupaten','Makki (Maki)'),
(3293,24,'Papua',231,'Lanny Jaya','Kabupaten','Malagaineri (Malagineri)'),
(3294,24,'Papua',231,'Lanny Jaya','Kabupaten','Pirime'),
(3295,24,'Papua',231,'Lanny Jaya','Kabupaten','Poga'),
(3296,24,'Papua',231,'Lanny Jaya','Kabupaten','Tiom'),
(3297,24,'Papua',231,'Lanny Jaya','Kabupaten','Tiomneri'),
(3298,3,'Banten',232,'Lebak','Kabupaten','Banjarsari'),
(3299,3,'Banten',232,'Lebak','Kabupaten','Bayah'),
(3300,3,'Banten',232,'Lebak','Kabupaten','Bojongmanik'),
(3301,3,'Banten',232,'Lebak','Kabupaten','Cibadak'),
(3302,3,'Banten',232,'Lebak','Kabupaten','Cibeber'),
(3303,3,'Banten',232,'Lebak','Kabupaten','Cigemblong'),
(3304,3,'Banten',232,'Lebak','Kabupaten','Cihara'),
(3305,3,'Banten',232,'Lebak','Kabupaten','Cijaku'),
(3306,3,'Banten',232,'Lebak','Kabupaten','Cikulur'),
(3307,3,'Banten',232,'Lebak','Kabupaten','Cileles'),
(3308,3,'Banten',232,'Lebak','Kabupaten','Cilograng'),
(3309,3,'Banten',232,'Lebak','Kabupaten','Cimarga'),
(3310,3,'Banten',232,'Lebak','Kabupaten','Cipanas'),
(3311,3,'Banten',232,'Lebak','Kabupaten','Cirinten'),
(3312,3,'Banten',232,'Lebak','Kabupaten','Curugbitung'),
(3313,3,'Banten',232,'Lebak','Kabupaten','Gunung Kencana'),
(3314,3,'Banten',232,'Lebak','Kabupaten','Kalanganyar'),
(3315,3,'Banten',232,'Lebak','Kabupaten','Lebakgedong'),
(3316,3,'Banten',232,'Lebak','Kabupaten','Leuwidamar'),
(3317,3,'Banten',232,'Lebak','Kabupaten','Maja'),
(3318,3,'Banten',232,'Lebak','Kabupaten','Malingping'),
(3319,3,'Banten',232,'Lebak','Kabupaten','Muncang'),
(3320,3,'Banten',232,'Lebak','Kabupaten','Panggarangan'),
(3321,3,'Banten',232,'Lebak','Kabupaten','Rangkasbitung'),
(3322,3,'Banten',232,'Lebak','Kabupaten','Sajira'),
(3323,3,'Banten',232,'Lebak','Kabupaten','Sobang'),
(3324,3,'Banten',232,'Lebak','Kabupaten','Wanasalam'),
(3325,3,'Banten',232,'Lebak','Kabupaten','Warunggunung'),
(3326,4,'Bengkulu',233,'Lebong','Kabupaten','Amen'),
(3327,4,'Bengkulu',233,'Lebong','Kabupaten','Bingin Kuning'),
(3328,4,'Bengkulu',233,'Lebong','Kabupaten','Lebong Atas'),
(3329,4,'Bengkulu',233,'Lebong','Kabupaten','Lebong Sakti'),
(3330,4,'Bengkulu',233,'Lebong','Kabupaten','Lebong Selatan'),
(3331,4,'Bengkulu',233,'Lebong','Kabupaten','Lebong Tengah'),
(3332,4,'Bengkulu',233,'Lebong','Kabupaten','Lebong Utara'),
(3333,4,'Bengkulu',233,'Lebong','Kabupaten','Pelabai'),
(3334,4,'Bengkulu',233,'Lebong','Kabupaten','Pinang Belapis'),
(3335,4,'Bengkulu',233,'Lebong','Kabupaten','Rimbo Pengadang'),
(3336,4,'Bengkulu',233,'Lebong','Kabupaten','Topos'),
(3337,4,'Bengkulu',233,'Lebong','Kabupaten','Uram Jaya'),
(3338,23,'Nusa Tenggara Timur (NTT)',234,'Lembata','Kabupaten','Atadei'),
(3339,23,'Nusa Tenggara Timur (NTT)',234,'Lembata','Kabupaten','Buyasuri (Buyasari)'),
(3340,23,'Nusa Tenggara Timur (NTT)',234,'Lembata','Kabupaten','Ile Ape'),
(3341,23,'Nusa Tenggara Timur (NTT)',234,'Lembata','Kabupaten','Ile Ape Timur'),
(3342,23,'Nusa Tenggara Timur (NTT)',234,'Lembata','Kabupaten','Lebatukan'),
(3343,23,'Nusa Tenggara Timur (NTT)',234,'Lembata','Kabupaten','Nagawutung'),
(3344,23,'Nusa Tenggara Timur (NTT)',234,'Lembata','Kabupaten','Nubatukan'),
(3345,23,'Nusa Tenggara Timur (NTT)',234,'Lembata','Kabupaten','Omesuri'),
(3346,23,'Nusa Tenggara Timur (NTT)',234,'Lembata','Kabupaten','Wulandoni (Wulandioni)'),
(3347,21,'Nanggroe Aceh Darussalam (NAD)',235,'Lhokseumawe','Kota','Banda Sakti'),
(3348,21,'Nanggroe Aceh Darussalam (NAD)',235,'Lhokseumawe','Kota','Blang Mangat'),
(3349,21,'Nanggroe Aceh Darussalam (NAD)',235,'Lhokseumawe','Kota','Muara Dua'),
(3350,21,'Nanggroe Aceh Darussalam (NAD)',235,'Lhokseumawe','Kota','Muara Satu'),
(3351,32,'Sumatera Barat',236,'Lima Puluh Koto/Kota','Kabupaten','Akabiluru'),
(3352,32,'Sumatera Barat',236,'Lima Puluh Koto/Kota','Kabupaten','Bukik Barisan'),
(3353,32,'Sumatera Barat',236,'Lima Puluh Koto/Kota','Kabupaten','Guguak (Gugu)'),
(3354,32,'Sumatera Barat',236,'Lima Puluh Koto/Kota','Kabupaten','Gunuang Omeh (Gunung Mas)'),
(3355,32,'Sumatera Barat',236,'Lima Puluh Koto/Kota','Kabupaten','Harau'),
(3356,32,'Sumatera Barat',236,'Lima Puluh Koto/Kota','Kabupaten','Kapur IX/Sembilan'),
(3357,32,'Sumatera Barat',236,'Lima Puluh Koto/Kota','Kabupaten','Lareh Sago Halaban'),
(3358,32,'Sumatera Barat',236,'Lima Puluh Koto/Kota','Kabupaten','Luak (Luhak)'),
(3359,32,'Sumatera Barat',236,'Lima Puluh Koto/Kota','Kabupaten','Mungka'),
(3360,32,'Sumatera Barat',236,'Lima Puluh Koto/Kota','Kabupaten','Pangkalan Koto Baru'),
(3361,32,'Sumatera Barat',236,'Lima Puluh Koto/Kota','Kabupaten','Payakumbuh'),
(3362,32,'Sumatera Barat',236,'Lima Puluh Koto/Kota','Kabupaten','Situjuah Limo/Lima Nagari'),
(3363,32,'Sumatera Barat',236,'Lima Puluh Koto/Kota','Kabupaten','Suliki'),
(3364,17,'Kepulauan Riau',237,'Lingga','Kabupaten','Lingga'),
(3365,17,'Kepulauan Riau',237,'Lingga','Kabupaten','Lingga Timur'),
(3366,17,'Kepulauan Riau',237,'Lingga','Kabupaten','Lingga Utara'),
(3367,17,'Kepulauan Riau',237,'Lingga','Kabupaten','Selayar'),
(3368,17,'Kepulauan Riau',237,'Lingga','Kabupaten','Senayang'),
(3369,17,'Kepulauan Riau',237,'Lingga','Kabupaten','Singkep'),
(3370,17,'Kepulauan Riau',237,'Lingga','Kabupaten','Singkep Barat'),
(3371,17,'Kepulauan Riau',237,'Lingga','Kabupaten','Singkep Pesisir'),
(3372,22,'Nusa Tenggara Barat (NTB)',238,'Lombok Barat','Kabupaten','Batu Layar'),
(3373,22,'Nusa Tenggara Barat (NTB)',238,'Lombok Barat','Kabupaten','Gerung'),
(3374,22,'Nusa Tenggara Barat (NTB)',238,'Lombok Barat','Kabupaten','Gunungsari'),
(3375,22,'Nusa Tenggara Barat (NTB)',238,'Lombok Barat','Kabupaten','Kediri'),
(3376,22,'Nusa Tenggara Barat (NTB)',238,'Lombok Barat','Kabupaten','Kuripan'),
(3377,22,'Nusa Tenggara Barat (NTB)',238,'Lombok Barat','Kabupaten','Labuapi'),
(3378,22,'Nusa Tenggara Barat (NTB)',238,'Lombok Barat','Kabupaten','Lembar'),
(3379,22,'Nusa Tenggara Barat (NTB)',238,'Lombok Barat','Kabupaten','Lingsar'),
(3380,22,'Nusa Tenggara Barat (NTB)',238,'Lombok Barat','Kabupaten','Narmada'),
(3381,22,'Nusa Tenggara Barat (NTB)',238,'Lombok Barat','Kabupaten','Sekotong'),
(3382,22,'Nusa Tenggara Barat (NTB)',239,'Lombok Tengah','Kabupaten','Batukliang'),
(3383,22,'Nusa Tenggara Barat (NTB)',239,'Lombok Tengah','Kabupaten','Batukliang Utara'),
(3384,22,'Nusa Tenggara Barat (NTB)',239,'Lombok Tengah','Kabupaten','Janapria'),
(3385,22,'Nusa Tenggara Barat (NTB)',239,'Lombok Tengah','Kabupaten','Jonggat'),
(3386,22,'Nusa Tenggara Barat (NTB)',239,'Lombok Tengah','Kabupaten','Kopang'),
(3387,22,'Nusa Tenggara Barat (NTB)',239,'Lombok Tengah','Kabupaten','Praya'),
(3388,22,'Nusa Tenggara Barat (NTB)',239,'Lombok Tengah','Kabupaten','Praya Barat'),
(3389,22,'Nusa Tenggara Barat (NTB)',239,'Lombok Tengah','Kabupaten','Praya Barat Daya'),
(3390,22,'Nusa Tenggara Barat (NTB)',239,'Lombok Tengah','Kabupaten','Praya Tengah'),
(3391,22,'Nusa Tenggara Barat (NTB)',239,'Lombok Tengah','Kabupaten','Praya Timur'),
(3392,22,'Nusa Tenggara Barat (NTB)',239,'Lombok Tengah','Kabupaten','Pringgarata'),
(3393,22,'Nusa Tenggara Barat (NTB)',239,'Lombok Tengah','Kabupaten','Pujut'),
(3394,22,'Nusa Tenggara Barat (NTB)',240,'Lombok Timur','Kabupaten','Aikmel'),
(3395,22,'Nusa Tenggara Barat (NTB)',240,'Lombok Timur','Kabupaten','Jerowaru'),
(3396,22,'Nusa Tenggara Barat (NTB)',240,'Lombok Timur','Kabupaten','Keruak'),
(3397,22,'Nusa Tenggara Barat (NTB)',240,'Lombok Timur','Kabupaten','Labuhan Haji'),
(3398,22,'Nusa Tenggara Barat (NTB)',240,'Lombok Timur','Kabupaten','Masbagik'),
(3399,22,'Nusa Tenggara Barat (NTB)',240,'Lombok Timur','Kabupaten','Montong Gading'),
(3400,22,'Nusa Tenggara Barat (NTB)',240,'Lombok Timur','Kabupaten','Pringgabaya'),
(3401,22,'Nusa Tenggara Barat (NTB)',240,'Lombok Timur','Kabupaten','Pringgasela'),
(3402,22,'Nusa Tenggara Barat (NTB)',240,'Lombok Timur','Kabupaten','Sakra'),
(3403,22,'Nusa Tenggara Barat (NTB)',240,'Lombok Timur','Kabupaten','Sakra Barat'),
(3404,22,'Nusa Tenggara Barat (NTB)',240,'Lombok Timur','Kabupaten','Sakra Timur'),
(3405,22,'Nusa Tenggara Barat (NTB)',240,'Lombok Timur','Kabupaten','Sambalia (Sambelia)'),
(3406,22,'Nusa Tenggara Barat (NTB)',240,'Lombok Timur','Kabupaten','Selong'),
(3407,22,'Nusa Tenggara Barat (NTB)',240,'Lombok Timur','Kabupaten','Sembalun'),
(3408,22,'Nusa Tenggara Barat (NTB)',240,'Lombok Timur','Kabupaten','Sikur'),
(3409,22,'Nusa Tenggara Barat (NTB)',240,'Lombok Timur','Kabupaten','Suela (Suwela)'),
(3410,22,'Nusa Tenggara Barat (NTB)',240,'Lombok Timur','Kabupaten','Sukamulia'),
(3411,22,'Nusa Tenggara Barat (NTB)',240,'Lombok Timur','Kabupaten','Suralaga'),
(3412,22,'Nusa Tenggara Barat (NTB)',240,'Lombok Timur','Kabupaten','Terara'),
(3413,22,'Nusa Tenggara Barat (NTB)',240,'Lombok Timur','Kabupaten','Wanasaba'),
(3414,22,'Nusa Tenggara Barat (NTB)',241,'Lombok Utara','Kabupaten','Bayan'),
(3415,22,'Nusa Tenggara Barat (NTB)',241,'Lombok Utara','Kabupaten','Gangga'),
(3416,22,'Nusa Tenggara Barat (NTB)',241,'Lombok Utara','Kabupaten','Kayangan'),
(3417,22,'Nusa Tenggara Barat (NTB)',241,'Lombok Utara','Kabupaten','Pemenang'),
(3418,22,'Nusa Tenggara Barat (NTB)',241,'Lombok Utara','Kabupaten','Tanjung'),
(3419,33,'Sumatera Selatan',242,'Lubuk Linggau','Kota','Lubuk Linggau Barat Dua (II)'),
(3420,33,'Sumatera Selatan',242,'Lubuk Linggau','Kota','Lubuk Linggau Barat Satu (I)'),
(3421,33,'Sumatera Selatan',242,'Lubuk Linggau','Kota','Lubuk Linggau Selatan Dua (II)'),
(3422,33,'Sumatera Selatan',242,'Lubuk Linggau','Kota','Lubuk Linggau Selatan Satu (I)'),
(3423,33,'Sumatera Selatan',242,'Lubuk Linggau','Kota','Lubuk Linggau Timur Dua (II)'),
(3424,33,'Sumatera Selatan',242,'Lubuk Linggau','Kota','Lubuk Linggau Timur Satu (I)'),
(3425,33,'Sumatera Selatan',242,'Lubuk Linggau','Kota','Lubuk Linggau Utara Dua (II)'),
(3426,33,'Sumatera Selatan',242,'Lubuk Linggau','Kota','Lubuk Linggau Utara Satu (I)'),
(3427,11,'Jawa Timur',243,'Lumajang','Kabupaten','Candipuro'),
(3428,11,'Jawa Timur',243,'Lumajang','Kabupaten','Gucialit'),
(3429,11,'Jawa Timur',243,'Lumajang','Kabupaten','Jatiroto'),
(3430,11,'Jawa Timur',243,'Lumajang','Kabupaten','Kedungjajang'),
(3431,11,'Jawa Timur',243,'Lumajang','Kabupaten','Klakah'),
(3432,11,'Jawa Timur',243,'Lumajang','Kabupaten','Kunir'),
(3433,11,'Jawa Timur',243,'Lumajang','Kabupaten','Lumajang'),
(3434,11,'Jawa Timur',243,'Lumajang','Kabupaten','Padang'),
(3435,11,'Jawa Timur',243,'Lumajang','Kabupaten','Pasirian'),
(3436,11,'Jawa Timur',243,'Lumajang','Kabupaten','Pasrujambe/Pasujambe'),
(3437,11,'Jawa Timur',243,'Lumajang','Kabupaten','Pronojiwo'),
(3438,11,'Jawa Timur',243,'Lumajang','Kabupaten','Randuagung'),
(3439,11,'Jawa Timur',243,'Lumajang','Kabupaten','Ranuyoso'),
(3440,11,'Jawa Timur',243,'Lumajang','Kabupaten','Rowokangkung'),
(3441,11,'Jawa Timur',243,'Lumajang','Kabupaten','Senduro'),
(3442,11,'Jawa Timur',243,'Lumajang','Kabupaten','Sukodono'),
(3443,11,'Jawa Timur',243,'Lumajang','Kabupaten','Sumbersuko'),
(3444,11,'Jawa Timur',243,'Lumajang','Kabupaten','Tekung'),
(3445,11,'Jawa Timur',243,'Lumajang','Kabupaten','Tempeh'),
(3446,11,'Jawa Timur',243,'Lumajang','Kabupaten','Tempursari'),
(3447,11,'Jawa Timur',243,'Lumajang','Kabupaten','Yosowilangun'),
(3448,28,'Sulawesi Selatan',244,'Luwu','Kabupaten','Bajo'),
(3449,28,'Sulawesi Selatan',244,'Luwu','Kabupaten','Bajo Barat'),
(3450,28,'Sulawesi Selatan',244,'Luwu','Kabupaten','Basse Sangtempe Utara'),
(3451,28,'Sulawesi Selatan',244,'Luwu','Kabupaten','Bassesang Tempe (Bastem)'),
(3452,28,'Sulawesi Selatan',244,'Luwu','Kabupaten','Belopa'),
(3453,28,'Sulawesi Selatan',244,'Luwu','Kabupaten','Belopa Utara'),
(3454,28,'Sulawesi Selatan',244,'Luwu','Kabupaten','Bua'),
(3455,28,'Sulawesi Selatan',244,'Luwu','Kabupaten','Bua Ponrang (Bupon)'),
(3456,28,'Sulawesi Selatan',244,'Luwu','Kabupaten','Kamanre'),
(3457,28,'Sulawesi Selatan',244,'Luwu','Kabupaten','Lamasi'),
(3458,28,'Sulawesi Selatan',244,'Luwu','Kabupaten','Lamasi Timur'),
(3459,28,'Sulawesi Selatan',244,'Luwu','Kabupaten','Larompong'),
(3460,28,'Sulawesi Selatan',244,'Luwu','Kabupaten','Larompong Selatan'),
(3461,28,'Sulawesi Selatan',244,'Luwu','Kabupaten','Latimojong'),
(3462,28,'Sulawesi Selatan',244,'Luwu','Kabupaten','Ponrang'),
(3463,28,'Sulawesi Selatan',244,'Luwu','Kabupaten','Ponrang Selatan'),
(3464,28,'Sulawesi Selatan',244,'Luwu','Kabupaten','Suli'),
(3465,28,'Sulawesi Selatan',244,'Luwu','Kabupaten','Suli Barat'),
(3466,28,'Sulawesi Selatan',244,'Luwu','Kabupaten','Walenrang'),
(3467,28,'Sulawesi Selatan',244,'Luwu','Kabupaten','Walenrang Barat'),
(3468,28,'Sulawesi Selatan',244,'Luwu','Kabupaten','Walenrang Timur'),
(3469,28,'Sulawesi Selatan',244,'Luwu','Kabupaten','Walenrang Utara'),
(3470,28,'Sulawesi Selatan',245,'Luwu Timur','Kabupaten','Angkona'),
(3471,28,'Sulawesi Selatan',245,'Luwu Timur','Kabupaten','Burau'),
(3472,28,'Sulawesi Selatan',245,'Luwu Timur','Kabupaten','Kalaena'),
(3473,28,'Sulawesi Selatan',245,'Luwu Timur','Kabupaten','Malili'),
(3474,28,'Sulawesi Selatan',245,'Luwu Timur','Kabupaten','Mangkutana'),
(3475,28,'Sulawesi Selatan',245,'Luwu Timur','Kabupaten','Nuha'),
(3476,28,'Sulawesi Selatan',245,'Luwu Timur','Kabupaten','Tomoni'),
(3477,28,'Sulawesi Selatan',245,'Luwu Timur','Kabupaten','Tomoni Timur'),
(3478,28,'Sulawesi Selatan',245,'Luwu Timur','Kabupaten','Towuti'),
(3479,28,'Sulawesi Selatan',245,'Luwu Timur','Kabupaten','Wasuponda'),
(3480,28,'Sulawesi Selatan',245,'Luwu Timur','Kabupaten','Wotu'),
(3481,28,'Sulawesi Selatan',246,'Luwu Utara','Kabupaten','Baebunta'),
(3482,28,'Sulawesi Selatan',246,'Luwu Utara','Kabupaten','Bone-Bone'),
(3483,28,'Sulawesi Selatan',246,'Luwu Utara','Kabupaten','Limbong'),
(3484,28,'Sulawesi Selatan',246,'Luwu Utara','Kabupaten','Malangke'),
(3485,28,'Sulawesi Selatan',246,'Luwu Utara','Kabupaten','Malangke Barat'),
(3486,28,'Sulawesi Selatan',246,'Luwu Utara','Kabupaten','Mappedeceng'),
(3487,28,'Sulawesi Selatan',246,'Luwu Utara','Kabupaten','Masamba'),
(3488,28,'Sulawesi Selatan',246,'Luwu Utara','Kabupaten','Rampi'),
(3489,28,'Sulawesi Selatan',246,'Luwu Utara','Kabupaten','Sabbang'),
(3490,28,'Sulawesi Selatan',246,'Luwu Utara','Kabupaten','Seko'),
(3491,28,'Sulawesi Selatan',246,'Luwu Utara','Kabupaten','Sukamaju'),
(3492,28,'Sulawesi Selatan',246,'Luwu Utara','Kabupaten','Tana Lili'),
(3493,11,'Jawa Timur',247,'Madiun','Kabupaten','Balerejo'),
(3494,11,'Jawa Timur',247,'Madiun','Kabupaten','Dagangan'),
(3495,11,'Jawa Timur',247,'Madiun','Kabupaten','Dolopo'),
(3496,11,'Jawa Timur',247,'Madiun','Kabupaten','Geger'),
(3497,11,'Jawa Timur',247,'Madiun','Kabupaten','Gemarang'),
(3498,11,'Jawa Timur',247,'Madiun','Kabupaten','Jiwan'),
(3499,11,'Jawa Timur',247,'Madiun','Kabupaten','Kare'),
(3500,11,'Jawa Timur',247,'Madiun','Kabupaten','Kebonsari'),
(3501,11,'Jawa Timur',247,'Madiun','Kabupaten','Madiun'),
(3502,11,'Jawa Timur',247,'Madiun','Kabupaten','Mejayan'),
(3503,11,'Jawa Timur',247,'Madiun','Kabupaten','Pilangkenceng'),
(3504,11,'Jawa Timur',247,'Madiun','Kabupaten','Saradan'),
(3505,11,'Jawa Timur',247,'Madiun','Kabupaten','Sawahan'),
(3506,11,'Jawa Timur',247,'Madiun','Kabupaten','Wonoasri'),
(3507,11,'Jawa Timur',247,'Madiun','Kabupaten','Wungu'),
(3508,11,'Jawa Timur',248,'Madiun','Kota','Kartoharjo'),
(3509,11,'Jawa Timur',248,'Madiun','Kota','Manguharjo'),
(3510,11,'Jawa Timur',248,'Madiun','Kota','Taman'),
(3511,10,'Jawa Tengah',249,'Magelang','Kabupaten','Bandongan'),
(3512,10,'Jawa Tengah',249,'Magelang','Kabupaten','Borobudur'),
(3513,10,'Jawa Tengah',249,'Magelang','Kabupaten','Candimulyo'),
(3514,10,'Jawa Tengah',249,'Magelang','Kabupaten','Dukun'),
(3515,10,'Jawa Tengah',249,'Magelang','Kabupaten','Grabag'),
(3516,10,'Jawa Tengah',249,'Magelang','Kabupaten','Kajoran'),
(3517,10,'Jawa Tengah',249,'Magelang','Kabupaten','Kaliangkrik'),
(3518,10,'Jawa Tengah',249,'Magelang','Kabupaten','Mertoyudan'),
(3519,10,'Jawa Tengah',249,'Magelang','Kabupaten','Mungkid'),
(3520,10,'Jawa Tengah',249,'Magelang','Kabupaten','Muntilan'),
(3521,10,'Jawa Tengah',249,'Magelang','Kabupaten','Ngablak'),
(3522,10,'Jawa Tengah',249,'Magelang','Kabupaten','Ngluwar'),
(3523,10,'Jawa Tengah',249,'Magelang','Kabupaten','Pakis'),
(3524,10,'Jawa Tengah',249,'Magelang','Kabupaten','Salam'),
(3525,10,'Jawa Tengah',249,'Magelang','Kabupaten','Salaman'),
(3526,10,'Jawa Tengah',249,'Magelang','Kabupaten','Sawangan'),
(3527,10,'Jawa Tengah',249,'Magelang','Kabupaten','Secang'),
(3528,10,'Jawa Tengah',249,'Magelang','Kabupaten','Srumbung'),
(3529,10,'Jawa Tengah',249,'Magelang','Kabupaten','Tegalrejo'),
(3530,10,'Jawa Tengah',249,'Magelang','Kabupaten','Tempuran'),
(3531,10,'Jawa Tengah',249,'Magelang','Kabupaten','Windusari'),
(3532,10,'Jawa Tengah',250,'Magelang','Kota','Magelang Selatan'),
(3533,10,'Jawa Tengah',250,'Magelang','Kota','Magelang Tengah'),
(3534,10,'Jawa Tengah',250,'Magelang','Kota','Magelang Utara'),
(3535,11,'Jawa Timur',251,'Magetan','Kabupaten','Barat'),
(3536,11,'Jawa Timur',251,'Magetan','Kabupaten','Bendo'),
(3537,11,'Jawa Timur',251,'Magetan','Kabupaten','Karangrejo'),
(3538,11,'Jawa Timur',251,'Magetan','Kabupaten','Karas'),
(3539,11,'Jawa Timur',251,'Magetan','Kabupaten','Kartoharjo (Kertoharjo)'),
(3540,11,'Jawa Timur',251,'Magetan','Kabupaten','Kawedanan'),
(3541,11,'Jawa Timur',251,'Magetan','Kabupaten','Lembeyan'),
(3542,11,'Jawa Timur',251,'Magetan','Kabupaten','Magetan'),
(3543,11,'Jawa Timur',251,'Magetan','Kabupaten','Maospati'),
(3544,11,'Jawa Timur',251,'Magetan','Kabupaten','Ngariboyo'),
(3545,11,'Jawa Timur',251,'Magetan','Kabupaten','Nguntoronadi'),
(3546,11,'Jawa Timur',251,'Magetan','Kabupaten','Panekan'),
(3547,11,'Jawa Timur',251,'Magetan','Kabupaten','Parang'),
(3548,11,'Jawa Timur',251,'Magetan','Kabupaten','Plaosan'),
(3549,11,'Jawa Timur',251,'Magetan','Kabupaten','Poncol'),
(3550,11,'Jawa Timur',251,'Magetan','Kabupaten','Sidorejo'),
(3551,11,'Jawa Timur',251,'Magetan','Kabupaten','Sukomoro'),
(3552,11,'Jawa Timur',251,'Magetan','Kabupaten','Takeran'),
(3553,9,'Jawa Barat',252,'Majalengka','Kabupaten','Argapura'),
(3554,9,'Jawa Barat',252,'Majalengka','Kabupaten','Banjaran'),
(3555,9,'Jawa Barat',252,'Majalengka','Kabupaten','Bantarujeg'),
(3556,9,'Jawa Barat',252,'Majalengka','Kabupaten','Cigasong'),
(3557,9,'Jawa Barat',252,'Majalengka','Kabupaten','Cikijing'),
(3558,9,'Jawa Barat',252,'Majalengka','Kabupaten','Cingambul'),
(3559,9,'Jawa Barat',252,'Majalengka','Kabupaten','Dawuan'),
(3560,9,'Jawa Barat',252,'Majalengka','Kabupaten','Jatitujuh'),
(3561,9,'Jawa Barat',252,'Majalengka','Kabupaten','Jatiwangi'),
(3562,9,'Jawa Barat',252,'Majalengka','Kabupaten','Kadipaten'),
(3563,9,'Jawa Barat',252,'Majalengka','Kabupaten','Kasokandel'),
(3564,9,'Jawa Barat',252,'Majalengka','Kabupaten','Kertajati'),
(3565,9,'Jawa Barat',252,'Majalengka','Kabupaten','Lemahsugih'),
(3566,9,'Jawa Barat',252,'Majalengka','Kabupaten','Leuwimunding'),
(3567,9,'Jawa Barat',252,'Majalengka','Kabupaten','Ligung'),
(3568,9,'Jawa Barat',252,'Majalengka','Kabupaten','Maja'),
(3569,9,'Jawa Barat',252,'Majalengka','Kabupaten','Majalengka'),
(3570,9,'Jawa Barat',252,'Majalengka','Kabupaten','Malausma'),
(3571,9,'Jawa Barat',252,'Majalengka','Kabupaten','Palasah'),
(3572,9,'Jawa Barat',252,'Majalengka','Kabupaten','Panyingkiran'),
(3573,9,'Jawa Barat',252,'Majalengka','Kabupaten','Rajagaluh'),
(3574,9,'Jawa Barat',252,'Majalengka','Kabupaten','Sindang'),
(3575,9,'Jawa Barat',252,'Majalengka','Kabupaten','Sindangwangi'),
(3576,9,'Jawa Barat',252,'Majalengka','Kabupaten','Sukahaji'),
(3577,9,'Jawa Barat',252,'Majalengka','Kabupaten','Sumberjaya'),
(3578,9,'Jawa Barat',252,'Majalengka','Kabupaten','Talaga'),
(3579,27,'Sulawesi Barat',253,'Majene','Kabupaten','Banggae'),
(3580,27,'Sulawesi Barat',253,'Majene','Kabupaten','Banggae Timur'),
(3581,27,'Sulawesi Barat',253,'Majene','Kabupaten','Malunda'),
(3582,27,'Sulawesi Barat',253,'Majene','Kabupaten','Pamboang'),
(3583,27,'Sulawesi Barat',253,'Majene','Kabupaten','Sendana'),
(3584,27,'Sulawesi Barat',253,'Majene','Kabupaten','Tammeredo Sendana'),
(3585,27,'Sulawesi Barat',253,'Majene','Kabupaten','Tubo (Tubo Sendana)'),
(3586,27,'Sulawesi Barat',253,'Majene','Kabupaten','Ulumunda'),
(3587,28,'Sulawesi Selatan',254,'Makassar','Kota','Biring Kanaya'),
(3588,28,'Sulawesi Selatan',254,'Makassar','Kota','Bontoala'),
(3589,28,'Sulawesi Selatan',254,'Makassar','Kota','Makassar'),
(3590,28,'Sulawesi Selatan',254,'Makassar','Kota','Mamajang'),
(3591,28,'Sulawesi Selatan',254,'Makassar','Kota','Manggala'),
(3592,28,'Sulawesi Selatan',254,'Makassar','Kota','Mariso'),
(3593,28,'Sulawesi Selatan',254,'Makassar','Kota','Panakkukang'),
(3594,28,'Sulawesi Selatan',254,'Makassar','Kota','Rappocini'),
(3595,28,'Sulawesi Selatan',254,'Makassar','Kota','Tallo'),
(3596,28,'Sulawesi Selatan',254,'Makassar','Kota','Tamalanrea'),
(3597,28,'Sulawesi Selatan',254,'Makassar','Kota','Tamalate'),
(3598,28,'Sulawesi Selatan',254,'Makassar','Kota','Ujung Pandang'),
(3599,28,'Sulawesi Selatan',254,'Makassar','Kota','Ujung Tanah'),
(3600,28,'Sulawesi Selatan',254,'Makassar','Kota','Wajo'),
(3601,11,'Jawa Timur',255,'Malang','Kabupaten','Ampelgading'),
(3602,11,'Jawa Timur',255,'Malang','Kabupaten','Bantur'),
(3603,11,'Jawa Timur',255,'Malang','Kabupaten','Bululawang'),
(3604,11,'Jawa Timur',255,'Malang','Kabupaten','Dampit'),
(3605,11,'Jawa Timur',255,'Malang','Kabupaten','Dau'),
(3606,11,'Jawa Timur',255,'Malang','Kabupaten','Donomulyo'),
(3607,11,'Jawa Timur',255,'Malang','Kabupaten','Gedangan'),
(3608,11,'Jawa Timur',255,'Malang','Kabupaten','Gondanglegi'),
(3609,11,'Jawa Timur',255,'Malang','Kabupaten','Jabung'),
(3610,11,'Jawa Timur',255,'Malang','Kabupaten','Kalipare'),
(3611,11,'Jawa Timur',255,'Malang','Kabupaten','Karangploso'),
(3612,11,'Jawa Timur',255,'Malang','Kabupaten','Kasembon'),
(3613,11,'Jawa Timur',255,'Malang','Kabupaten','Kepanjen'),
(3614,11,'Jawa Timur',255,'Malang','Kabupaten','Kromengan'),
(3615,11,'Jawa Timur',255,'Malang','Kabupaten','Lawang'),
(3616,11,'Jawa Timur',255,'Malang','Kabupaten','Ngajung (Ngajum)'),
(3617,11,'Jawa Timur',255,'Malang','Kabupaten','Ngantang'),
(3618,11,'Jawa Timur',255,'Malang','Kabupaten','Pagak'),
(3619,11,'Jawa Timur',255,'Malang','Kabupaten','Pagelaran'),
(3620,11,'Jawa Timur',255,'Malang','Kabupaten','Pakis'),
(3621,11,'Jawa Timur',255,'Malang','Kabupaten','Pakisaji'),
(3622,11,'Jawa Timur',255,'Malang','Kabupaten','Poncokusumo'),
(3623,11,'Jawa Timur',255,'Malang','Kabupaten','Pujon'),
(3624,11,'Jawa Timur',255,'Malang','Kabupaten','Singosari'),
(3625,11,'Jawa Timur',255,'Malang','Kabupaten','Sumbermanjing Wetan'),
(3626,11,'Jawa Timur',255,'Malang','Kabupaten','Sumberpucung'),
(3627,11,'Jawa Timur',255,'Malang','Kabupaten','Tajinan'),
(3628,11,'Jawa Timur',255,'Malang','Kabupaten','Tirtoyudo'),
(3629,11,'Jawa Timur',255,'Malang','Kabupaten','Tumpang'),
(3630,11,'Jawa Timur',255,'Malang','Kabupaten','Turen'),
(3631,11,'Jawa Timur',255,'Malang','Kabupaten','Wagir'),
(3632,11,'Jawa Timur',255,'Malang','Kabupaten','Wajak'),
(3633,11,'Jawa Timur',255,'Malang','Kabupaten','Wonosari'),
(3634,11,'Jawa Timur',256,'Malang','Kota','Blimbing'),
(3635,11,'Jawa Timur',256,'Malang','Kota','Kedungkandang'),
(3636,11,'Jawa Timur',256,'Malang','Kota','Klojen'),
(3637,11,'Jawa Timur',256,'Malang','Kota','Lowokwaru'),
(3638,11,'Jawa Timur',256,'Malang','Kota','Sukun'),
(3639,16,'Kalimantan Utara',257,'Malinau','Kabupaten','Bahau Hulu'),
(3640,16,'Kalimantan Utara',257,'Malinau','Kabupaten','Kayan Hilir'),
(3641,16,'Kalimantan Utara',257,'Malinau','Kabupaten','Kayan Hulu'),
(3642,16,'Kalimantan Utara',257,'Malinau','Kabupaten','Kayan Selatan'),
(3643,16,'Kalimantan Utara',257,'Malinau','Kabupaten','Malinau Barat'),
(3644,16,'Kalimantan Utara',257,'Malinau','Kabupaten','Malinau Kota'),
(3645,16,'Kalimantan Utara',257,'Malinau','Kabupaten','Malinau Selatan'),
(3646,16,'Kalimantan Utara',257,'Malinau','Kabupaten','Malinau Selatan Hilir'),
(3647,16,'Kalimantan Utara',257,'Malinau','Kabupaten','Malinau Selatan Hulu'),
(3648,16,'Kalimantan Utara',257,'Malinau','Kabupaten','Malinau Utara'),
(3649,16,'Kalimantan Utara',257,'Malinau','Kabupaten','Mentarang'),
(3650,16,'Kalimantan Utara',257,'Malinau','Kabupaten','Mentarang Hulu'),
(3651,16,'Kalimantan Utara',257,'Malinau','Kabupaten','Pujungan'),
(3652,16,'Kalimantan Utara',257,'Malinau','Kabupaten','Sungai Boh'),
(3653,16,'Kalimantan Utara',257,'Malinau','Kabupaten','Sungai Tubu'),
(3654,19,'Maluku',258,'Maluku Barat Daya','Kabupaten','Damer'),
(3655,19,'Maluku',258,'Maluku Barat Daya','Kabupaten','Dawelor Dawera'),
(3656,19,'Maluku',258,'Maluku Barat Daya','Kabupaten','Kepulauan Romang'),
(3657,19,'Maluku',258,'Maluku Barat Daya','Kabupaten','Kisar Utara'),
(3658,19,'Maluku',258,'Maluku Barat Daya','Kabupaten','Mdona Hyera/Hiera'),
(3659,19,'Maluku',258,'Maluku Barat Daya','Kabupaten','Moa Lakor'),
(3660,19,'Maluku',258,'Maluku Barat Daya','Kabupaten','Pulau Lakor'),
(3661,19,'Maluku',258,'Maluku Barat Daya','Kabupaten','Pulau Letti (Leti Moa Lakor)'),
(3662,19,'Maluku',258,'Maluku Barat Daya','Kabupaten','Pulau Masela'),
(3663,19,'Maluku',258,'Maluku Barat Daya','Kabupaten','Pulau Pulau Babar'),
(3664,19,'Maluku',258,'Maluku Barat Daya','Kabupaten','Pulau Pulau Terselatan'),
(3665,19,'Maluku',258,'Maluku Barat Daya','Kabupaten','Pulau Wetang'),
(3666,19,'Maluku',258,'Maluku Barat Daya','Kabupaten','Pulau-Pulau Babar Timur'),
(3667,19,'Maluku',258,'Maluku Barat Daya','Kabupaten','Wetar'),
(3668,19,'Maluku',258,'Maluku Barat Daya','Kabupaten','Wetar Barat'),
(3669,19,'Maluku',258,'Maluku Barat Daya','Kabupaten','Wetar Timur'),
(3670,19,'Maluku',258,'Maluku Barat Daya','Kabupaten','Wetar Utara'),
(3671,19,'Maluku',259,'Maluku Tengah','Kabupaten','Amahai'),
(3672,19,'Maluku',259,'Maluku Tengah','Kabupaten','Banda'),
(3673,19,'Maluku',259,'Maluku Tengah','Kabupaten','Leihitu'),
(3674,19,'Maluku',259,'Maluku Tengah','Kabupaten','Leihitu Barat'),
(3675,19,'Maluku',259,'Maluku Tengah','Kabupaten','Masohi Kota'),
(3676,19,'Maluku',259,'Maluku Tengah','Kabupaten','Nusalaut'),
(3677,19,'Maluku',259,'Maluku Tengah','Kabupaten','Pulau Haruku'),
(3678,19,'Maluku',259,'Maluku Tengah','Kabupaten','Salahutu'),
(3679,19,'Maluku',259,'Maluku Tengah','Kabupaten','Saparua'),
(3680,19,'Maluku',259,'Maluku Tengah','Kabupaten','Saparua Timur'),
(3681,19,'Maluku',259,'Maluku Tengah','Kabupaten','Seram Utara'),
(3682,19,'Maluku',259,'Maluku Tengah','Kabupaten','Seram Utara Barat'),
(3683,19,'Maluku',259,'Maluku Tengah','Kabupaten','Seram Utara Timur Kobi'),
(3684,19,'Maluku',259,'Maluku Tengah','Kabupaten','Seram Utara Timur Seti'),
(3685,19,'Maluku',259,'Maluku Tengah','Kabupaten','Tehoru'),
(3686,19,'Maluku',259,'Maluku Tengah','Kabupaten','Teluk Elpaputih'),
(3687,19,'Maluku',259,'Maluku Tengah','Kabupaten','Telutih'),
(3688,19,'Maluku',259,'Maluku Tengah','Kabupaten','Teon Nila Serua'),
(3689,19,'Maluku',260,'Maluku Tenggara','Kabupaten','Hoat Sorbay'),
(3690,19,'Maluku',260,'Maluku Tenggara','Kabupaten','Kei Besar'),
(3691,19,'Maluku',260,'Maluku Tenggara','Kabupaten','Kei Besar Selatan'),
(3692,19,'Maluku',260,'Maluku Tenggara','Kabupaten','Kei Besar Selatan Barat'),
(3693,19,'Maluku',260,'Maluku Tenggara','Kabupaten','Kei Besar Utara Barat'),
(3694,19,'Maluku',260,'Maluku Tenggara','Kabupaten','Kei Besar Utara Timur'),
(3695,19,'Maluku',260,'Maluku Tenggara','Kabupaten','Kei Kecil'),
(3696,19,'Maluku',260,'Maluku Tenggara','Kabupaten','Kei Kecil Barat'),
(3697,19,'Maluku',260,'Maluku Tenggara','Kabupaten','Kei Kecil Timur'),
(3698,19,'Maluku',260,'Maluku Tenggara','Kabupaten','Kei Kecil Timur Selatan'),
(3699,19,'Maluku',260,'Maluku Tenggara','Kabupaten','Manyeuw'),
(3700,19,'Maluku',261,'Maluku Tenggara Barat','Kabupaten','Kormomolin'),
(3701,19,'Maluku',261,'Maluku Tenggara Barat','Kabupaten','Molu Maru'),
(3702,19,'Maluku',261,'Maluku Tenggara Barat','Kabupaten','Nirunmas'),
(3703,19,'Maluku',261,'Maluku Tenggara Barat','Kabupaten','Selaru'),
(3704,19,'Maluku',261,'Maluku Tenggara Barat','Kabupaten','Tanimbar Selatan'),
(3705,19,'Maluku',261,'Maluku Tenggara Barat','Kabupaten','Tanimbar Utara'),
(3706,19,'Maluku',261,'Maluku Tenggara Barat','Kabupaten','Wermakatian (Wer Maktian)'),
(3707,19,'Maluku',261,'Maluku Tenggara Barat','Kabupaten','Wertamrian'),
(3708,19,'Maluku',261,'Maluku Tenggara Barat','Kabupaten','Wuarlabobar'),
(3709,19,'Maluku',261,'Maluku Tenggara Barat','Kabupaten','Yaru'),
(3710,27,'Sulawesi Barat',262,'Mamasa','Kabupaten','Aralle (Arrale)'),
(3711,27,'Sulawesi Barat',262,'Mamasa','Kabupaten','Balla'),
(3712,27,'Sulawesi Barat',262,'Mamasa','Kabupaten','Bambang'),
(3713,27,'Sulawesi Barat',262,'Mamasa','Kabupaten','Buntumalangka'),
(3714,27,'Sulawesi Barat',262,'Mamasa','Kabupaten','Mamasa'),
(3715,27,'Sulawesi Barat',262,'Mamasa','Kabupaten','Mambi'),
(3716,27,'Sulawesi Barat',262,'Mamasa','Kabupaten','Mehalaan'),
(3717,27,'Sulawesi Barat',262,'Mamasa','Kabupaten','Messawa'),
(3718,27,'Sulawesi Barat',262,'Mamasa','Kabupaten','Nosu'),
(3719,27,'Sulawesi Barat',262,'Mamasa','Kabupaten','Pana'),
(3720,27,'Sulawesi Barat',262,'Mamasa','Kabupaten','Rantebulahan Timur'),
(3721,27,'Sulawesi Barat',262,'Mamasa','Kabupaten','Sesena Padang'),
(3722,27,'Sulawesi Barat',262,'Mamasa','Kabupaten','Sumarorong'),
(3723,27,'Sulawesi Barat',262,'Mamasa','Kabupaten','Tabang'),
(3724,27,'Sulawesi Barat',262,'Mamasa','Kabupaten','Tabulahan'),
(3725,27,'Sulawesi Barat',262,'Mamasa','Kabupaten','Tanduk Kalua'),
(3726,27,'Sulawesi Barat',262,'Mamasa','Kabupaten','Tawalian'),
(3727,24,'Papua',263,'Mamberamo Raya','Kabupaten','Benuki'),
(3728,24,'Papua',263,'Mamberamo Raya','Kabupaten','Mamberamo Hilir/Ilir'),
(3729,24,'Papua',263,'Mamberamo Raya','Kabupaten','Mamberamo Hulu/Ulu'),
(3730,24,'Papua',263,'Mamberamo Raya','Kabupaten','Mamberamo Tengah'),
(3731,24,'Papua',263,'Mamberamo Raya','Kabupaten','Mamberamo Tengah Timur'),
(3732,24,'Papua',263,'Mamberamo Raya','Kabupaten','Rofaer (Rufaer)'),
(3733,24,'Papua',263,'Mamberamo Raya','Kabupaten','Sawai'),
(3734,24,'Papua',263,'Mamberamo Raya','Kabupaten','Waropen Atas'),
(3735,24,'Papua',264,'Mamberamo Tengah','Kabupaten','Eragayam'),
(3736,24,'Papua',264,'Mamberamo Tengah','Kabupaten','Ilugwa'),
(3737,24,'Papua',264,'Mamberamo Tengah','Kabupaten','Kelila'),
(3738,24,'Papua',264,'Mamberamo Tengah','Kabupaten','Kobakma'),
(3739,24,'Papua',264,'Mamberamo Tengah','Kabupaten','Megabilis (Megambilis)'),
(3740,27,'Sulawesi Barat',265,'Mamuju','Kabupaten','Bonehau'),
(3741,27,'Sulawesi Barat',265,'Mamuju','Kabupaten','Budong-Budong'),
(3742,27,'Sulawesi Barat',265,'Mamuju','Kabupaten','Kalukku'),
(3743,27,'Sulawesi Barat',265,'Mamuju','Kabupaten','Kalumpang'),
(3744,27,'Sulawesi Barat',265,'Mamuju','Kabupaten','Karossa'),
(3745,27,'Sulawesi Barat',265,'Mamuju','Kabupaten','Kep. Bala Balakang'),
(3746,27,'Sulawesi Barat',265,'Mamuju','Kabupaten','Mamuju'),
(3747,27,'Sulawesi Barat',265,'Mamuju','Kabupaten','Pangale'),
(3748,27,'Sulawesi Barat',265,'Mamuju','Kabupaten','Papalang'),
(3749,27,'Sulawesi Barat',265,'Mamuju','Kabupaten','Sampaga'),
(3750,27,'Sulawesi Barat',265,'Mamuju','Kabupaten','Simboro dan Kepulauan'),
(3751,27,'Sulawesi Barat',265,'Mamuju','Kabupaten','Tapalang'),
(3752,27,'Sulawesi Barat',265,'Mamuju','Kabupaten','Tapalang Barat'),
(3753,27,'Sulawesi Barat',265,'Mamuju','Kabupaten','Tobadak'),
(3754,27,'Sulawesi Barat',265,'Mamuju','Kabupaten','Tommo'),
(3755,27,'Sulawesi Barat',265,'Mamuju','Kabupaten','Topoyo'),
(3756,27,'Sulawesi Barat',266,'Mamuju Utara','Kabupaten','Bambaira'),
(3757,27,'Sulawesi Barat',266,'Mamuju Utara','Kabupaten','Bambalamotu'),
(3758,27,'Sulawesi Barat',266,'Mamuju Utara','Kabupaten','Baras'),
(3759,27,'Sulawesi Barat',266,'Mamuju Utara','Kabupaten','Bulu Taba'),
(3760,27,'Sulawesi Barat',266,'Mamuju Utara','Kabupaten','Dapurang'),
(3761,27,'Sulawesi Barat',266,'Mamuju Utara','Kabupaten','Duripoku'),
(3762,27,'Sulawesi Barat',266,'Mamuju Utara','Kabupaten','Lariang'),
(3763,27,'Sulawesi Barat',266,'Mamuju Utara','Kabupaten','Pasangkayu'),
(3764,27,'Sulawesi Barat',266,'Mamuju Utara','Kabupaten','Pedongga'),
(3765,27,'Sulawesi Barat',266,'Mamuju Utara','Kabupaten','Sarjo'),
(3766,27,'Sulawesi Barat',266,'Mamuju Utara','Kabupaten','Sarudu'),
(3767,27,'Sulawesi Barat',266,'Mamuju Utara','Kabupaten','Tikke Raya'),
(3768,31,'Sulawesi Utara',267,'Manado','Kota','Bunaken'),
(3769,31,'Sulawesi Utara',267,'Manado','Kota','Bunaken Kepulauan'),
(3770,31,'Sulawesi Utara',267,'Manado','Kota','Malalayang'),
(3771,31,'Sulawesi Utara',267,'Manado','Kota','Mapanget'),
(3772,31,'Sulawesi Utara',267,'Manado','Kota','Paal Dua'),
(3773,31,'Sulawesi Utara',267,'Manado','Kota','Sario'),
(3774,31,'Sulawesi Utara',267,'Manado','Kota','Singkil'),
(3775,31,'Sulawesi Utara',267,'Manado','Kota','Tikala'),
(3776,31,'Sulawesi Utara',267,'Manado','Kota','Tuminiting'),
(3777,31,'Sulawesi Utara',267,'Manado','Kota','Wanea'),
(3778,31,'Sulawesi Utara',267,'Manado','Kota','Wenang'),
(3779,34,'Sumatera Utara',268,'Mandailing Natal','Kabupaten','Batahan'),
(3780,34,'Sumatera Utara',268,'Mandailing Natal','Kabupaten','Batang Natal'),
(3781,34,'Sumatera Utara',268,'Mandailing Natal','Kabupaten','Bukit Malintang'),
(3782,34,'Sumatera Utara',268,'Mandailing Natal','Kabupaten','Huta Bargot'),
(3783,34,'Sumatera Utara',268,'Mandailing Natal','Kabupaten','Kotanopan'),
(3784,34,'Sumatera Utara',268,'Mandailing Natal','Kabupaten','Langga Bayu (Lingga Bayu)'),
(3785,34,'Sumatera Utara',268,'Mandailing Natal','Kabupaten','Lembah Sorik Merapi'),
(3786,34,'Sumatera Utara',268,'Mandailing Natal','Kabupaten','Muara Batang Gadis'),
(3787,34,'Sumatera Utara',268,'Mandailing Natal','Kabupaten','Muara Sipongi'),
(3788,34,'Sumatera Utara',268,'Mandailing Natal','Kabupaten','Naga Juang'),
(3789,34,'Sumatera Utara',268,'Mandailing Natal','Kabupaten','Natal'),
(3790,34,'Sumatera Utara',268,'Mandailing Natal','Kabupaten','Pakantan'),
(3791,34,'Sumatera Utara',268,'Mandailing Natal','Kabupaten','Panyabungan Barat'),
(3792,34,'Sumatera Utara',268,'Mandailing Natal','Kabupaten','Panyabungan Kota'),
(3793,34,'Sumatera Utara',268,'Mandailing Natal','Kabupaten','Panyabungan Selatan'),
(3794,34,'Sumatera Utara',268,'Mandailing Natal','Kabupaten','Panyabungan Timur'),
(3795,34,'Sumatera Utara',268,'Mandailing Natal','Kabupaten','Panyabungan Utara'),
(3796,34,'Sumatera Utara',268,'Mandailing Natal','Kabupaten','Puncak Sorik Marapi/Merapi'),
(3797,34,'Sumatera Utara',268,'Mandailing Natal','Kabupaten','Ranto Baek/Baik'),
(3798,34,'Sumatera Utara',268,'Mandailing Natal','Kabupaten','Siabu'),
(3799,34,'Sumatera Utara',268,'Mandailing Natal','Kabupaten','Sinunukan'),
(3800,34,'Sumatera Utara',268,'Mandailing Natal','Kabupaten','Tambangan'),
(3801,34,'Sumatera Utara',268,'Mandailing Natal','Kabupaten','Ulu Pungkut'),
(3802,23,'Nusa Tenggara Timur (NTT)',269,'Manggarai','Kabupaten','Cibal'),
(3803,23,'Nusa Tenggara Timur (NTT)',269,'Manggarai','Kabupaten','Cibal Barat'),
(3804,23,'Nusa Tenggara Timur (NTT)',269,'Manggarai','Kabupaten','Langke Rembong'),
(3805,23,'Nusa Tenggara Timur (NTT)',269,'Manggarai','Kabupaten','Lelak'),
(3806,23,'Nusa Tenggara Timur (NTT)',269,'Manggarai','Kabupaten','Rahong Utara'),
(3807,23,'Nusa Tenggara Timur (NTT)',269,'Manggarai','Kabupaten','Reok'),
(3808,23,'Nusa Tenggara Timur (NTT)',269,'Manggarai','Kabupaten','Reok Barat'),
(3809,23,'Nusa Tenggara Timur (NTT)',269,'Manggarai','Kabupaten','Ruteng'),
(3810,23,'Nusa Tenggara Timur (NTT)',269,'Manggarai','Kabupaten','Satar Mese'),
(3811,23,'Nusa Tenggara Timur (NTT)',269,'Manggarai','Kabupaten','Satar Mese Barat'),
(3812,23,'Nusa Tenggara Timur (NTT)',269,'Manggarai','Kabupaten','Wae Rii'),
(3813,23,'Nusa Tenggara Timur (NTT)',270,'Manggarai Barat','Kabupaten','Boleng'),
(3814,23,'Nusa Tenggara Timur (NTT)',270,'Manggarai Barat','Kabupaten','Komodo'),
(3815,23,'Nusa Tenggara Timur (NTT)',270,'Manggarai Barat','Kabupaten','Kuwus'),
(3816,23,'Nusa Tenggara Timur (NTT)',270,'Manggarai Barat','Kabupaten','Lembor'),
(3817,23,'Nusa Tenggara Timur (NTT)',270,'Manggarai Barat','Kabupaten','Lembor Selatan'),
(3818,23,'Nusa Tenggara Timur (NTT)',270,'Manggarai Barat','Kabupaten','Macang Pacar'),
(3819,23,'Nusa Tenggara Timur (NTT)',270,'Manggarai Barat','Kabupaten','Mbeliling'),
(3820,23,'Nusa Tenggara Timur (NTT)',270,'Manggarai Barat','Kabupaten','Ndoso'),
(3821,23,'Nusa Tenggara Timur (NTT)',270,'Manggarai Barat','Kabupaten','Sano Nggoang'),
(3822,23,'Nusa Tenggara Timur (NTT)',270,'Manggarai Barat','Kabupaten','Welak'),
(3823,23,'Nusa Tenggara Timur (NTT)',271,'Manggarai Timur','Kabupaten','Borong'),
(3824,23,'Nusa Tenggara Timur (NTT)',271,'Manggarai Timur','Kabupaten','Elar'),
(3825,23,'Nusa Tenggara Timur (NTT)',271,'Manggarai Timur','Kabupaten','Elar Selatan'),
(3826,23,'Nusa Tenggara Timur (NTT)',271,'Manggarai Timur','Kabupaten','Kota Komba'),
(3827,23,'Nusa Tenggara Timur (NTT)',271,'Manggarai Timur','Kabupaten','Lamba Leda'),
(3828,23,'Nusa Tenggara Timur (NTT)',271,'Manggarai Timur','Kabupaten','Poco Ranaka'),
(3829,23,'Nusa Tenggara Timur (NTT)',271,'Manggarai Timur','Kabupaten','Poco Ranaka Timur'),
(3830,23,'Nusa Tenggara Timur (NTT)',271,'Manggarai Timur','Kabupaten','Rana Mese'),
(3831,23,'Nusa Tenggara Timur (NTT)',271,'Manggarai Timur','Kabupaten','Sambi Rampas'),
(3832,25,'Papua Barat',272,'Manokwari','Kabupaten','Manokwari Barat'),
(3833,25,'Papua Barat',272,'Manokwari','Kabupaten','Manokwari Selatan'),
(3834,25,'Papua Barat',272,'Manokwari','Kabupaten','Manokwari Timur'),
(3835,25,'Papua Barat',272,'Manokwari','Kabupaten','Manokwari Utara'),
(3836,25,'Papua Barat',272,'Manokwari','Kabupaten','Masni'),
(3837,25,'Papua Barat',272,'Manokwari','Kabupaten','Prafi'),
(3838,25,'Papua Barat',272,'Manokwari','Kabupaten','Sidey'),
(3839,25,'Papua Barat',272,'Manokwari','Kabupaten','Tanah Rubuh'),
(3840,25,'Papua Barat',272,'Manokwari','Kabupaten','Warmare'),
(3841,25,'Papua Barat',273,'Manokwari Selatan','Kabupaten','Dataran Isim'),
(3842,25,'Papua Barat',273,'Manokwari Selatan','Kabupaten','Momi Waren'),
(3843,25,'Papua Barat',273,'Manokwari Selatan','Kabupaten','Neney (Nenei)'),
(3844,25,'Papua Barat',273,'Manokwari Selatan','Kabupaten','Oransbari'),
(3845,25,'Papua Barat',273,'Manokwari Selatan','Kabupaten','Ransiki'),
(3846,25,'Papua Barat',273,'Manokwari Selatan','Kabupaten','Tahota (Tohota)'),
(3847,24,'Papua',274,'Mappi','Kabupaten','Assue'),
(3848,24,'Papua',274,'Mappi','Kabupaten','Bamgi'),
(3849,24,'Papua',274,'Mappi','Kabupaten','Citakmitak'),
(3850,24,'Papua',274,'Mappi','Kabupaten','Edera'),
(3851,24,'Papua',274,'Mappi','Kabupaten','Haju'),
(3852,24,'Papua',274,'Mappi','Kabupaten','Kaibar'),
(3853,24,'Papua',274,'Mappi','Kabupaten','Minyamur'),
(3854,24,'Papua',274,'Mappi','Kabupaten','Nambioman Bapai (Mambioman)'),
(3855,24,'Papua',274,'Mappi','Kabupaten','Obaa'),
(3856,24,'Papua',274,'Mappi','Kabupaten','Passue'),
(3857,24,'Papua',274,'Mappi','Kabupaten','Passue Bawah'),
(3858,24,'Papua',274,'Mappi','Kabupaten','Syahcame'),
(3859,24,'Papua',274,'Mappi','Kabupaten','Ti Zain'),
(3860,24,'Papua',274,'Mappi','Kabupaten','Venaha'),
(3861,24,'Papua',274,'Mappi','Kabupaten','Yakomi'),
(3862,28,'Sulawesi Selatan',275,'Maros','Kabupaten','Bantimurung'),
(3863,28,'Sulawesi Selatan',275,'Maros','Kabupaten','Bontoa (Maros Utara)'),
(3864,28,'Sulawesi Selatan',275,'Maros','Kabupaten','Camba'),
(3865,28,'Sulawesi Selatan',275,'Maros','Kabupaten','Cenrana'),
(3866,28,'Sulawesi Selatan',275,'Maros','Kabupaten','Lau'),
(3867,28,'Sulawesi Selatan',275,'Maros','Kabupaten','Mallawa'),
(3868,28,'Sulawesi Selatan',275,'Maros','Kabupaten','Mandai'),
(3869,28,'Sulawesi Selatan',275,'Maros','Kabupaten','Maros Baru'),
(3870,28,'Sulawesi Selatan',275,'Maros','Kabupaten','Marusu'),
(3871,28,'Sulawesi Selatan',275,'Maros','Kabupaten','Moncongloe'),
(3872,28,'Sulawesi Selatan',275,'Maros','Kabupaten','Simbang'),
(3873,28,'Sulawesi Selatan',275,'Maros','Kabupaten','Tanralili'),
(3874,28,'Sulawesi Selatan',275,'Maros','Kabupaten','Tompu Bulu'),
(3875,28,'Sulawesi Selatan',275,'Maros','Kabupaten','Turikale'),
(3876,22,'Nusa Tenggara Barat (NTB)',276,'Mataram','Kota','Ampenan'),
(3877,22,'Nusa Tenggara Barat (NTB)',276,'Mataram','Kota','Cakranegara'),
(3878,22,'Nusa Tenggara Barat (NTB)',276,'Mataram','Kota','Mataram'),
(3879,22,'Nusa Tenggara Barat (NTB)',276,'Mataram','Kota','Sandubaya (Sandujaya)'),
(3880,22,'Nusa Tenggara Barat (NTB)',276,'Mataram','Kota','Sekarbela'),
(3881,22,'Nusa Tenggara Barat (NTB)',276,'Mataram','Kota','Selaparang (Selaprang)'),
(3882,25,'Papua Barat',277,'Maybrat','Kabupaten','Aifat'),
(3883,25,'Papua Barat',277,'Maybrat','Kabupaten','Aifat Selatan'),
(3884,25,'Papua Barat',277,'Maybrat','Kabupaten','Aifat Timur'),
(3885,25,'Papua Barat',277,'Maybrat','Kabupaten','Aifat Timur Jauh'),
(3886,25,'Papua Barat',277,'Maybrat','Kabupaten','Aifat Timur Selatan'),
(3887,25,'Papua Barat',277,'Maybrat','Kabupaten','Aifat Timur Tengah'),
(3888,25,'Papua Barat',277,'Maybrat','Kabupaten','Aifat Utara'),
(3889,25,'Papua Barat',277,'Maybrat','Kabupaten','Aitinyo'),
(3890,25,'Papua Barat',277,'Maybrat','Kabupaten','Aitinyo Barat'),
(3891,25,'Papua Barat',277,'Maybrat','Kabupaten','Aitinyo Raya'),
(3892,25,'Papua Barat',277,'Maybrat','Kabupaten','Aitinyo Tengah'),
(3893,25,'Papua Barat',277,'Maybrat','Kabupaten','Aitinyo Utara'),
(3894,25,'Papua Barat',277,'Maybrat','Kabupaten','Ayamaru'),
(3895,25,'Papua Barat',277,'Maybrat','Kabupaten','Ayamaru Barat'),
(3896,25,'Papua Barat',277,'Maybrat','Kabupaten','Ayamaru Jaya'),
(3897,25,'Papua Barat',277,'Maybrat','Kabupaten','Ayamaru Selatan'),
(3898,25,'Papua Barat',277,'Maybrat','Kabupaten','Ayamaru Selatan Jaya'),
(3899,25,'Papua Barat',277,'Maybrat','Kabupaten','Ayamaru Tengah'),
(3900,25,'Papua Barat',277,'Maybrat','Kabupaten','Ayamaru Timur'),
(3901,25,'Papua Barat',277,'Maybrat','Kabupaten','Ayamaru Timur Selatan'),
(3902,25,'Papua Barat',277,'Maybrat','Kabupaten','Ayamaru Utara'),
(3903,25,'Papua Barat',277,'Maybrat','Kabupaten','Ayamaru Utara Timur'),
(3904,25,'Papua Barat',277,'Maybrat','Kabupaten','Mare'),
(3905,25,'Papua Barat',277,'Maybrat','Kabupaten','Mare Selatan'),
(3906,34,'Sumatera Utara',278,'Medan','Kota','Medan Amplas'),
(3907,34,'Sumatera Utara',278,'Medan','Kota','Medan Area'),
(3908,34,'Sumatera Utara',278,'Medan','Kota','Medan Barat'),
(3909,34,'Sumatera Utara',278,'Medan','Kota','Medan Baru'),
(3910,34,'Sumatera Utara',278,'Medan','Kota','Medan Belawan Kota'),
(3911,34,'Sumatera Utara',278,'Medan','Kota','Medan Deli'),
(3912,34,'Sumatera Utara',278,'Medan','Kota','Medan Denai'),
(3913,34,'Sumatera Utara',278,'Medan','Kota','Medan Helvetia'),
(3914,34,'Sumatera Utara',278,'Medan','Kota','Medan Johor'),
(3915,34,'Sumatera Utara',278,'Medan','Kota','Medan Kota'),
(3916,34,'Sumatera Utara',278,'Medan','Kota','Medan Labuhan'),
(3917,34,'Sumatera Utara',278,'Medan','Kota','Medan Maimun'),
(3918,34,'Sumatera Utara',278,'Medan','Kota','Medan Marelan'),
(3919,34,'Sumatera Utara',278,'Medan','Kota','Medan Perjuangan'),
(3920,34,'Sumatera Utara',278,'Medan','Kota','Medan Petisah'),
(3921,34,'Sumatera Utara',278,'Medan','Kota','Medan Polonia'),
(3922,34,'Sumatera Utara',278,'Medan','Kota','Medan Selayang'),
(3923,34,'Sumatera Utara',278,'Medan','Kota','Medan Sunggal'),
(3924,34,'Sumatera Utara',278,'Medan','Kota','Medan Tembung'),
(3925,34,'Sumatera Utara',278,'Medan','Kota','Medan Timur'),
(3926,34,'Sumatera Utara',278,'Medan','Kota','Medan Tuntungan'),
(3927,12,'Kalimantan Barat',279,'Melawi','Kabupaten','Belimbing'),
(3928,12,'Kalimantan Barat',279,'Melawi','Kabupaten','Belimbing Hulu'),
(3929,12,'Kalimantan Barat',279,'Melawi','Kabupaten','Ella Hilir'),
(3930,12,'Kalimantan Barat',279,'Melawi','Kabupaten','Menukung'),
(3931,12,'Kalimantan Barat',279,'Melawi','Kabupaten','Nanga Pinoh'),
(3932,12,'Kalimantan Barat',279,'Melawi','Kabupaten','Pinoh Selatan'),
(3933,12,'Kalimantan Barat',279,'Melawi','Kabupaten','Pinoh Utara'),
(3934,12,'Kalimantan Barat',279,'Melawi','Kabupaten','Sayan'),
(3935,12,'Kalimantan Barat',279,'Melawi','Kabupaten','Sokan'),
(3936,12,'Kalimantan Barat',279,'Melawi','Kabupaten','Tanah Pinoh'),
(3937,12,'Kalimantan Barat',279,'Melawi','Kabupaten','Tanah Pinoh Barat'),
(3938,8,'Jambi',280,'Merangin','Kabupaten','Bangko'),
(3939,8,'Jambi',280,'Merangin','Kabupaten','Bangko Barat'),
(3940,8,'Jambi',280,'Merangin','Kabupaten','Batang Masumai'),
(3941,8,'Jambi',280,'Merangin','Kabupaten','Jangkat'),
(3942,8,'Jambi',280,'Merangin','Kabupaten','Lembah Masurai'),
(3943,8,'Jambi',280,'Merangin','Kabupaten','Margo Tabir'),
(3944,8,'Jambi',280,'Merangin','Kabupaten','Muara Siau'),
(3945,8,'Jambi',280,'Merangin','Kabupaten','Nalo Tantan'),
(3946,8,'Jambi',280,'Merangin','Kabupaten','Pamenang'),
(3947,8,'Jambi',280,'Merangin','Kabupaten','Pamenang Barat'),
(3948,8,'Jambi',280,'Merangin','Kabupaten','Pamenang Selatan'),
(3949,8,'Jambi',280,'Merangin','Kabupaten','Pangkalan Jambu'),
(3950,8,'Jambi',280,'Merangin','Kabupaten','Renah Pembarap'),
(3951,8,'Jambi',280,'Merangin','Kabupaten','Renah Pemenang'),
(3952,8,'Jambi',280,'Merangin','Kabupaten','Sungai Manau'),
(3953,8,'Jambi',280,'Merangin','Kabupaten','Sungai Tenang'),
(3954,8,'Jambi',280,'Merangin','Kabupaten','Tabir'),
(3955,8,'Jambi',280,'Merangin','Kabupaten','Tabir Barat'),
(3956,8,'Jambi',280,'Merangin','Kabupaten','Tabir Ilir'),
(3957,8,'Jambi',280,'Merangin','Kabupaten','Tabir Lintas'),
(3958,8,'Jambi',280,'Merangin','Kabupaten','Tabir Selatan'),
(3959,8,'Jambi',280,'Merangin','Kabupaten','Tabir Timur'),
(3960,8,'Jambi',280,'Merangin','Kabupaten','Tabir Ulu'),
(3961,8,'Jambi',280,'Merangin','Kabupaten','Tiang Pumpung'),
(3962,24,'Papua',281,'Merauke','Kabupaten','Animha'),
(3963,24,'Papua',281,'Merauke','Kabupaten','Eligobel'),
(3964,24,'Papua',281,'Merauke','Kabupaten','Ilyawab'),
(3965,24,'Papua',281,'Merauke','Kabupaten','Jagebob'),
(3966,24,'Papua',281,'Merauke','Kabupaten','Kaptel'),
(3967,24,'Papua',281,'Merauke','Kabupaten','Kimaam'),
(3968,24,'Papua',281,'Merauke','Kabupaten','Kurik'),
(3969,24,'Papua',281,'Merauke','Kabupaten','Malind'),
(3970,24,'Papua',281,'Merauke','Kabupaten','Merauke'),
(3971,24,'Papua',281,'Merauke','Kabupaten','Muting'),
(3972,24,'Papua',281,'Merauke','Kabupaten','Naukenjerai'),
(3973,24,'Papua',281,'Merauke','Kabupaten','Ngguti (Nggunti)'),
(3974,24,'Papua',281,'Merauke','Kabupaten','Okaba'),
(3975,24,'Papua',281,'Merauke','Kabupaten','Semangga'),
(3976,24,'Papua',281,'Merauke','Kabupaten','Sota'),
(3977,24,'Papua',281,'Merauke','Kabupaten','Tabonji'),
(3978,24,'Papua',281,'Merauke','Kabupaten','Tanah Miring'),
(3979,24,'Papua',281,'Merauke','Kabupaten','Tubang'),
(3980,24,'Papua',281,'Merauke','Kabupaten','Ulilin'),
(3981,24,'Papua',281,'Merauke','Kabupaten','Waan'),
(3982,18,'Lampung',282,'Mesuji','Kabupaten','Mesuji'),
(3983,18,'Lampung',282,'Mesuji','Kabupaten','Mesuji Timur'),
(3984,18,'Lampung',282,'Mesuji','Kabupaten','Panca Jaya'),
(3985,18,'Lampung',282,'Mesuji','Kabupaten','Rawa Jitu Utara'),
(3986,18,'Lampung',282,'Mesuji','Kabupaten','Simpang Pematang'),
(3987,18,'Lampung',282,'Mesuji','Kabupaten','Tanjung Raya'),
(3988,18,'Lampung',282,'Mesuji','Kabupaten','Way Serdang'),
(3989,18,'Lampung',283,'Metro','Kota','Metro Barat'),
(3990,18,'Lampung',283,'Metro','Kota','Metro Pusat'),
(3991,18,'Lampung',283,'Metro','Kota','Metro Selatan'),
(3992,18,'Lampung',283,'Metro','Kota','Metro Timur'),
(3993,18,'Lampung',283,'Metro','Kota','Metro Utara'),
(3994,24,'Papua',284,'Mimika','Kabupaten','Agimuga'),
(3995,24,'Papua',284,'Mimika','Kabupaten','Jila'),
(3996,24,'Papua',284,'Mimika','Kabupaten','Jita'),
(3997,24,'Papua',284,'Mimika','Kabupaten','Kuala Kencana'),
(3998,24,'Papua',284,'Mimika','Kabupaten','Mimika Barat (Mibar)'),
(3999,24,'Papua',284,'Mimika','Kabupaten','Mimika Barat Jauh'),
(4000,24,'Papua',284,'Mimika','Kabupaten','Mimika Barat Tengah'),
(4001,24,'Papua',284,'Mimika','Kabupaten','Mimika Baru'),
(4002,24,'Papua',284,'Mimika','Kabupaten','Mimika Timur'),
(4003,24,'Papua',284,'Mimika','Kabupaten','Mimika Timur Jauh'),
(4004,24,'Papua',284,'Mimika','Kabupaten','Mimika Timur Tengah'),
(4005,24,'Papua',284,'Mimika','Kabupaten','Tembagapura'),
(4006,31,'Sulawesi Utara',285,'Minahasa','Kabupaten','Eris'),
(4007,31,'Sulawesi Utara',285,'Minahasa','Kabupaten','Kakas'),
(4008,31,'Sulawesi Utara',285,'Minahasa','Kabupaten','Kakas Barat'),
(4009,31,'Sulawesi Utara',285,'Minahasa','Kabupaten','Kawangkoan'),
(4010,31,'Sulawesi Utara',285,'Minahasa','Kabupaten','Kawangkoan Barat'),
(4011,31,'Sulawesi Utara',285,'Minahasa','Kabupaten','Kawangkoan Utara'),
(4012,31,'Sulawesi Utara',285,'Minahasa','Kabupaten','Kombi'),
(4013,31,'Sulawesi Utara',285,'Minahasa','Kabupaten','Langowan Barat'),
(4014,31,'Sulawesi Utara',285,'Minahasa','Kabupaten','Langowan Selatan'),
(4015,31,'Sulawesi Utara',285,'Minahasa','Kabupaten','Langowan Timur'),
(4016,31,'Sulawesi Utara',285,'Minahasa','Kabupaten','Langowan Utara'),
(4017,31,'Sulawesi Utara',285,'Minahasa','Kabupaten','Lembean Timur'),
(4018,31,'Sulawesi Utara',285,'Minahasa','Kabupaten','Mandolang'),
(4019,31,'Sulawesi Utara',285,'Minahasa','Kabupaten','Pineleng'),
(4020,31,'Sulawesi Utara',285,'Minahasa','Kabupaten','Remboken'),
(4021,31,'Sulawesi Utara',285,'Minahasa','Kabupaten','Sonder'),
(4022,31,'Sulawesi Utara',285,'Minahasa','Kabupaten','Tombariri'),
(4023,31,'Sulawesi Utara',285,'Minahasa','Kabupaten','Tombariri Timur'),
(4024,31,'Sulawesi Utara',285,'Minahasa','Kabupaten','Tombulu'),
(4025,31,'Sulawesi Utara',285,'Minahasa','Kabupaten','Tompaso'),
(4026,31,'Sulawesi Utara',285,'Minahasa','Kabupaten','Tompaso Barat'),
(4027,31,'Sulawesi Utara',285,'Minahasa','Kabupaten','Tondano Barat'),
(4028,31,'Sulawesi Utara',285,'Minahasa','Kabupaten','Tondano Selatan'),
(4029,31,'Sulawesi Utara',285,'Minahasa','Kabupaten','Tondano Timur'),
(4030,31,'Sulawesi Utara',285,'Minahasa','Kabupaten','Tondano Utara'),
(4031,31,'Sulawesi Utara',286,'Minahasa Selatan','Kabupaten','Amurang'),
(4032,31,'Sulawesi Utara',286,'Minahasa Selatan','Kabupaten','Amurang Barat'),
(4033,31,'Sulawesi Utara',286,'Minahasa Selatan','Kabupaten','Amurang Timur'),
(4034,31,'Sulawesi Utara',286,'Minahasa Selatan','Kabupaten','Kumelembuai'),
(4035,31,'Sulawesi Utara',286,'Minahasa Selatan','Kabupaten','Maesaan'),
(4036,31,'Sulawesi Utara',286,'Minahasa Selatan','Kabupaten','Modoinding'),
(4037,31,'Sulawesi Utara',286,'Minahasa Selatan','Kabupaten','Motoling'),
(4038,31,'Sulawesi Utara',286,'Minahasa Selatan','Kabupaten','Motoling Barat'),
(4039,31,'Sulawesi Utara',286,'Minahasa Selatan','Kabupaten','Motoling Timur'),
(4040,31,'Sulawesi Utara',286,'Minahasa Selatan','Kabupaten','Ranoyapo'),
(4041,31,'Sulawesi Utara',286,'Minahasa Selatan','Kabupaten','Sinonsayang'),
(4042,31,'Sulawesi Utara',286,'Minahasa Selatan','Kabupaten','Suluun Tareran'),
(4043,31,'Sulawesi Utara',286,'Minahasa Selatan','Kabupaten','Tareran'),
(4044,31,'Sulawesi Utara',286,'Minahasa Selatan','Kabupaten','Tatapaan'),
(4045,31,'Sulawesi Utara',286,'Minahasa Selatan','Kabupaten','Tenga'),
(4046,31,'Sulawesi Utara',286,'Minahasa Selatan','Kabupaten','Tompaso Baru'),
(4047,31,'Sulawesi Utara',286,'Minahasa Selatan','Kabupaten','Tumpaan'),
(4048,31,'Sulawesi Utara',287,'Minahasa Tenggara','Kabupaten','Belang'),
(4049,31,'Sulawesi Utara',287,'Minahasa Tenggara','Kabupaten','Pasan'),
(4050,31,'Sulawesi Utara',287,'Minahasa Tenggara','Kabupaten','Pusomaen'),
(4051,31,'Sulawesi Utara',287,'Minahasa Tenggara','Kabupaten','Ratahan'),
(4052,31,'Sulawesi Utara',287,'Minahasa Tenggara','Kabupaten','Ratahan Timur'),
(4053,31,'Sulawesi Utara',287,'Minahasa Tenggara','Kabupaten','Ratatotok'),
(4054,31,'Sulawesi Utara',287,'Minahasa Tenggara','Kabupaten','Silian Raya'),
(4055,31,'Sulawesi Utara',287,'Minahasa Tenggara','Kabupaten','Tombatu'),
(4056,31,'Sulawesi Utara',287,'Minahasa Tenggara','Kabupaten','Tombatu Timur'),
(4057,31,'Sulawesi Utara',287,'Minahasa Tenggara','Kabupaten','Tombatu Utara'),
(4058,31,'Sulawesi Utara',287,'Minahasa Tenggara','Kabupaten','Touluaan'),
(4059,31,'Sulawesi Utara',287,'Minahasa Tenggara','Kabupaten','Touluaan Selatan'),
(4060,31,'Sulawesi Utara',288,'Minahasa Utara','Kabupaten','Airmadidi'),
(4061,31,'Sulawesi Utara',288,'Minahasa Utara','Kabupaten','Dimembe'),
(4062,31,'Sulawesi Utara',288,'Minahasa Utara','Kabupaten','Kalawat'),
(4063,31,'Sulawesi Utara',288,'Minahasa Utara','Kabupaten','Kauditan'),
(4064,31,'Sulawesi Utara',288,'Minahasa Utara','Kabupaten','Kema'),
(4065,31,'Sulawesi Utara',288,'Minahasa Utara','Kabupaten','Likupang Barat'),
(4066,31,'Sulawesi Utara',288,'Minahasa Utara','Kabupaten','Likupang Selatan'),
(4067,31,'Sulawesi Utara',288,'Minahasa Utara','Kabupaten','Likupang Timur'),
(4068,31,'Sulawesi Utara',288,'Minahasa Utara','Kabupaten','Talawaan'),
(4069,31,'Sulawesi Utara',288,'Minahasa Utara','Kabupaten','Wori'),
(4070,11,'Jawa Timur',289,'Mojokerto','Kabupaten','Bangsal'),
(4071,11,'Jawa Timur',289,'Mojokerto','Kabupaten','Dawar Blandong'),
(4072,11,'Jawa Timur',289,'Mojokerto','Kabupaten','Dlanggu'),
(4073,11,'Jawa Timur',289,'Mojokerto','Kabupaten','Gedeg'),
(4074,11,'Jawa Timur',289,'Mojokerto','Kabupaten','Gondang'),
(4075,11,'Jawa Timur',289,'Mojokerto','Kabupaten','Jatirejo'),
(4076,11,'Jawa Timur',289,'Mojokerto','Kabupaten','Jetis'),
(4077,11,'Jawa Timur',289,'Mojokerto','Kabupaten','Kemlagi'),
(4078,11,'Jawa Timur',289,'Mojokerto','Kabupaten','Kutorejo'),
(4079,11,'Jawa Timur',289,'Mojokerto','Kabupaten','Mojoanyar'),
(4080,11,'Jawa Timur',289,'Mojokerto','Kabupaten','Mojosari'),
(4081,11,'Jawa Timur',289,'Mojokerto','Kabupaten','Ngoro'),
(4082,11,'Jawa Timur',289,'Mojokerto','Kabupaten','Pacet'),
(4083,11,'Jawa Timur',289,'Mojokerto','Kabupaten','Pungging'),
(4084,11,'Jawa Timur',289,'Mojokerto','Kabupaten','Puri'),
(4085,11,'Jawa Timur',289,'Mojokerto','Kabupaten','Sooko'),
(4086,11,'Jawa Timur',289,'Mojokerto','Kabupaten','Trawas'),
(4087,11,'Jawa Timur',289,'Mojokerto','Kabupaten','Trowulan'),
(4088,11,'Jawa Timur',290,'Mojokerto','Kota','Magersari'),
(4089,11,'Jawa Timur',290,'Mojokerto','Kota','Prajurit Kulon'),
(4090,29,'Sulawesi Tengah',291,'Morowali','Kabupaten','Bahodopi'),
(4091,29,'Sulawesi Tengah',291,'Morowali','Kabupaten','Bumi Raya'),
(4092,29,'Sulawesi Tengah',291,'Morowali','Kabupaten','Bungku Barat'),
(4093,29,'Sulawesi Tengah',291,'Morowali','Kabupaten','Bungku Pesisir'),
(4094,29,'Sulawesi Tengah',291,'Morowali','Kabupaten','Bungku Selatan'),
(4095,29,'Sulawesi Tengah',291,'Morowali','Kabupaten','Bungku Tengah'),
(4096,29,'Sulawesi Tengah',291,'Morowali','Kabupaten','Bungku Timur'),
(4097,29,'Sulawesi Tengah',291,'Morowali','Kabupaten','Bungku Utara'),
(4098,29,'Sulawesi Tengah',291,'Morowali','Kabupaten','Lembo'),
(4099,29,'Sulawesi Tengah',291,'Morowali','Kabupaten','Lembo Raya'),
(4100,29,'Sulawesi Tengah',291,'Morowali','Kabupaten','Mamosalato'),
(4101,29,'Sulawesi Tengah',291,'Morowali','Kabupaten','Menui Kepulauan'),
(4102,29,'Sulawesi Tengah',291,'Morowali','Kabupaten','Mori Atas'),
(4103,29,'Sulawesi Tengah',291,'Morowali','Kabupaten','Mori Utara'),
(4104,29,'Sulawesi Tengah',291,'Morowali','Kabupaten','Petasia'),
(4105,29,'Sulawesi Tengah',291,'Morowali','Kabupaten','Petasia Barat'),
(4106,29,'Sulawesi Tengah',291,'Morowali','Kabupaten','Petasia Timur'),
(4107,29,'Sulawesi Tengah',291,'Morowali','Kabupaten','Soyo Jaya'),
(4108,29,'Sulawesi Tengah',291,'Morowali','Kabupaten','Wita Ponda'),
(4109,33,'Sumatera Selatan',292,'Muara Enim','Kabupaten','Abab'),
(4110,33,'Sumatera Selatan',292,'Muara Enim','Kabupaten','Benakat'),
(4111,33,'Sumatera Selatan',292,'Muara Enim','Kabupaten','Gelumbang'),
(4112,33,'Sumatera Selatan',292,'Muara Enim','Kabupaten','Gunung Megang'),
(4113,33,'Sumatera Selatan',292,'Muara Enim','Kabupaten','Kelekar'),
(4114,33,'Sumatera Selatan',292,'Muara Enim','Kabupaten','Lawang Kidul'),
(4115,33,'Sumatera Selatan',292,'Muara Enim','Kabupaten','Lembak'),
(4116,33,'Sumatera Selatan',292,'Muara Enim','Kabupaten','Lubai'),
(4117,33,'Sumatera Selatan',292,'Muara Enim','Kabupaten','Muara Belida'),
(4118,33,'Sumatera Selatan',292,'Muara Enim','Kabupaten','Muara Enim'),
(4119,33,'Sumatera Selatan',292,'Muara Enim','Kabupaten','Penukal (Penukal Abab)'),
(4120,33,'Sumatera Selatan',292,'Muara Enim','Kabupaten','Penukal Utara'),
(4121,33,'Sumatera Selatan',292,'Muara Enim','Kabupaten','Rambang'),
(4122,33,'Sumatera Selatan',292,'Muara Enim','Kabupaten','Rambang Dangku'),
(4123,33,'Sumatera Selatan',292,'Muara Enim','Kabupaten','Semendo Darat Laut'),
(4124,33,'Sumatera Selatan',292,'Muara Enim','Kabupaten','Semendo Darat Tengah'),
(4125,33,'Sumatera Selatan',292,'Muara Enim','Kabupaten','Semendo Darat Ulu'),
(4126,33,'Sumatera Selatan',292,'Muara Enim','Kabupaten','Sungai Rotan'),
(4127,33,'Sumatera Selatan',292,'Muara Enim','Kabupaten','Talang Ubi'),
(4128,33,'Sumatera Selatan',292,'Muara Enim','Kabupaten','Tanah Abang'),
(4129,33,'Sumatera Selatan',292,'Muara Enim','Kabupaten','Tanjung Agung'),
(4130,33,'Sumatera Selatan',292,'Muara Enim','Kabupaten','Ujan Mas'),
(4131,8,'Jambi',293,'Muaro Jambi','Kabupaten','Bahar Selatan'),
(4132,8,'Jambi',293,'Muaro Jambi','Kabupaten','Bahar Utara'),
(4133,8,'Jambi',293,'Muaro Jambi','Kabupaten','Jambi Luar Kota'),
(4134,8,'Jambi',293,'Muaro Jambi','Kabupaten','Kumpeh'),
(4135,8,'Jambi',293,'Muaro Jambi','Kabupaten','Kumpeh Ulu'),
(4136,8,'Jambi',293,'Muaro Jambi','Kabupaten','Maro Sebo'),
(4137,8,'Jambi',293,'Muaro Jambi','Kabupaten','Mestong'),
(4138,8,'Jambi',293,'Muaro Jambi','Kabupaten','Sekernan'),
(4139,8,'Jambi',293,'Muaro Jambi','Kabupaten','Sungai Bahar'),
(4140,8,'Jambi',293,'Muaro Jambi','Kabupaten','Sungai Gelam'),
(4141,8,'Jambi',293,'Muaro Jambi','Kabupaten','Taman Rajo / Rejo'),
(4142,4,'Bengkulu',294,'Muko Muko','Kabupaten','Air Dikit'),
(4143,4,'Bengkulu',294,'Muko Muko','Kabupaten','Air Majunto'),
(4144,4,'Bengkulu',294,'Muko Muko','Kabupaten','Air Rami'),
(4145,4,'Bengkulu',294,'Muko Muko','Kabupaten','Ipuh (Muko-Muko Selatan)'),
(4146,4,'Bengkulu',294,'Muko Muko','Kabupaten','Kota Mukomuko (Mukomuko Utara)'),
(4147,4,'Bengkulu',294,'Muko Muko','Kabupaten','Lubuk Pinang'),
(4148,4,'Bengkulu',294,'Muko Muko','Kabupaten','Malin Deman'),
(4149,4,'Bengkulu',294,'Muko Muko','Kabupaten','Penarik'),
(4150,4,'Bengkulu',294,'Muko Muko','Kabupaten','Pondok Suguh'),
(4151,4,'Bengkulu',294,'Muko Muko','Kabupaten','Selagan Raya'),
(4152,4,'Bengkulu',294,'Muko Muko','Kabupaten','Sungai Rumbai'),
(4153,4,'Bengkulu',294,'Muko Muko','Kabupaten','Teramang Jaya'),
(4154,4,'Bengkulu',294,'Muko Muko','Kabupaten','Teras Terunjam'),
(4155,4,'Bengkulu',294,'Muko Muko','Kabupaten','V Koto'),
(4156,4,'Bengkulu',294,'Muko Muko','Kabupaten','XIV Koto'),
(4157,30,'Sulawesi Tenggara',295,'Muna','Kabupaten','Barangka'),
(4158,30,'Sulawesi Tenggara',295,'Muna','Kabupaten','Batalaiwaru (Batalaiworu)'),
(4159,30,'Sulawesi Tenggara',295,'Muna','Kabupaten','Batukara'),
(4160,30,'Sulawesi Tenggara',295,'Muna','Kabupaten','Bone (Bone Tondo)'),
(4161,30,'Sulawesi Tenggara',295,'Muna','Kabupaten','Duruka'),
(4162,30,'Sulawesi Tenggara',295,'Muna','Kabupaten','Kabangka'),
(4163,30,'Sulawesi Tenggara',295,'Muna','Kabupaten','Kabawo'),
(4164,30,'Sulawesi Tenggara',295,'Muna','Kabupaten','Katobu'),
(4165,30,'Sulawesi Tenggara',295,'Muna','Kabupaten','Kontu Kowuna'),
(4166,30,'Sulawesi Tenggara',295,'Muna','Kabupaten','Kontunaga'),
(4167,30,'Sulawesi Tenggara',295,'Muna','Kabupaten','Kusambi'),
(4168,30,'Sulawesi Tenggara',295,'Muna','Kabupaten','Lasalepa'),
(4169,30,'Sulawesi Tenggara',295,'Muna','Kabupaten','Lawa'),
(4170,30,'Sulawesi Tenggara',295,'Muna','Kabupaten','Lohia'),
(4171,30,'Sulawesi Tenggara',295,'Muna','Kabupaten','Maginti'),
(4172,30,'Sulawesi Tenggara',295,'Muna','Kabupaten','Maligano'),
(4173,30,'Sulawesi Tenggara',295,'Muna','Kabupaten','Marobo'),
(4174,30,'Sulawesi Tenggara',295,'Muna','Kabupaten','Napabalano'),
(4175,30,'Sulawesi Tenggara',295,'Muna','Kabupaten','Napano Kusambi'),
(4176,30,'Sulawesi Tenggara',295,'Muna','Kabupaten','Parigi'),
(4177,30,'Sulawesi Tenggara',295,'Muna','Kabupaten','Pasi Kolaga'),
(4178,30,'Sulawesi Tenggara',295,'Muna','Kabupaten','Pasir Putih'),
(4179,30,'Sulawesi Tenggara',295,'Muna','Kabupaten','Sawerigadi (Sawerigading/Sewergadi)'),
(4180,30,'Sulawesi Tenggara',295,'Muna','Kabupaten','Tiworo Kepulauan'),
(4181,30,'Sulawesi Tenggara',295,'Muna','Kabupaten','Tiworo Selatan'),
(4182,30,'Sulawesi Tenggara',295,'Muna','Kabupaten','Tiworo Tengah'),
(4183,30,'Sulawesi Tenggara',295,'Muna','Kabupaten','Tiworo Utara'),
(4184,30,'Sulawesi Tenggara',295,'Muna','Kabupaten','Tongkuno'),
(4185,30,'Sulawesi Tenggara',295,'Muna','Kabupaten','Tongkuno Selatan'),
(4186,30,'Sulawesi Tenggara',295,'Muna','Kabupaten','Towea'),
(4187,30,'Sulawesi Tenggara',295,'Muna','Kabupaten','Wa Daga'),
(4188,30,'Sulawesi Tenggara',295,'Muna','Kabupaten','Wakorumba Selatan'),
(4189,30,'Sulawesi Tenggara',295,'Muna','Kabupaten','Watopute'),
(4190,14,'Kalimantan Tengah',296,'Murung Raya','Kabupaten','Barito Tuhup Raya'),
(4191,14,'Kalimantan Tengah',296,'Murung Raya','Kabupaten','Laung Tuhup'),
(4192,14,'Kalimantan Tengah',296,'Murung Raya','Kabupaten','Murung'),
(4193,14,'Kalimantan Tengah',296,'Murung Raya','Kabupaten','Permata Intan'),
(4194,14,'Kalimantan Tengah',296,'Murung Raya','Kabupaten','Seribu Riam'),
(4195,14,'Kalimantan Tengah',296,'Murung Raya','Kabupaten','Sumber Barito'),
(4196,14,'Kalimantan Tengah',296,'Murung Raya','Kabupaten','Sungai Babuat'),
(4197,14,'Kalimantan Tengah',296,'Murung Raya','Kabupaten','Tanah Siang'),
(4198,14,'Kalimantan Tengah',296,'Murung Raya','Kabupaten','Tanah Siang Selatan'),
(4199,14,'Kalimantan Tengah',296,'Murung Raya','Kabupaten','Uut Murung'),
(4200,33,'Sumatera Selatan',297,'Musi Banyuasin','Kabupaten','Babat Supat'),
(4201,33,'Sumatera Selatan',297,'Musi Banyuasin','Kabupaten','Babat Toman'),
(4202,33,'Sumatera Selatan',297,'Musi Banyuasin','Kabupaten','Batanghari Leko'),
(4203,33,'Sumatera Selatan',297,'Musi Banyuasin','Kabupaten','Bayung Lencir'),
(4204,33,'Sumatera Selatan',297,'Musi Banyuasin','Kabupaten','Keluang'),
(4205,33,'Sumatera Selatan',297,'Musi Banyuasin','Kabupaten','Lais'),
(4206,33,'Sumatera Selatan',297,'Musi Banyuasin','Kabupaten','Lalan (Sungai Lalan)'),
(4207,33,'Sumatera Selatan',297,'Musi Banyuasin','Kabupaten','Lawang Wetan'),
(4208,33,'Sumatera Selatan',297,'Musi Banyuasin','Kabupaten','Plakat Tinggi (Pelakat Tinggi)'),
(4209,33,'Sumatera Selatan',297,'Musi Banyuasin','Kabupaten','Sanga Desa'),
(4210,33,'Sumatera Selatan',297,'Musi Banyuasin','Kabupaten','Sekayu'),
(4211,33,'Sumatera Selatan',297,'Musi Banyuasin','Kabupaten','Sungai Keruh'),
(4212,33,'Sumatera Selatan',297,'Musi Banyuasin','Kabupaten','Sungai Lilin'),
(4213,33,'Sumatera Selatan',297,'Musi Banyuasin','Kabupaten','Tungkal Jaya'),
(4214,33,'Sumatera Selatan',298,'Musi Rawas','Kabupaten','Batukuning Lakitan Ulu (BTS)/Cecar'),
(4215,33,'Sumatera Selatan',298,'Musi Rawas','Kabupaten','Jaya Loka'),
(4216,33,'Sumatera Selatan',298,'Musi Rawas','Kabupaten','Karang Dapo'),
(4217,33,'Sumatera Selatan',298,'Musi Rawas','Kabupaten','Karang Jaya'),
(4218,33,'Sumatera Selatan',298,'Musi Rawas','Kabupaten','Megang Sakti'),
(4219,33,'Sumatera Selatan',298,'Musi Rawas','Kabupaten','Muara Beliti'),
(4220,33,'Sumatera Selatan',298,'Musi Rawas','Kabupaten','Muara Kelingi'),
(4221,33,'Sumatera Selatan',298,'Musi Rawas','Kabupaten','Muara Lakitan'),
(4222,33,'Sumatera Selatan',298,'Musi Rawas','Kabupaten','Nibung'),
(4223,33,'Sumatera Selatan',298,'Musi Rawas','Kabupaten','Purwodadi'),
(4224,33,'Sumatera Selatan',298,'Musi Rawas','Kabupaten','Rawas Ilir'),
(4225,33,'Sumatera Selatan',298,'Musi Rawas','Kabupaten','Rawas Ulu'),
(4226,33,'Sumatera Selatan',298,'Musi Rawas','Kabupaten','Rupit'),
(4227,33,'Sumatera Selatan',298,'Musi Rawas','Kabupaten','Selangit'),
(4228,33,'Sumatera Selatan',298,'Musi Rawas','Kabupaten','STL Ulu Terawas'),
(4229,33,'Sumatera Selatan',298,'Musi Rawas','Kabupaten','Sukakarya'),
(4230,33,'Sumatera Selatan',298,'Musi Rawas','Kabupaten','Sumber Harta'),
(4231,33,'Sumatera Selatan',298,'Musi Rawas','Kabupaten','Tiang Pumpung Kepungut'),
(4232,33,'Sumatera Selatan',298,'Musi Rawas','Kabupaten','Tuah Negeri'),
(4233,33,'Sumatera Selatan',298,'Musi Rawas','Kabupaten','Tugumulyo'),
(4234,33,'Sumatera Selatan',298,'Musi Rawas','Kabupaten','Ulu Rawas'),
(4235,24,'Papua',299,'Nabire','Kabupaten','Dipa'),
(4236,24,'Papua',299,'Nabire','Kabupaten','Makimi'),
(4237,24,'Papua',299,'Nabire','Kabupaten','Menou'),
(4238,24,'Papua',299,'Nabire','Kabupaten','Moora'),
(4239,24,'Papua',299,'Nabire','Kabupaten','Nabire'),
(4240,24,'Papua',299,'Nabire','Kabupaten','Nabire Barat'),
(4241,24,'Papua',299,'Nabire','Kabupaten','Napan'),
(4242,24,'Papua',299,'Nabire','Kabupaten','Siriwo'),
(4243,24,'Papua',299,'Nabire','Kabupaten','Teluk Kimi'),
(4244,24,'Papua',299,'Nabire','Kabupaten','Teluk Umar'),
(4245,24,'Papua',299,'Nabire','Kabupaten','Uwapa'),
(4246,24,'Papua',299,'Nabire','Kabupaten','Wanggar'),
(4247,24,'Papua',299,'Nabire','Kabupaten','Wapoga'),
(4248,24,'Papua',299,'Nabire','Kabupaten','Yaro (Yaro Kabisay)'),
(4249,24,'Papua',299,'Nabire','Kabupaten','Yaur'),
(4250,21,'Nanggroe Aceh Darussalam (NAD)',300,'Nagan Raya','Kabupaten','Beutong'),
(4251,21,'Nanggroe Aceh Darussalam (NAD)',300,'Nagan Raya','Kabupaten','Beutong Ateuh Banggalang'),
(4252,21,'Nanggroe Aceh Darussalam (NAD)',300,'Nagan Raya','Kabupaten','Darul Makmur'),
(4253,21,'Nanggroe Aceh Darussalam (NAD)',300,'Nagan Raya','Kabupaten','Kuala'),
(4254,21,'Nanggroe Aceh Darussalam (NAD)',300,'Nagan Raya','Kabupaten','Kuala Pesisir'),
(4255,21,'Nanggroe Aceh Darussalam (NAD)',300,'Nagan Raya','Kabupaten','Seunagan'),
(4256,21,'Nanggroe Aceh Darussalam (NAD)',300,'Nagan Raya','Kabupaten','Seunagan Timur'),
(4257,21,'Nanggroe Aceh Darussalam (NAD)',300,'Nagan Raya','Kabupaten','Suka Makmue'),
(4258,21,'Nanggroe Aceh Darussalam (NAD)',300,'Nagan Raya','Kabupaten','Tadu Raya'),
(4259,21,'Nanggroe Aceh Darussalam (NAD)',300,'Nagan Raya','Kabupaten','Tripa Makmur'),
(4260,23,'Nusa Tenggara Timur (NTT)',301,'Nagekeo','Kabupaten','Aesesa'),
(4261,23,'Nusa Tenggara Timur (NTT)',301,'Nagekeo','Kabupaten','Aesesa Selatan'),
(4262,23,'Nusa Tenggara Timur (NTT)',301,'Nagekeo','Kabupaten','Boawae'),
(4263,23,'Nusa Tenggara Timur (NTT)',301,'Nagekeo','Kabupaten','Keo Tengah'),
(4264,23,'Nusa Tenggara Timur (NTT)',301,'Nagekeo','Kabupaten','Mauponggo'),
(4265,23,'Nusa Tenggara Timur (NTT)',301,'Nagekeo','Kabupaten','Nangaroro'),
(4266,23,'Nusa Tenggara Timur (NTT)',301,'Nagekeo','Kabupaten','Wolowae'),
(4267,17,'Kepulauan Riau',302,'Natuna','Kabupaten','Bunguran Barat'),
(4268,17,'Kepulauan Riau',302,'Natuna','Kabupaten','Bunguran Selatan'),
(4269,17,'Kepulauan Riau',302,'Natuna','Kabupaten','Bunguran Tengah'),
(4270,17,'Kepulauan Riau',302,'Natuna','Kabupaten','Bunguran Timur'),
(4271,17,'Kepulauan Riau',302,'Natuna','Kabupaten','Bunguran Timur Laut'),
(4272,17,'Kepulauan Riau',302,'Natuna','Kabupaten','Bunguran Utara'),
(4273,17,'Kepulauan Riau',302,'Natuna','Kabupaten','Midai'),
(4274,17,'Kepulauan Riau',302,'Natuna','Kabupaten','Pulau Laut'),
(4275,17,'Kepulauan Riau',302,'Natuna','Kabupaten','Pulau Tiga'),
(4276,17,'Kepulauan Riau',302,'Natuna','Kabupaten','Serasan'),
(4277,17,'Kepulauan Riau',302,'Natuna','Kabupaten','Serasan Timur'),
(4278,17,'Kepulauan Riau',302,'Natuna','Kabupaten','Subi'),
(4279,24,'Papua',303,'Nduga','Kabupaten','Alama'),
(4280,24,'Papua',303,'Nduga','Kabupaten','Dal'),
(4281,24,'Papua',303,'Nduga','Kabupaten','Embetpen'),
(4282,24,'Papua',303,'Nduga','Kabupaten','Gearek'),
(4283,24,'Papua',303,'Nduga','Kabupaten','Geselma (Geselema)'),
(4284,24,'Papua',303,'Nduga','Kabupaten','Inikgal'),
(4285,24,'Papua',303,'Nduga','Kabupaten','Iniye'),
(4286,24,'Papua',303,'Nduga','Kabupaten','Kegayem'),
(4287,24,'Papua',303,'Nduga','Kabupaten','Kenyam'),
(4288,24,'Papua',303,'Nduga','Kabupaten','Kilmid'),
(4289,24,'Papua',303,'Nduga','Kabupaten','Kora'),
(4290,24,'Papua',303,'Nduga','Kabupaten','Koroptak'),
(4291,24,'Papua',303,'Nduga','Kabupaten','Krepkuri'),
(4292,24,'Papua',303,'Nduga','Kabupaten','Mam'),
(4293,24,'Papua',303,'Nduga','Kabupaten','Mapenduma'),
(4294,24,'Papua',303,'Nduga','Kabupaten','Mbua (Mbuga)'),
(4295,24,'Papua',303,'Nduga','Kabupaten','Mbua Tengah'),
(4296,24,'Papua',303,'Nduga','Kabupaten','Mbulmu Yalma'),
(4297,24,'Papua',303,'Nduga','Kabupaten','Mebarok'),
(4298,24,'Papua',303,'Nduga','Kabupaten','Moba'),
(4299,24,'Papua',303,'Nduga','Kabupaten','Mugi'),
(4300,24,'Papua',303,'Nduga','Kabupaten','Nenggeagin'),
(4301,24,'Papua',303,'Nduga','Kabupaten','Nirkuri'),
(4302,24,'Papua',303,'Nduga','Kabupaten','Paro'),
(4303,24,'Papua',303,'Nduga','Kabupaten','Pasir Putih'),
(4304,24,'Papua',303,'Nduga','Kabupaten','Pija'),
(4305,24,'Papua',303,'Nduga','Kabupaten','Wosak'),
(4306,24,'Papua',303,'Nduga','Kabupaten','Wusi'),
(4307,24,'Papua',303,'Nduga','Kabupaten','Wutpaga'),
(4308,24,'Papua',303,'Nduga','Kabupaten','Yal'),
(4309,24,'Papua',303,'Nduga','Kabupaten','Yenggelo'),
(4310,24,'Papua',303,'Nduga','Kabupaten','Yigi'),
(4311,23,'Nusa Tenggara Timur (NTT)',304,'Ngada','Kabupaten','Aimere'),
(4312,23,'Nusa Tenggara Timur (NTT)',304,'Ngada','Kabupaten','Bajawa'),
(4313,23,'Nusa Tenggara Timur (NTT)',304,'Ngada','Kabupaten','Bajawa Utara'),
(4314,23,'Nusa Tenggara Timur (NTT)',304,'Ngada','Kabupaten','Golewa'),
(4315,23,'Nusa Tenggara Timur (NTT)',304,'Ngada','Kabupaten','Golewa Barat'),
(4316,23,'Nusa Tenggara Timur (NTT)',304,'Ngada','Kabupaten','Golewa Selatan'),
(4317,23,'Nusa Tenggara Timur (NTT)',304,'Ngada','Kabupaten','Inerie'),
(4318,23,'Nusa Tenggara Timur (NTT)',304,'Ngada','Kabupaten','Jerebuu'),
(4319,23,'Nusa Tenggara Timur (NTT)',304,'Ngada','Kabupaten','Riung'),
(4320,23,'Nusa Tenggara Timur (NTT)',304,'Ngada','Kabupaten','Riung Barat'),
(4321,23,'Nusa Tenggara Timur (NTT)',304,'Ngada','Kabupaten','Soa'),
(4322,23,'Nusa Tenggara Timur (NTT)',304,'Ngada','Kabupaten','Wolomeze (Riung Selatan)'),
(4323,11,'Jawa Timur',305,'Nganjuk','Kabupaten','Bagor'),
(4324,11,'Jawa Timur',305,'Nganjuk','Kabupaten','Baron'),
(4325,11,'Jawa Timur',305,'Nganjuk','Kabupaten','Berbek'),
(4326,11,'Jawa Timur',305,'Nganjuk','Kabupaten','Gondang'),
(4327,11,'Jawa Timur',305,'Nganjuk','Kabupaten','Jatikalen'),
(4328,11,'Jawa Timur',305,'Nganjuk','Kabupaten','Kertosono'),
(4329,11,'Jawa Timur',305,'Nganjuk','Kabupaten','Lengkong'),
(4330,11,'Jawa Timur',305,'Nganjuk','Kabupaten','Loceret'),
(4331,11,'Jawa Timur',305,'Nganjuk','Kabupaten','Nganjuk'),
(4332,11,'Jawa Timur',305,'Nganjuk','Kabupaten','Ngetos'),
(4333,11,'Jawa Timur',305,'Nganjuk','Kabupaten','Ngluyu'),
(4334,11,'Jawa Timur',305,'Nganjuk','Kabupaten','Ngronggot'),
(4335,11,'Jawa Timur',305,'Nganjuk','Kabupaten','Pace'),
(4336,11,'Jawa Timur',305,'Nganjuk','Kabupaten','Patianrowo'),
(4337,11,'Jawa Timur',305,'Nganjuk','Kabupaten','Prambon'),
(4338,11,'Jawa Timur',305,'Nganjuk','Kabupaten','Rejoso'),
(4339,11,'Jawa Timur',305,'Nganjuk','Kabupaten','Sawahan'),
(4340,11,'Jawa Timur',305,'Nganjuk','Kabupaten','Sukomoro'),
(4341,11,'Jawa Timur',305,'Nganjuk','Kabupaten','Tanjunganom'),
(4342,11,'Jawa Timur',305,'Nganjuk','Kabupaten','Wilangan'),
(4343,11,'Jawa Timur',306,'Ngawi','Kabupaten','Bringin'),
(4344,11,'Jawa Timur',306,'Ngawi','Kabupaten','Geneng'),
(4345,11,'Jawa Timur',306,'Ngawi','Kabupaten','Gerih'),
(4346,11,'Jawa Timur',306,'Ngawi','Kabupaten','Jogorogo'),
(4347,11,'Jawa Timur',306,'Ngawi','Kabupaten','Karanganyar'),
(4348,11,'Jawa Timur',306,'Ngawi','Kabupaten','Karangjati'),
(4349,11,'Jawa Timur',306,'Ngawi','Kabupaten','Kasreman'),
(4350,11,'Jawa Timur',306,'Ngawi','Kabupaten','Kedunggalar'),
(4351,11,'Jawa Timur',306,'Ngawi','Kabupaten','Kendal'),
(4352,11,'Jawa Timur',306,'Ngawi','Kabupaten','Kwadungan'),
(4353,11,'Jawa Timur',306,'Ngawi','Kabupaten','Mantingan'),
(4354,11,'Jawa Timur',306,'Ngawi','Kabupaten','Ngawi'),
(4355,11,'Jawa Timur',306,'Ngawi','Kabupaten','Ngrambe'),
(4356,11,'Jawa Timur',306,'Ngawi','Kabupaten','Padas'),
(4357,11,'Jawa Timur',306,'Ngawi','Kabupaten','Pangkur'),
(4358,11,'Jawa Timur',306,'Ngawi','Kabupaten','Paron'),
(4359,11,'Jawa Timur',306,'Ngawi','Kabupaten','Pitu'),
(4360,11,'Jawa Timur',306,'Ngawi','Kabupaten','Sine'),
(4361,11,'Jawa Timur',306,'Ngawi','Kabupaten','Widodaren'),
(4362,34,'Sumatera Utara',307,'Nias','Kabupaten','Bawolato'),
(4363,34,'Sumatera Utara',307,'Nias','Kabupaten','Botomuzoi'),
(4364,34,'Sumatera Utara',307,'Nias','Kabupaten','Gido'),
(4365,34,'Sumatera Utara',307,'Nias','Kabupaten','Hili Serangkai (Hilisaranggu)'),
(4366,34,'Sumatera Utara',307,'Nias','Kabupaten','Hiliduho'),
(4367,34,'Sumatera Utara',307,'Nias','Kabupaten','Idano Gawo'),
(4368,34,'Sumatera Utara',307,'Nias','Kabupaten','Ma\'u'),
(4369,34,'Sumatera Utara',307,'Nias','Kabupaten','Sogae Adu (Sogaeadu)'),
(4370,34,'Sumatera Utara',307,'Nias','Kabupaten','Somolo-Molo (Samolo)'),
(4371,34,'Sumatera Utara',307,'Nias','Kabupaten','Ulugawo'),
(4372,34,'Sumatera Utara',308,'Nias Barat','Kabupaten','Lahomi (Gahori)'),
(4373,34,'Sumatera Utara',308,'Nias Barat','Kabupaten','Lolofitu Moi'),
(4374,34,'Sumatera Utara',308,'Nias Barat','Kabupaten','Mandrehe'),
(4375,34,'Sumatera Utara',308,'Nias Barat','Kabupaten','Mandrehe Barat'),
(4376,34,'Sumatera Utara',308,'Nias Barat','Kabupaten','Mandrehe Utara'),
(4377,34,'Sumatera Utara',308,'Nias Barat','Kabupaten','Moro\'o'),
(4378,34,'Sumatera Utara',308,'Nias Barat','Kabupaten','Sirombu'),
(4379,34,'Sumatera Utara',308,'Nias Barat','Kabupaten','Ulu Moro\'o (Ulu Narwo)'),
(4380,34,'Sumatera Utara',309,'Nias Selatan','Kabupaten','Amandraya'),
(4381,34,'Sumatera Utara',309,'Nias Selatan','Kabupaten','Aramo'),
(4382,34,'Sumatera Utara',309,'Nias Selatan','Kabupaten','Boronadu'),
(4383,34,'Sumatera Utara',309,'Nias Selatan','Kabupaten','Fanayama'),
(4384,34,'Sumatera Utara',309,'Nias Selatan','Kabupaten','Gomo'),
(4385,34,'Sumatera Utara',309,'Nias Selatan','Kabupaten','Hibala'),
(4386,34,'Sumatera Utara',309,'Nias Selatan','Kabupaten','Hilimegai'),
(4387,34,'Sumatera Utara',309,'Nias Selatan','Kabupaten','Hilisalawa\'ahe (Hilisalawaahe)'),
(4388,34,'Sumatera Utara',309,'Nias Selatan','Kabupaten','Huruna'),
(4389,34,'Sumatera Utara',309,'Nias Selatan','Kabupaten','Lahusa'),
(4390,34,'Sumatera Utara',309,'Nias Selatan','Kabupaten','Lolomatua'),
(4391,34,'Sumatera Utara',309,'Nias Selatan','Kabupaten','Lolowau'),
(4392,34,'Sumatera Utara',309,'Nias Selatan','Kabupaten','Maniamolo'),
(4393,34,'Sumatera Utara',309,'Nias Selatan','Kabupaten','Mazino'),
(4394,34,'Sumatera Utara',309,'Nias Selatan','Kabupaten','Mazo'),
(4395,34,'Sumatera Utara',309,'Nias Selatan','Kabupaten','O\'o\'u (Oou)'),
(4396,34,'Sumatera Utara',309,'Nias Selatan','Kabupaten','Onohazumba'),
(4397,34,'Sumatera Utara',309,'Nias Selatan','Kabupaten','Pulau-Pulau Batu'),
(4398,34,'Sumatera Utara',309,'Nias Selatan','Kabupaten','Pulau-Pulau Batu Barat'),
(4399,34,'Sumatera Utara',309,'Nias Selatan','Kabupaten','Pulau-Pulau Batu Timur'),
(4400,34,'Sumatera Utara',309,'Nias Selatan','Kabupaten','Pulau-Pulau Batu Utara'),
(4401,34,'Sumatera Utara',309,'Nias Selatan','Kabupaten','Sidua\'ori'),
(4402,34,'Sumatera Utara',309,'Nias Selatan','Kabupaten','Simuk'),
(4403,34,'Sumatera Utara',309,'Nias Selatan','Kabupaten','Somambawa'),
(4404,34,'Sumatera Utara',309,'Nias Selatan','Kabupaten','Susua'),
(4405,34,'Sumatera Utara',309,'Nias Selatan','Kabupaten','Tanah Masa'),
(4406,34,'Sumatera Utara',309,'Nias Selatan','Kabupaten','Teluk Dalam'),
(4407,34,'Sumatera Utara',309,'Nias Selatan','Kabupaten','Toma'),
(4408,34,'Sumatera Utara',309,'Nias Selatan','Kabupaten','Ulunoyo'),
(4409,34,'Sumatera Utara',309,'Nias Selatan','Kabupaten','Ulususua'),
(4410,34,'Sumatera Utara',309,'Nias Selatan','Kabupaten','Umbunasi'),
(4411,34,'Sumatera Utara',310,'Nias Utara','Kabupaten','Afulu'),
(4412,34,'Sumatera Utara',310,'Nias Utara','Kabupaten','Alasa'),
(4413,34,'Sumatera Utara',310,'Nias Utara','Kabupaten','Alasa Talumuzoi'),
(4414,34,'Sumatera Utara',310,'Nias Utara','Kabupaten','Lahewa'),
(4415,34,'Sumatera Utara',310,'Nias Utara','Kabupaten','Lahewa Timur'),
(4416,34,'Sumatera Utara',310,'Nias Utara','Kabupaten','Lotu'),
(4417,34,'Sumatera Utara',310,'Nias Utara','Kabupaten','Namohalu Esiwa'),
(4418,34,'Sumatera Utara',310,'Nias Utara','Kabupaten','Sawo'),
(4419,34,'Sumatera Utara',310,'Nias Utara','Kabupaten','Sitolu Ori'),
(4420,34,'Sumatera Utara',310,'Nias Utara','Kabupaten','Tugala Oyo'),
(4421,34,'Sumatera Utara',310,'Nias Utara','Kabupaten','Tuhemberua'),
(4422,16,'Kalimantan Utara',311,'Nunukan','Kabupaten','Krayan'),
(4423,16,'Kalimantan Utara',311,'Nunukan','Kabupaten','Krayan Selatan'),
(4424,16,'Kalimantan Utara',311,'Nunukan','Kabupaten','Lumbis'),
(4425,16,'Kalimantan Utara',311,'Nunukan','Kabupaten','Lumbis Ogong'),
(4426,16,'Kalimantan Utara',311,'Nunukan','Kabupaten','Nunukan'),
(4427,16,'Kalimantan Utara',311,'Nunukan','Kabupaten','Nunukan Selatan'),
(4428,16,'Kalimantan Utara',311,'Nunukan','Kabupaten','Sebatik'),
(4429,16,'Kalimantan Utara',311,'Nunukan','Kabupaten','Sebatik Barat'),
(4430,16,'Kalimantan Utara',311,'Nunukan','Kabupaten','Sebatik Tengah'),
(4431,16,'Kalimantan Utara',311,'Nunukan','Kabupaten','Sebatik Timur'),
(4432,16,'Kalimantan Utara',311,'Nunukan','Kabupaten','Sebatik Utara'),
(4433,16,'Kalimantan Utara',311,'Nunukan','Kabupaten','Sebuku'),
(4434,16,'Kalimantan Utara',311,'Nunukan','Kabupaten','Sei Menggaris'),
(4435,16,'Kalimantan Utara',311,'Nunukan','Kabupaten','Sembakung'),
(4436,16,'Kalimantan Utara',311,'Nunukan','Kabupaten','Tulin Onsoi'),
(4437,33,'Sumatera Selatan',312,'Ogan Ilir','Kabupaten','Indralaya'),
(4438,33,'Sumatera Selatan',312,'Ogan Ilir','Kabupaten','Indralaya Selatan'),
(4439,33,'Sumatera Selatan',312,'Ogan Ilir','Kabupaten','Indralaya Utara'),
(4440,33,'Sumatera Selatan',312,'Ogan Ilir','Kabupaten','Kandis'),
(4441,33,'Sumatera Selatan',312,'Ogan Ilir','Kabupaten','Lubuk Keliat'),
(4442,33,'Sumatera Selatan',312,'Ogan Ilir','Kabupaten','Muara Kuang'),
(4443,33,'Sumatera Selatan',312,'Ogan Ilir','Kabupaten','Payaraman'),
(4444,33,'Sumatera Selatan',312,'Ogan Ilir','Kabupaten','Pemulutan'),
(4445,33,'Sumatera Selatan',312,'Ogan Ilir','Kabupaten','Pemulutan Barat'),
(4446,33,'Sumatera Selatan',312,'Ogan Ilir','Kabupaten','Pemulutan Selatan'),
(4447,33,'Sumatera Selatan',312,'Ogan Ilir','Kabupaten','Rambang Kuang'),
(4448,33,'Sumatera Selatan',312,'Ogan Ilir','Kabupaten','Rantau Alai'),
(4449,33,'Sumatera Selatan',312,'Ogan Ilir','Kabupaten','Rantau Panjang'),
(4450,33,'Sumatera Selatan',312,'Ogan Ilir','Kabupaten','Sungai Pinang'),
(4451,33,'Sumatera Selatan',312,'Ogan Ilir','Kabupaten','Tanjung Batu'),
(4452,33,'Sumatera Selatan',312,'Ogan Ilir','Kabupaten','Tanjung Raja'),
(4453,33,'Sumatera Selatan',313,'Ogan Komering Ilir','Kabupaten','Air Sugihan'),
(4454,33,'Sumatera Selatan',313,'Ogan Komering Ilir','Kabupaten','Cengal'),
(4455,33,'Sumatera Selatan',313,'Ogan Komering Ilir','Kabupaten','Jejawi'),
(4456,33,'Sumatera Selatan',313,'Ogan Komering Ilir','Kabupaten','Kayu Agung'),
(4457,33,'Sumatera Selatan',313,'Ogan Komering Ilir','Kabupaten','Lempuing'),
(4458,33,'Sumatera Selatan',313,'Ogan Komering Ilir','Kabupaten','Lempuing Jaya'),
(4459,33,'Sumatera Selatan',313,'Ogan Komering Ilir','Kabupaten','Mesuji'),
(4460,33,'Sumatera Selatan',313,'Ogan Komering Ilir','Kabupaten','Mesuji Makmur'),
(4461,33,'Sumatera Selatan',313,'Ogan Komering Ilir','Kabupaten','Mesuji Raya'),
(4462,33,'Sumatera Selatan',313,'Ogan Komering Ilir','Kabupaten','Pampangan'),
(4463,33,'Sumatera Selatan',313,'Ogan Komering Ilir','Kabupaten','Pangkalan Lampam'),
(4464,33,'Sumatera Selatan',313,'Ogan Komering Ilir','Kabupaten','Pedamaran'),
(4465,33,'Sumatera Selatan',313,'Ogan Komering Ilir','Kabupaten','Pedamaran Timur'),
(4466,33,'Sumatera Selatan',313,'Ogan Komering Ilir','Kabupaten','Sirah Pulau Padang'),
(4467,33,'Sumatera Selatan',313,'Ogan Komering Ilir','Kabupaten','Sungai Menang'),
(4468,33,'Sumatera Selatan',313,'Ogan Komering Ilir','Kabupaten','Tanjung Lubuk'),
(4469,33,'Sumatera Selatan',313,'Ogan Komering Ilir','Kabupaten','Teluk Gelam'),
(4470,33,'Sumatera Selatan',313,'Ogan Komering Ilir','Kabupaten','Tulung Selapan'),
(4471,33,'Sumatera Selatan',314,'Ogan Komering Ulu','Kabupaten','Baturaja Barat'),
(4472,33,'Sumatera Selatan',314,'Ogan Komering Ulu','Kabupaten','Baturaja Timur'),
(4473,33,'Sumatera Selatan',314,'Ogan Komering Ulu','Kabupaten','Lengkiti'),
(4474,33,'Sumatera Selatan',314,'Ogan Komering Ulu','Kabupaten','Lubuk Batang'),
(4475,33,'Sumatera Selatan',314,'Ogan Komering Ulu','Kabupaten','Lubuk Raja'),
(4476,33,'Sumatera Selatan',314,'Ogan Komering Ulu','Kabupaten','Muara Jaya'),
(4477,33,'Sumatera Selatan',314,'Ogan Komering Ulu','Kabupaten','Pengandonan'),
(4478,33,'Sumatera Selatan',314,'Ogan Komering Ulu','Kabupaten','Peninjauan'),
(4479,33,'Sumatera Selatan',314,'Ogan Komering Ulu','Kabupaten','Semidang Aji'),
(4480,33,'Sumatera Selatan',314,'Ogan Komering Ulu','Kabupaten','Sinar Peninjauan'),
(4481,33,'Sumatera Selatan',314,'Ogan Komering Ulu','Kabupaten','Sosoh Buay Rayap'),
(4482,33,'Sumatera Selatan',314,'Ogan Komering Ulu','Kabupaten','Ulu Ogan'),
(4483,33,'Sumatera Selatan',315,'Ogan Komering Ulu Selatan','Kabupaten','Banding Agung'),
(4484,33,'Sumatera Selatan',315,'Ogan Komering Ulu Selatan','Kabupaten','Buana Pemaca'),
(4485,33,'Sumatera Selatan',315,'Ogan Komering Ulu Selatan','Kabupaten','Buay Pemaca'),
(4486,33,'Sumatera Selatan',315,'Ogan Komering Ulu Selatan','Kabupaten','Buay Pematang Ribu Ranau Tengah'),
(4487,33,'Sumatera Selatan',315,'Ogan Komering Ulu Selatan','Kabupaten','Buay Rawan'),
(4488,33,'Sumatera Selatan',315,'Ogan Komering Ulu Selatan','Kabupaten','Buay Runjung'),
(4489,33,'Sumatera Selatan',315,'Ogan Komering Ulu Selatan','Kabupaten','Buay Sandang Aji'),
(4490,33,'Sumatera Selatan',315,'Ogan Komering Ulu Selatan','Kabupaten','Kisam Ilir'),
(4491,33,'Sumatera Selatan',315,'Ogan Komering Ulu Selatan','Kabupaten','Kisam Tinggi'),
(4492,33,'Sumatera Selatan',315,'Ogan Komering Ulu Selatan','Kabupaten','Mekakau Ilir'),
(4493,33,'Sumatera Selatan',315,'Ogan Komering Ulu Selatan','Kabupaten','Muaradua'),
(4494,33,'Sumatera Selatan',315,'Ogan Komering Ulu Selatan','Kabupaten','Muaradua Kisam'),
(4495,33,'Sumatera Selatan',315,'Ogan Komering Ulu Selatan','Kabupaten','Pulau Beringin'),
(4496,33,'Sumatera Selatan',315,'Ogan Komering Ulu Selatan','Kabupaten','Runjung Agung'),
(4497,33,'Sumatera Selatan',315,'Ogan Komering Ulu Selatan','Kabupaten','Simpang'),
(4498,33,'Sumatera Selatan',315,'Ogan Komering Ulu Selatan','Kabupaten','Sindang Danau'),
(4499,33,'Sumatera Selatan',315,'Ogan Komering Ulu Selatan','Kabupaten','Sungai Are'),
(4500,33,'Sumatera Selatan',315,'Ogan Komering Ulu Selatan','Kabupaten','Tiga Dihaji'),
(4501,33,'Sumatera Selatan',315,'Ogan Komering Ulu Selatan','Kabupaten','Warkuk Ranau Selatan'),
(4502,33,'Sumatera Selatan',316,'Ogan Komering Ulu Timur','Kabupaten','Belitang'),
(4503,33,'Sumatera Selatan',316,'Ogan Komering Ulu Timur','Kabupaten','Belitang II'),
(4504,33,'Sumatera Selatan',316,'Ogan Komering Ulu Timur','Kabupaten','Belitang III'),
(4505,33,'Sumatera Selatan',316,'Ogan Komering Ulu Timur','Kabupaten','Belitang Jaya'),
(4506,33,'Sumatera Selatan',316,'Ogan Komering Ulu Timur','Kabupaten','Belitang Madang Raya'),
(4507,33,'Sumatera Selatan',316,'Ogan Komering Ulu Timur','Kabupaten','Belitang Mulya'),
(4508,33,'Sumatera Selatan',316,'Ogan Komering Ulu Timur','Kabupaten','Buay Madang'),
(4509,33,'Sumatera Selatan',316,'Ogan Komering Ulu Timur','Kabupaten','Buay Madang Timur'),
(4510,33,'Sumatera Selatan',316,'Ogan Komering Ulu Timur','Kabupaten','Buay Pemuka Bangsa Raja'),
(4511,33,'Sumatera Selatan',316,'Ogan Komering Ulu Timur','Kabupaten','Buay Pemuka Beliung / Peliung'),
(4512,33,'Sumatera Selatan',316,'Ogan Komering Ulu Timur','Kabupaten','Bunga Mayang'),
(4513,33,'Sumatera Selatan',316,'Ogan Komering Ulu Timur','Kabupaten','Cempaka'),
(4514,33,'Sumatera Selatan',316,'Ogan Komering Ulu Timur','Kabupaten','Jayapura'),
(4515,33,'Sumatera Selatan',316,'Ogan Komering Ulu Timur','Kabupaten','Madang Suku I'),
(4516,33,'Sumatera Selatan',316,'Ogan Komering Ulu Timur','Kabupaten','Madang Suku II'),
(4517,33,'Sumatera Selatan',316,'Ogan Komering Ulu Timur','Kabupaten','Madang Suku III'),
(4518,33,'Sumatera Selatan',316,'Ogan Komering Ulu Timur','Kabupaten','Martapura'),
(4519,33,'Sumatera Selatan',316,'Ogan Komering Ulu Timur','Kabupaten','Semendawai Barat'),
(4520,33,'Sumatera Selatan',316,'Ogan Komering Ulu Timur','Kabupaten','Semendawai Suku III'),
(4521,33,'Sumatera Selatan',316,'Ogan Komering Ulu Timur','Kabupaten','Semendawai Timur'),
(4522,11,'Jawa Timur',317,'Pacitan','Kabupaten','Arjosari'),
(4523,11,'Jawa Timur',317,'Pacitan','Kabupaten','Bandar'),
(4524,11,'Jawa Timur',317,'Pacitan','Kabupaten','Donorojo'),
(4525,11,'Jawa Timur',317,'Pacitan','Kabupaten','Kebon Agung'),
(4526,11,'Jawa Timur',317,'Pacitan','Kabupaten','Nawangan'),
(4527,11,'Jawa Timur',317,'Pacitan','Kabupaten','Ngadirojo'),
(4528,11,'Jawa Timur',317,'Pacitan','Kabupaten','Pacitan'),
(4529,11,'Jawa Timur',317,'Pacitan','Kabupaten','Pringkuku'),
(4530,11,'Jawa Timur',317,'Pacitan','Kabupaten','Punung'),
(4531,11,'Jawa Timur',317,'Pacitan','Kabupaten','Sudimoro'),
(4532,11,'Jawa Timur',317,'Pacitan','Kabupaten','Tegalombo'),
(4533,11,'Jawa Timur',317,'Pacitan','Kabupaten','Tulakan'),
(4534,32,'Sumatera Barat',318,'Padang','Kota','Bungus Teluk Kabung'),
(4535,32,'Sumatera Barat',318,'Padang','Kota','Koto Tangah'),
(4536,32,'Sumatera Barat',318,'Padang','Kota','Kuranji'),
(4537,32,'Sumatera Barat',318,'Padang','Kota','Lubuk Begalung'),
(4538,32,'Sumatera Barat',318,'Padang','Kota','Lubuk Kilangan'),
(4539,32,'Sumatera Barat',318,'Padang','Kota','Nanggalo'),
(4540,32,'Sumatera Barat',318,'Padang','Kota','Padang Barat'),
(4541,32,'Sumatera Barat',318,'Padang','Kota','Padang Selatan'),
(4542,32,'Sumatera Barat',318,'Padang','Kota','Padang Timur'),
(4543,32,'Sumatera Barat',318,'Padang','Kota','Padang Utara'),
(4544,32,'Sumatera Barat',318,'Padang','Kota','Pauh'),
(4545,34,'Sumatera Utara',319,'Padang Lawas','Kabupaten','Aek Nabara Barumun'),
(4546,34,'Sumatera Utara',319,'Padang Lawas','Kabupaten','Barumun'),
(4547,34,'Sumatera Utara',319,'Padang Lawas','Kabupaten','Barumun Selatan'),
(4548,34,'Sumatera Utara',319,'Padang Lawas','Kabupaten','Barumun Tengah'),
(4549,34,'Sumatera Utara',319,'Padang Lawas','Kabupaten','Batang Lubu Sutam'),
(4550,34,'Sumatera Utara',319,'Padang Lawas','Kabupaten','Huristak'),
(4551,34,'Sumatera Utara',319,'Padang Lawas','Kabupaten','Huta Raja Tinggi'),
(4552,34,'Sumatera Utara',319,'Padang Lawas','Kabupaten','Lubuk Barumun'),
(4553,34,'Sumatera Utara',319,'Padang Lawas','Kabupaten','Sihapas Barumun'),
(4554,34,'Sumatera Utara',319,'Padang Lawas','Kabupaten','Sosa'),
(4555,34,'Sumatera Utara',319,'Padang Lawas','Kabupaten','Sosopan'),
(4556,34,'Sumatera Utara',319,'Padang Lawas','Kabupaten','Ulu Barumun'),
(4557,34,'Sumatera Utara',320,'Padang Lawas Utara','Kabupaten','Batang Onang'),
(4558,34,'Sumatera Utara',320,'Padang Lawas Utara','Kabupaten','Dolok'),
(4559,34,'Sumatera Utara',320,'Padang Lawas Utara','Kabupaten','Dolok Sigompulon'),
(4560,34,'Sumatera Utara',320,'Padang Lawas Utara','Kabupaten','Halongonan'),
(4561,34,'Sumatera Utara',320,'Padang Lawas Utara','Kabupaten','Hulu Sihapas'),
(4562,34,'Sumatera Utara',320,'Padang Lawas Utara','Kabupaten','Padang Bolak'),
(4563,34,'Sumatera Utara',320,'Padang Lawas Utara','Kabupaten','Padang Bolak Julu'),
(4564,34,'Sumatera Utara',320,'Padang Lawas Utara','Kabupaten','Portibi'),
(4565,34,'Sumatera Utara',320,'Padang Lawas Utara','Kabupaten','Simangambat'),
(4566,32,'Sumatera Barat',321,'Padang Panjang','Kota','Padang Panjang Barat'),
(4567,32,'Sumatera Barat',321,'Padang Panjang','Kota','Padang Panjang Timur'),
(4568,32,'Sumatera Barat',322,'Padang Pariaman','Kabupaten','2 X 11 Enam Lingkung'),
(4569,32,'Sumatera Barat',322,'Padang Pariaman','Kabupaten','2 X 11 Kayu Tanam'),
(4570,32,'Sumatera Barat',322,'Padang Pariaman','Kabupaten','Batang Anai'),
(4571,32,'Sumatera Barat',322,'Padang Pariaman','Kabupaten','Batang Gasan'),
(4572,32,'Sumatera Barat',322,'Padang Pariaman','Kabupaten','Enam Lingkung'),
(4573,32,'Sumatera Barat',322,'Padang Pariaman','Kabupaten','IV Koto Aur Malintang'),
(4574,32,'Sumatera Barat',322,'Padang Pariaman','Kabupaten','Lubuk Alung'),
(4575,32,'Sumatera Barat',322,'Padang Pariaman','Kabupaten','Nan Sabaris'),
(4576,32,'Sumatera Barat',322,'Padang Pariaman','Kabupaten','Padang Sago'),
(4577,32,'Sumatera Barat',322,'Padang Pariaman','Kabupaten','Patamuan'),
(4578,32,'Sumatera Barat',322,'Padang Pariaman','Kabupaten','Sintuk/Sintuak Toboh Gadang'),
(4579,32,'Sumatera Barat',322,'Padang Pariaman','Kabupaten','Sungai Geringging/Garingging'),
(4580,32,'Sumatera Barat',322,'Padang Pariaman','Kabupaten','Sungai Limau'),
(4581,32,'Sumatera Barat',322,'Padang Pariaman','Kabupaten','Ulakan Tapakih/Tapakis'),
(4582,32,'Sumatera Barat',322,'Padang Pariaman','Kabupaten','V Koto Kampung Dalam'),
(4583,32,'Sumatera Barat',322,'Padang Pariaman','Kabupaten','V Koto Timur'),
(4584,32,'Sumatera Barat',322,'Padang Pariaman','Kabupaten','VII Koto Sungai Sarik'),
(4585,34,'Sumatera Utara',323,'Padang Sidempuan','Kota','Padang Sidempuan Angkola Julu'),
(4586,34,'Sumatera Utara',323,'Padang Sidempuan','Kota','Padang Sidempuan Batunadua'),
(4587,34,'Sumatera Utara',323,'Padang Sidempuan','Kota','Padang Sidempuan Hutaimbaru'),
(4588,34,'Sumatera Utara',323,'Padang Sidempuan','Kota','Padang Sidempuan Selatan'),
(4589,34,'Sumatera Utara',323,'Padang Sidempuan','Kota','Padang Sidempuan Tenggara'),
(4590,34,'Sumatera Utara',323,'Padang Sidempuan','Kota','Padang Sidempuan Utara (Padangsidimpuan)'),
(4591,33,'Sumatera Selatan',324,'Pagar Alam','Kota','Dempo Selatan'),
(4592,33,'Sumatera Selatan',324,'Pagar Alam','Kota','Dempo Tengah'),
(4593,33,'Sumatera Selatan',324,'Pagar Alam','Kota','Dempo Utara'),
(4594,33,'Sumatera Selatan',324,'Pagar Alam','Kota','Pagar Alam Selatan'),
(4595,33,'Sumatera Selatan',324,'Pagar Alam','Kota','Pagar Alam Utara'),
(4596,34,'Sumatera Utara',325,'Pakpak Bharat','Kabupaten','Kerajaan'),
(4597,34,'Sumatera Utara',325,'Pakpak Bharat','Kabupaten','Pagindar'),
(4598,34,'Sumatera Utara',325,'Pakpak Bharat','Kabupaten','Pergetteng Getteng Sengkut'),
(4599,34,'Sumatera Utara',325,'Pakpak Bharat','Kabupaten','Salak'),
(4600,34,'Sumatera Utara',325,'Pakpak Bharat','Kabupaten','Siempat Rube'),
(4601,34,'Sumatera Utara',325,'Pakpak Bharat','Kabupaten','Sitellu Tali Urang Jehe'),
(4602,34,'Sumatera Utara',325,'Pakpak Bharat','Kabupaten','Sitellu Tali Urang Julu'),
(4603,34,'Sumatera Utara',325,'Pakpak Bharat','Kabupaten','Tinada'),
(4604,14,'Kalimantan Tengah',326,'Palangka Raya','Kota','Bukit Batu'),
(4605,14,'Kalimantan Tengah',326,'Palangka Raya','Kota','Jekan Raya'),
(4606,14,'Kalimantan Tengah',326,'Palangka Raya','Kota','Pahandut'),
(4607,14,'Kalimantan Tengah',326,'Palangka Raya','Kota','Rakumpit'),
(4608,14,'Kalimantan Tengah',326,'Palangka Raya','Kota','Sebangau'),
(4609,33,'Sumatera Selatan',327,'Palembang','Kota','Alang-Alang Lebar'),
(4610,33,'Sumatera Selatan',327,'Palembang','Kota','Bukit Kecil'),
(4611,33,'Sumatera Selatan',327,'Palembang','Kota','Gandus'),
(4612,33,'Sumatera Selatan',327,'Palembang','Kota','Ilir Barat I'),
(4613,33,'Sumatera Selatan',327,'Palembang','Kota','Ilir Barat II'),
(4614,33,'Sumatera Selatan',327,'Palembang','Kota','Ilir Timur I'),
(4615,33,'Sumatera Selatan',327,'Palembang','Kota','Ilir Timur II'),
(4616,33,'Sumatera Selatan',327,'Palembang','Kota','Kalidoni'),
(4617,33,'Sumatera Selatan',327,'Palembang','Kota','Kemuning'),
(4618,33,'Sumatera Selatan',327,'Palembang','Kota','Kertapati'),
(4619,33,'Sumatera Selatan',327,'Palembang','Kota','Plaju'),
(4620,33,'Sumatera Selatan',327,'Palembang','Kota','Sako'),
(4621,33,'Sumatera Selatan',327,'Palembang','Kota','Seberang Ulu I'),
(4622,33,'Sumatera Selatan',327,'Palembang','Kota','Seberang Ulu II'),
(4623,33,'Sumatera Selatan',327,'Palembang','Kota','Sematang Borang'),
(4624,33,'Sumatera Selatan',327,'Palembang','Kota','Sukarami'),
(4625,28,'Sulawesi Selatan',328,'Palopo','Kota','Bara'),
(4626,28,'Sulawesi Selatan',328,'Palopo','Kota','Mungkajang'),
(4627,28,'Sulawesi Selatan',328,'Palopo','Kota','Sendana'),
(4628,28,'Sulawesi Selatan',328,'Palopo','Kota','Telluwanua'),
(4629,28,'Sulawesi Selatan',328,'Palopo','Kota','Wara'),
(4630,28,'Sulawesi Selatan',328,'Palopo','Kota','Wara Barat'),
(4631,28,'Sulawesi Selatan',328,'Palopo','Kota','Wara Selatan'),
(4632,28,'Sulawesi Selatan',328,'Palopo','Kota','Wara Timur'),
(4633,28,'Sulawesi Selatan',328,'Palopo','Kota','Wara Utara'),
(4634,29,'Sulawesi Tengah',329,'Palu','Kota','Mantikulore'),
(4635,29,'Sulawesi Tengah',329,'Palu','Kota','Palu Barat'),
(4636,29,'Sulawesi Tengah',329,'Palu','Kota','Palu Selatan'),
(4637,29,'Sulawesi Tengah',329,'Palu','Kota','Palu Timur'),
(4638,29,'Sulawesi Tengah',329,'Palu','Kota','Palu Utara'),
(4639,29,'Sulawesi Tengah',329,'Palu','Kota','Tatanga'),
(4640,29,'Sulawesi Tengah',329,'Palu','Kota','Tawaeli'),
(4641,29,'Sulawesi Tengah',329,'Palu','Kota','Ulujadi'),
(4642,11,'Jawa Timur',330,'Pamekasan','Kabupaten','Batumarmar'),
(4643,11,'Jawa Timur',330,'Pamekasan','Kabupaten','Galis'),
(4644,11,'Jawa Timur',330,'Pamekasan','Kabupaten','Kadur'),
(4645,11,'Jawa Timur',330,'Pamekasan','Kabupaten','Larangan'),
(4646,11,'Jawa Timur',330,'Pamekasan','Kabupaten','Pademawu'),
(4647,11,'Jawa Timur',330,'Pamekasan','Kabupaten','Pakong'),
(4648,11,'Jawa Timur',330,'Pamekasan','Kabupaten','Palenga\'an'),
(4649,11,'Jawa Timur',330,'Pamekasan','Kabupaten','Pamekasan'),
(4650,11,'Jawa Timur',330,'Pamekasan','Kabupaten','Pasean'),
(4651,11,'Jawa Timur',330,'Pamekasan','Kabupaten','Pegantenan'),
(4652,11,'Jawa Timur',330,'Pamekasan','Kabupaten','Proppo'),
(4653,11,'Jawa Timur',330,'Pamekasan','Kabupaten','Tlanakan'),
(4654,11,'Jawa Timur',330,'Pamekasan','Kabupaten','Waru'),
(4655,3,'Banten',331,'Pandeglang','Kabupaten','Angsana'),
(4656,3,'Banten',331,'Pandeglang','Kabupaten','Banjar'),
(4657,3,'Banten',331,'Pandeglang','Kabupaten','Bojong'),
(4658,3,'Banten',331,'Pandeglang','Kabupaten','Cadasari'),
(4659,3,'Banten',331,'Pandeglang','Kabupaten','Carita'),
(4660,3,'Banten',331,'Pandeglang','Kabupaten','Cibaliung'),
(4661,3,'Banten',331,'Pandeglang','Kabupaten','Cibitung'),
(4662,3,'Banten',331,'Pandeglang','Kabupaten','Cigeulis'),
(4663,3,'Banten',331,'Pandeglang','Kabupaten','Cikeudal (Cikedal)'),
(4664,3,'Banten',331,'Pandeglang','Kabupaten','Cikeusik'),
(4665,3,'Banten',331,'Pandeglang','Kabupaten','Cimanggu'),
(4666,3,'Banten',331,'Pandeglang','Kabupaten','Cimanuk'),
(4667,3,'Banten',331,'Pandeglang','Kabupaten','Cipeucang'),
(4668,3,'Banten',331,'Pandeglang','Kabupaten','Cisata'),
(4669,3,'Banten',331,'Pandeglang','Kabupaten','Jiput'),
(4670,3,'Banten',331,'Pandeglang','Kabupaten','Kaduhejo'),
(4671,3,'Banten',331,'Pandeglang','Kabupaten','Karang Tanjung'),
(4672,3,'Banten',331,'Pandeglang','Kabupaten','Koroncong'),
(4673,3,'Banten',331,'Pandeglang','Kabupaten','Labuan'),
(4674,3,'Banten',331,'Pandeglang','Kabupaten','Majasari'),
(4675,3,'Banten',331,'Pandeglang','Kabupaten','Mandalawangi'),
(4676,3,'Banten',331,'Pandeglang','Kabupaten','Mekarjaya'),
(4677,3,'Banten',331,'Pandeglang','Kabupaten','Menes'),
(4678,3,'Banten',331,'Pandeglang','Kabupaten','Munjul'),
(4679,3,'Banten',331,'Pandeglang','Kabupaten','Pagelaran'),
(4680,3,'Banten',331,'Pandeglang','Kabupaten','Pandeglang'),
(4681,3,'Banten',331,'Pandeglang','Kabupaten','Panimbang'),
(4682,3,'Banten',331,'Pandeglang','Kabupaten','Patia'),
(4683,3,'Banten',331,'Pandeglang','Kabupaten','Picung'),
(4684,3,'Banten',331,'Pandeglang','Kabupaten','Pulosari'),
(4685,3,'Banten',331,'Pandeglang','Kabupaten','Saketi'),
(4686,3,'Banten',331,'Pandeglang','Kabupaten','Sindangresmi'),
(4687,3,'Banten',331,'Pandeglang','Kabupaten','Sobang'),
(4688,3,'Banten',331,'Pandeglang','Kabupaten','Sukaresmi'),
(4689,3,'Banten',331,'Pandeglang','Kabupaten','Sumur'),
(4690,9,'Jawa Barat',332,'Pangandaran','Kabupaten','Cigugur'),
(4691,9,'Jawa Barat',332,'Pangandaran','Kabupaten','Cijulang'),
(4692,9,'Jawa Barat',332,'Pangandaran','Kabupaten','Cimerak'),
(4693,9,'Jawa Barat',332,'Pangandaran','Kabupaten','Kalipucang'),
(4694,9,'Jawa Barat',332,'Pangandaran','Kabupaten','Langkaplancar'),
(4695,9,'Jawa Barat',332,'Pangandaran','Kabupaten','Mangunjaya'),
(4696,9,'Jawa Barat',332,'Pangandaran','Kabupaten','Padaherang'),
(4697,9,'Jawa Barat',332,'Pangandaran','Kabupaten','Pangandaran'),
(4698,9,'Jawa Barat',332,'Pangandaran','Kabupaten','Parigi'),
(4699,9,'Jawa Barat',332,'Pangandaran','Kabupaten','Sidamulih'),
(4700,28,'Sulawesi Selatan',333,'Pangkajene Kepulauan','Kabupaten','Balocci'),
(4701,28,'Sulawesi Selatan',333,'Pangkajene Kepulauan','Kabupaten','Bungoro'),
(4702,28,'Sulawesi Selatan',333,'Pangkajene Kepulauan','Kabupaten','Labakkang'),
(4703,28,'Sulawesi Selatan',333,'Pangkajene Kepulauan','Kabupaten','Liukang Kalmas (Kalukuang Masalima)'),
(4704,28,'Sulawesi Selatan',333,'Pangkajene Kepulauan','Kabupaten','Liukang Tangaya'),
(4705,28,'Sulawesi Selatan',333,'Pangkajene Kepulauan','Kabupaten','Liukang Tupabbiring'),
(4706,28,'Sulawesi Selatan',333,'Pangkajene Kepulauan','Kabupaten','Liukang Tupabbiring Utara'),
(4707,28,'Sulawesi Selatan',333,'Pangkajene Kepulauan','Kabupaten','Mandalle'),
(4708,28,'Sulawesi Selatan',333,'Pangkajene Kepulauan','Kabupaten','Marang (Ma Rang)'),
(4709,28,'Sulawesi Selatan',333,'Pangkajene Kepulauan','Kabupaten','Minasa Tene'),
(4710,28,'Sulawesi Selatan',333,'Pangkajene Kepulauan','Kabupaten','Pangkajene'),
(4711,28,'Sulawesi Selatan',333,'Pangkajene Kepulauan','Kabupaten','Segeri'),
(4712,28,'Sulawesi Selatan',333,'Pangkajene Kepulauan','Kabupaten','Tondong Tallasa'),
(4713,2,'Bangka Belitung',334,'Pangkal Pinang','Kota','Bukit Intan'),
(4714,2,'Bangka Belitung',334,'Pangkal Pinang','Kota','Gabek'),
(4715,2,'Bangka Belitung',334,'Pangkal Pinang','Kota','Gerunggang'),
(4716,2,'Bangka Belitung',334,'Pangkal Pinang','Kota','Girimaya'),
(4717,2,'Bangka Belitung',334,'Pangkal Pinang','Kota','Pangkal Balam'),
(4718,2,'Bangka Belitung',334,'Pangkal Pinang','Kota','Rangkui'),
(4719,2,'Bangka Belitung',334,'Pangkal Pinang','Kota','Taman Sari'),
(4720,24,'Papua',335,'Paniai','Kabupaten','Aradide'),
(4721,24,'Papua',335,'Paniai','Kabupaten','Bibida'),
(4722,24,'Papua',335,'Paniai','Kabupaten','Bogobaida'),
(4723,24,'Papua',335,'Paniai','Kabupaten','Dumadama'),
(4724,24,'Papua',335,'Paniai','Kabupaten','Ekadide'),
(4725,24,'Papua',335,'Paniai','Kabupaten','Kebo'),
(4726,24,'Papua',335,'Paniai','Kabupaten','Paniai Barat'),
(4727,24,'Papua',335,'Paniai','Kabupaten','Paniai Timur'),
(4728,24,'Papua',335,'Paniai','Kabupaten','Siriwo'),
(4729,24,'Papua',335,'Paniai','Kabupaten','Yatamo'),
(4730,28,'Sulawesi Selatan',336,'Parepare','Kota','Bacukiki'),
(4731,28,'Sulawesi Selatan',336,'Parepare','Kota','Bacukiki Barat'),
(4732,28,'Sulawesi Selatan',336,'Parepare','Kota','Soreang'),
(4733,28,'Sulawesi Selatan',336,'Parepare','Kota','Ujung'),
(4734,32,'Sumatera Barat',337,'Pariaman','Kota','Pariaman Selatan'),
(4735,32,'Sumatera Barat',337,'Pariaman','Kota','Pariaman Tengah'),
(4736,32,'Sumatera Barat',337,'Pariaman','Kota','Pariaman Timur'),
(4737,32,'Sumatera Barat',337,'Pariaman','Kota','Pariaman Utara'),
(4738,29,'Sulawesi Tengah',338,'Parigi Moutong','Kabupaten','Ampibabo'),
(4739,29,'Sulawesi Tengah',338,'Parigi Moutong','Kabupaten','Balinggi'),
(4740,29,'Sulawesi Tengah',338,'Parigi Moutong','Kabupaten','Bolano'),
(4741,29,'Sulawesi Tengah',338,'Parigi Moutong','Kabupaten','Bolano Lambunu/Lambulu'),
(4742,29,'Sulawesi Tengah',338,'Parigi Moutong','Kabupaten','Kasimbar'),
(4743,29,'Sulawesi Tengah',338,'Parigi Moutong','Kabupaten','Mepanga'),
(4744,29,'Sulawesi Tengah',338,'Parigi Moutong','Kabupaten','Moutong'),
(4745,29,'Sulawesi Tengah',338,'Parigi Moutong','Kabupaten','Ongka Malino'),
(4746,29,'Sulawesi Tengah',338,'Parigi Moutong','Kabupaten','Palasa'),
(4747,29,'Sulawesi Tengah',338,'Parigi Moutong','Kabupaten','Parigi'),
(4748,29,'Sulawesi Tengah',338,'Parigi Moutong','Kabupaten','Parigi Barat'),
(4749,29,'Sulawesi Tengah',338,'Parigi Moutong','Kabupaten','Parigi Selatan'),
(4750,29,'Sulawesi Tengah',338,'Parigi Moutong','Kabupaten','Parigi Tengah'),
(4751,29,'Sulawesi Tengah',338,'Parigi Moutong','Kabupaten','Parigi Utara'),
(4752,29,'Sulawesi Tengah',338,'Parigi Moutong','Kabupaten','Sausu'),
(4753,29,'Sulawesi Tengah',338,'Parigi Moutong','Kabupaten','Siniu'),
(4754,29,'Sulawesi Tengah',338,'Parigi Moutong','Kabupaten','Taopa'),
(4755,29,'Sulawesi Tengah',338,'Parigi Moutong','Kabupaten','Tinombo'),
(4756,29,'Sulawesi Tengah',338,'Parigi Moutong','Kabupaten','Tinombo Selatan'),
(4757,29,'Sulawesi Tengah',338,'Parigi Moutong','Kabupaten','Tomini'),
(4758,29,'Sulawesi Tengah',338,'Parigi Moutong','Kabupaten','Toribulu'),
(4759,29,'Sulawesi Tengah',338,'Parigi Moutong','Kabupaten','Torue'),
(4760,32,'Sumatera Barat',339,'Pasaman','Kabupaten','Bonjol'),
(4761,32,'Sumatera Barat',339,'Pasaman','Kabupaten','Duo Koto (II Koto)'),
(4762,32,'Sumatera Barat',339,'Pasaman','Kabupaten','Lubuk Sikaping'),
(4763,32,'Sumatera Barat',339,'Pasaman','Kabupaten','Mapat Tunggul'),
(4764,32,'Sumatera Barat',339,'Pasaman','Kabupaten','Mapat Tunggul Selatan'),
(4765,32,'Sumatera Barat',339,'Pasaman','Kabupaten','Padang Gelugur'),
(4766,32,'Sumatera Barat',339,'Pasaman','Kabupaten','Panti'),
(4767,32,'Sumatera Barat',339,'Pasaman','Kabupaten','Rao'),
(4768,32,'Sumatera Barat',339,'Pasaman','Kabupaten','Rao Selatan'),
(4769,32,'Sumatera Barat',339,'Pasaman','Kabupaten','Rao Utara'),
(4770,32,'Sumatera Barat',339,'Pasaman','Kabupaten','Simpang Alahan Mati'),
(4771,32,'Sumatera Barat',339,'Pasaman','Kabupaten','Tigo Nagari (III Nagari)'),
(4772,32,'Sumatera Barat',340,'Pasaman Barat','Kabupaten','Gunung Tuleh'),
(4773,32,'Sumatera Barat',340,'Pasaman Barat','Kabupaten','Kinali'),
(4774,32,'Sumatera Barat',340,'Pasaman Barat','Kabupaten','Koto Balingka'),
(4775,32,'Sumatera Barat',340,'Pasaman Barat','Kabupaten','Lembah Melintang'),
(4776,32,'Sumatera Barat',340,'Pasaman Barat','Kabupaten','Luhak Nan Duo'),
(4777,32,'Sumatera Barat',340,'Pasaman Barat','Kabupaten','Pasaman'),
(4778,32,'Sumatera Barat',340,'Pasaman Barat','Kabupaten','Ranah Batahan'),
(4779,32,'Sumatera Barat',340,'Pasaman Barat','Kabupaten','Sasak Ranah Pasisir/Pesisie'),
(4780,32,'Sumatera Barat',340,'Pasaman Barat','Kabupaten','Sei Beremas'),
(4781,32,'Sumatera Barat',340,'Pasaman Barat','Kabupaten','Sungai Aur'),
(4782,32,'Sumatera Barat',340,'Pasaman Barat','Kabupaten','Talamau'),
(4783,15,'Kalimantan Timur',341,'Paser','Kabupaten','Batu Engau'),
(4784,15,'Kalimantan Timur',341,'Paser','Kabupaten','Batu Sopang'),
(4785,15,'Kalimantan Timur',341,'Paser','Kabupaten','Kuaro'),
(4786,15,'Kalimantan Timur',341,'Paser','Kabupaten','Long Ikis'),
(4787,15,'Kalimantan Timur',341,'Paser','Kabupaten','Long Kali'),
(4788,15,'Kalimantan Timur',341,'Paser','Kabupaten','Muara Komam'),
(4789,15,'Kalimantan Timur',341,'Paser','Kabupaten','Muara Samu'),
(4790,15,'Kalimantan Timur',341,'Paser','Kabupaten','Pasir Belengkong'),
(4791,15,'Kalimantan Timur',341,'Paser','Kabupaten','Tanah Grogot'),
(4792,15,'Kalimantan Timur',341,'Paser','Kabupaten','Tanjung Harapan'),
(4793,11,'Jawa Timur',342,'Pasuruan','Kabupaten','Bangil'),
(4794,11,'Jawa Timur',342,'Pasuruan','Kabupaten','Beji'),
(4795,11,'Jawa Timur',342,'Pasuruan','Kabupaten','Gempol'),
(4796,11,'Jawa Timur',342,'Pasuruan','Kabupaten','Gondang Wetan'),
(4797,11,'Jawa Timur',342,'Pasuruan','Kabupaten','Grati'),
(4798,11,'Jawa Timur',342,'Pasuruan','Kabupaten','Kejayan'),
(4799,11,'Jawa Timur',342,'Pasuruan','Kabupaten','Kraton'),
(4800,11,'Jawa Timur',342,'Pasuruan','Kabupaten','Lekok'),
(4801,11,'Jawa Timur',342,'Pasuruan','Kabupaten','Lumbang'),
(4802,11,'Jawa Timur',342,'Pasuruan','Kabupaten','Nguling'),
(4803,11,'Jawa Timur',342,'Pasuruan','Kabupaten','Pandaan'),
(4804,11,'Jawa Timur',342,'Pasuruan','Kabupaten','Pasrepan'),
(4805,11,'Jawa Timur',342,'Pasuruan','Kabupaten','Pohjentrek'),
(4806,11,'Jawa Timur',342,'Pasuruan','Kabupaten','Prigen'),
(4807,11,'Jawa Timur',342,'Pasuruan','Kabupaten','Purwodadi'),
(4808,11,'Jawa Timur',342,'Pasuruan','Kabupaten','Purwosari'),
(4809,11,'Jawa Timur',342,'Pasuruan','Kabupaten','Puspo'),
(4810,11,'Jawa Timur',342,'Pasuruan','Kabupaten','Rejoso'),
(4811,11,'Jawa Timur',342,'Pasuruan','Kabupaten','Rembang'),
(4812,11,'Jawa Timur',342,'Pasuruan','Kabupaten','Sukorejo'),
(4813,11,'Jawa Timur',342,'Pasuruan','Kabupaten','Tosari'),
(4814,11,'Jawa Timur',342,'Pasuruan','Kabupaten','Tutur'),
(4815,11,'Jawa Timur',342,'Pasuruan','Kabupaten','Winongan'),
(4816,11,'Jawa Timur',342,'Pasuruan','Kabupaten','Wonorejo'),
(4817,11,'Jawa Timur',343,'Pasuruan','Kota','Bugul Kidul'),
(4818,11,'Jawa Timur',343,'Pasuruan','Kota','Gadingrejo'),
(4819,11,'Jawa Timur',343,'Pasuruan','Kota','Panggungrejo'),
(4820,11,'Jawa Timur',343,'Pasuruan','Kota','Purworejo'),
(4821,10,'Jawa Tengah',344,'Pati','Kabupaten','Batangan'),
(4822,10,'Jawa Tengah',344,'Pati','Kabupaten','Cluwak'),
(4823,10,'Jawa Tengah',344,'Pati','Kabupaten','Dukuhseti'),
(4824,10,'Jawa Tengah',344,'Pati','Kabupaten','Gabus'),
(4825,10,'Jawa Tengah',344,'Pati','Kabupaten','Gembong'),
(4826,10,'Jawa Tengah',344,'Pati','Kabupaten','Gunungwungkal'),
(4827,10,'Jawa Tengah',344,'Pati','Kabupaten','Jaken'),
(4828,10,'Jawa Tengah',344,'Pati','Kabupaten','Jakenan'),
(4829,10,'Jawa Tengah',344,'Pati','Kabupaten','Juwana'),
(4830,10,'Jawa Tengah',344,'Pati','Kabupaten','Kayen'),
(4831,10,'Jawa Tengah',344,'Pati','Kabupaten','Margorejo'),
(4832,10,'Jawa Tengah',344,'Pati','Kabupaten','Margoyoso'),
(4833,10,'Jawa Tengah',344,'Pati','Kabupaten','Pati'),
(4834,10,'Jawa Tengah',344,'Pati','Kabupaten','Pucakwangi'),
(4835,10,'Jawa Tengah',344,'Pati','Kabupaten','Sukolilo'),
(4836,10,'Jawa Tengah',344,'Pati','Kabupaten','Tambakromo'),
(4837,10,'Jawa Tengah',344,'Pati','Kabupaten','Tayu'),
(4838,10,'Jawa Tengah',344,'Pati','Kabupaten','Tlogowungu'),
(4839,10,'Jawa Tengah',344,'Pati','Kabupaten','Trangkil'),
(4840,10,'Jawa Tengah',344,'Pati','Kabupaten','Wedarijaksa'),
(4841,10,'Jawa Tengah',344,'Pati','Kabupaten','Winong'),
(4842,32,'Sumatera Barat',345,'Payakumbuh','Kota','Lamposi Tigo Nagari'),
(4843,32,'Sumatera Barat',345,'Payakumbuh','Kota','Payakumbuh Barat'),
(4844,32,'Sumatera Barat',345,'Payakumbuh','Kota','Payakumbuh Selatan'),
(4845,32,'Sumatera Barat',345,'Payakumbuh','Kota','Payakumbuh Timur'),
(4846,32,'Sumatera Barat',345,'Payakumbuh','Kota','Payakumbuh Utara'),
(4847,25,'Papua Barat',346,'Pegunungan Arfak','Kabupaten','Anggi'),
(4848,25,'Papua Barat',346,'Pegunungan Arfak','Kabupaten','Anggi Gida'),
(4849,25,'Papua Barat',346,'Pegunungan Arfak','Kabupaten','Catubouw'),
(4850,25,'Papua Barat',346,'Pegunungan Arfak','Kabupaten','Didohu'),
(4851,25,'Papua Barat',346,'Pegunungan Arfak','Kabupaten','Hingk'),
(4852,25,'Papua Barat',346,'Pegunungan Arfak','Kabupaten','Membey'),
(4853,25,'Papua Barat',346,'Pegunungan Arfak','Kabupaten','Menyambouw (Minyambouw)'),
(4854,25,'Papua Barat',346,'Pegunungan Arfak','Kabupaten','Sururey'),
(4855,25,'Papua Barat',346,'Pegunungan Arfak','Kabupaten','Taige'),
(4856,25,'Papua Barat',346,'Pegunungan Arfak','Kabupaten','Testega'),
(4857,24,'Papua',347,'Pegunungan Bintang','Kabupaten','Aboy'),
(4858,24,'Papua',347,'Pegunungan Bintang','Kabupaten','Alemsom'),
(4859,24,'Papua',347,'Pegunungan Bintang','Kabupaten','Awinbon'),
(4860,24,'Papua',347,'Pegunungan Bintang','Kabupaten','Batani'),
(4861,24,'Papua',347,'Pegunungan Bintang','Kabupaten','Batom'),
(4862,24,'Papua',347,'Pegunungan Bintang','Kabupaten','Bime'),
(4863,24,'Papua',347,'Pegunungan Bintang','Kabupaten','Borme'),
(4864,24,'Papua',347,'Pegunungan Bintang','Kabupaten','Eipumek'),
(4865,24,'Papua',347,'Pegunungan Bintang','Kabupaten','Iwur (Okiwur)'),
(4866,24,'Papua',347,'Pegunungan Bintang','Kabupaten','Jetfa'),
(4867,24,'Papua',347,'Pegunungan Bintang','Kabupaten','Kalomdol'),
(4868,24,'Papua',347,'Pegunungan Bintang','Kabupaten','Kawor'),
(4869,24,'Papua',347,'Pegunungan Bintang','Kabupaten','Kiwirok'),
(4870,24,'Papua',347,'Pegunungan Bintang','Kabupaten','Kiwirok Timur'),
(4871,24,'Papua',347,'Pegunungan Bintang','Kabupaten','Mofinop'),
(4872,24,'Papua',347,'Pegunungan Bintang','Kabupaten','Murkim'),
(4873,24,'Papua',347,'Pegunungan Bintang','Kabupaten','Nongme'),
(4874,24,'Papua',347,'Pegunungan Bintang','Kabupaten','Ok Aom'),
(4875,24,'Papua',347,'Pegunungan Bintang','Kabupaten','Okbab'),
(4876,24,'Papua',347,'Pegunungan Bintang','Kabupaten','Okbape'),
(4877,24,'Papua',347,'Pegunungan Bintang','Kabupaten','Okbemtau'),
(4878,24,'Papua',347,'Pegunungan Bintang','Kabupaten','Okbibab'),
(4879,24,'Papua',347,'Pegunungan Bintang','Kabupaten','Okhika'),
(4880,24,'Papua',347,'Pegunungan Bintang','Kabupaten','Oklip'),
(4881,24,'Papua',347,'Pegunungan Bintang','Kabupaten','Oksamol'),
(4882,24,'Papua',347,'Pegunungan Bintang','Kabupaten','Oksebang'),
(4883,24,'Papua',347,'Pegunungan Bintang','Kabupaten','Oksibil'),
(4884,24,'Papua',347,'Pegunungan Bintang','Kabupaten','Oksop'),
(4885,24,'Papua',347,'Pegunungan Bintang','Kabupaten','Pamek'),
(4886,24,'Papua',347,'Pegunungan Bintang','Kabupaten','Pepera'),
(4887,24,'Papua',347,'Pegunungan Bintang','Kabupaten','Serambakon'),
(4888,24,'Papua',347,'Pegunungan Bintang','Kabupaten','Tarup'),
(4889,24,'Papua',347,'Pegunungan Bintang','Kabupaten','Teiraplu'),
(4890,24,'Papua',347,'Pegunungan Bintang','Kabupaten','Weime'),
(4891,10,'Jawa Tengah',348,'Pekalongan','Kabupaten','Bojong'),
(4892,10,'Jawa Tengah',348,'Pekalongan','Kabupaten','Buaran'),
(4893,10,'Jawa Tengah',348,'Pekalongan','Kabupaten','Doro'),
(4894,10,'Jawa Tengah',348,'Pekalongan','Kabupaten','Kajen'),
(4895,10,'Jawa Tengah',348,'Pekalongan','Kabupaten','Kandangserang'),
(4896,10,'Jawa Tengah',348,'Pekalongan','Kabupaten','Karanganyar'),
(4897,10,'Jawa Tengah',348,'Pekalongan','Kabupaten','Karangdadap'),
(4898,10,'Jawa Tengah',348,'Pekalongan','Kabupaten','Kedungwuni'),
(4899,10,'Jawa Tengah',348,'Pekalongan','Kabupaten','Kesesi'),
(4900,10,'Jawa Tengah',348,'Pekalongan','Kabupaten','Lebakbarang'),
(4901,10,'Jawa Tengah',348,'Pekalongan','Kabupaten','Paninggaran'),
(4902,10,'Jawa Tengah',348,'Pekalongan','Kabupaten','Petungkriono/Petungkriyono'),
(4903,10,'Jawa Tengah',348,'Pekalongan','Kabupaten','Siwalan'),
(4904,10,'Jawa Tengah',348,'Pekalongan','Kabupaten','Sragi'),
(4905,10,'Jawa Tengah',348,'Pekalongan','Kabupaten','Talun'),
(4906,10,'Jawa Tengah',348,'Pekalongan','Kabupaten','Tirto'),
(4907,10,'Jawa Tengah',348,'Pekalongan','Kabupaten','Wiradesa'),
(4908,10,'Jawa Tengah',348,'Pekalongan','Kabupaten','Wonokerto'),
(4909,10,'Jawa Tengah',348,'Pekalongan','Kabupaten','Wonopringgo'),
(4910,10,'Jawa Tengah',349,'Pekalongan','Kota','Pekalongan Barat'),
(4911,10,'Jawa Tengah',349,'Pekalongan','Kota','Pekalongan Selatan'),
(4912,10,'Jawa Tengah',349,'Pekalongan','Kota','Pekalongan Timur'),
(4913,10,'Jawa Tengah',349,'Pekalongan','Kota','Pekalongan Utara'),
(4914,26,'Riau',350,'Pekanbaru','Kota','Bukit Raya'),
(4915,26,'Riau',350,'Pekanbaru','Kota','Lima Puluh'),
(4916,26,'Riau',350,'Pekanbaru','Kota','Marpoyan Damai'),
(4917,26,'Riau',350,'Pekanbaru','Kota','Payung Sekaki'),
(4918,26,'Riau',350,'Pekanbaru','Kota','Pekanbaru Kota'),
(4919,26,'Riau',350,'Pekanbaru','Kota','Rumbai'),
(4920,26,'Riau',350,'Pekanbaru','Kota','Rumbai Pesisir'),
(4921,26,'Riau',350,'Pekanbaru','Kota','Sail'),
(4922,26,'Riau',350,'Pekanbaru','Kota','Senapelan'),
(4923,26,'Riau',350,'Pekanbaru','Kota','Sukajadi'),
(4924,26,'Riau',350,'Pekanbaru','Kota','Tampan'),
(4925,26,'Riau',350,'Pekanbaru','Kota','Tenayan Raya'),
(4926,26,'Riau',351,'Pelalawan','Kabupaten','Bandar Petalangan'),
(4927,26,'Riau',351,'Pelalawan','Kabupaten','Bandar Sei Kijang'),
(4928,26,'Riau',351,'Pelalawan','Kabupaten','Bunut'),
(4929,26,'Riau',351,'Pelalawan','Kabupaten','Kerumutan'),
(4930,26,'Riau',351,'Pelalawan','Kabupaten','Kuala Kampar'),
(4931,26,'Riau',351,'Pelalawan','Kabupaten','Langgam'),
(4932,26,'Riau',351,'Pelalawan','Kabupaten','Pangkalan Kerinci'),
(4933,26,'Riau',351,'Pelalawan','Kabupaten','Pangkalan Kuras'),
(4934,26,'Riau',351,'Pelalawan','Kabupaten','Pangkalan Lesung'),
(4935,26,'Riau',351,'Pelalawan','Kabupaten','Pelalawan'),
(4936,26,'Riau',351,'Pelalawan','Kabupaten','Teluk Meranti'),
(4937,26,'Riau',351,'Pelalawan','Kabupaten','Ukui'),
(4938,10,'Jawa Tengah',352,'Pemalang','Kabupaten','Ampelgading'),
(4939,10,'Jawa Tengah',352,'Pemalang','Kabupaten','Bantarbolang'),
(4940,10,'Jawa Tengah',352,'Pemalang','Kabupaten','Belik'),
(4941,10,'Jawa Tengah',352,'Pemalang','Kabupaten','Bodeh'),
(4942,10,'Jawa Tengah',352,'Pemalang','Kabupaten','Comal'),
(4943,10,'Jawa Tengah',352,'Pemalang','Kabupaten','Moga'),
(4944,10,'Jawa Tengah',352,'Pemalang','Kabupaten','Pemalang'),
(4945,10,'Jawa Tengah',352,'Pemalang','Kabupaten','Petarukan'),
(4946,10,'Jawa Tengah',352,'Pemalang','Kabupaten','Pulosari'),
(4947,10,'Jawa Tengah',352,'Pemalang','Kabupaten','Randudongkal'),
(4948,10,'Jawa Tengah',352,'Pemalang','Kabupaten','Taman'),
(4949,10,'Jawa Tengah',352,'Pemalang','Kabupaten','Ulujami'),
(4950,10,'Jawa Tengah',352,'Pemalang','Kabupaten','Warungpring'),
(4951,10,'Jawa Tengah',352,'Pemalang','Kabupaten','Watukumpul'),
(4952,34,'Sumatera Utara',353,'Pematang Siantar','Kota','Siantar Barat'),
(4953,34,'Sumatera Utara',353,'Pematang Siantar','Kota','Siantar Marihat'),
(4954,34,'Sumatera Utara',353,'Pematang Siantar','Kota','Siantar Marimbun'),
(4955,34,'Sumatera Utara',353,'Pematang Siantar','Kota','Siantar Martoba'),
(4956,34,'Sumatera Utara',353,'Pematang Siantar','Kota','Siantar Selatan'),
(4957,34,'Sumatera Utara',353,'Pematang Siantar','Kota','Siantar Sitalasari'),
(4958,34,'Sumatera Utara',353,'Pematang Siantar','Kota','Siantar Timur'),
(4959,34,'Sumatera Utara',353,'Pematang Siantar','Kota','Siantar Utara'),
(4960,15,'Kalimantan Timur',354,'Penajam Paser Utara','Kabupaten','Babulu'),
(4961,15,'Kalimantan Timur',354,'Penajam Paser Utara','Kabupaten','Penajam'),
(4962,15,'Kalimantan Timur',354,'Penajam Paser Utara','Kabupaten','Sepaku'),
(4963,15,'Kalimantan Timur',354,'Penajam Paser Utara','Kabupaten','Waru'),
(4964,18,'Lampung',355,'Pesawaran','Kabupaten','Gedong Tataan (Gedung Tataan)'),
(4965,18,'Lampung',355,'Pesawaran','Kabupaten','Kedondong'),
(4966,18,'Lampung',355,'Pesawaran','Kabupaten','Marga Punduh'),
(4967,18,'Lampung',355,'Pesawaran','Kabupaten','Negeri Katon'),
(4968,18,'Lampung',355,'Pesawaran','Kabupaten','Padang Cermin'),
(4969,18,'Lampung',355,'Pesawaran','Kabupaten','Punduh Pidada (Pedada)'),
(4970,18,'Lampung',355,'Pesawaran','Kabupaten','Tegineneng'),
(4971,18,'Lampung',355,'Pesawaran','Kabupaten','Way Khilau'),
(4972,18,'Lampung',355,'Pesawaran','Kabupaten','Way Lima'),
(4973,18,'Lampung',356,'Pesisir Barat','Kabupaten','Bengkunat'),
(4974,18,'Lampung',356,'Pesisir Barat','Kabupaten','Bengkunat Belimbing'),
(4975,18,'Lampung',356,'Pesisir Barat','Kabupaten','Karya Penggawa'),
(4976,18,'Lampung',356,'Pesisir Barat','Kabupaten','Krui Selatan'),
(4977,18,'Lampung',356,'Pesisir Barat','Kabupaten','Lemong'),
(4978,18,'Lampung',356,'Pesisir Barat','Kabupaten','Ngambur'),
(4979,18,'Lampung',356,'Pesisir Barat','Kabupaten','Pesisir Selatan'),
(4980,18,'Lampung',356,'Pesisir Barat','Kabupaten','Pesisir Tengah'),
(4981,18,'Lampung',356,'Pesisir Barat','Kabupaten','Pesisir Utara'),
(4982,18,'Lampung',356,'Pesisir Barat','Kabupaten','Pulau Pisang'),
(4983,18,'Lampung',356,'Pesisir Barat','Kabupaten','Way Krui'),
(4984,32,'Sumatera Barat',357,'Pesisir Selatan','Kabupaten','Airpura'),
(4985,32,'Sumatera Barat',357,'Pesisir Selatan','Kabupaten','Basa Ampek Balai Tapan'),
(4986,32,'Sumatera Barat',357,'Pesisir Selatan','Kabupaten','Batang Kapas'),
(4987,32,'Sumatera Barat',357,'Pesisir Selatan','Kabupaten','Bayang'),
(4988,32,'Sumatera Barat',357,'Pesisir Selatan','Kabupaten','IV Jurai'),
(4989,32,'Sumatera Barat',357,'Pesisir Selatan','Kabupaten','IV Nagari Bayang Utara'),
(4990,32,'Sumatera Barat',357,'Pesisir Selatan','Kabupaten','Koto XI Tarusan'),
(4991,32,'Sumatera Barat',357,'Pesisir Selatan','Kabupaten','Lengayang'),
(4992,32,'Sumatera Barat',357,'Pesisir Selatan','Kabupaten','Linggo Sari Baganti'),
(4993,32,'Sumatera Barat',357,'Pesisir Selatan','Kabupaten','Lunang'),
(4994,32,'Sumatera Barat',357,'Pesisir Selatan','Kabupaten','Pancung Soal'),
(4995,32,'Sumatera Barat',357,'Pesisir Selatan','Kabupaten','Ranah Ampek Hulu Tapan'),
(4996,32,'Sumatera Barat',357,'Pesisir Selatan','Kabupaten','Ranah Pesisir'),
(4997,32,'Sumatera Barat',357,'Pesisir Selatan','Kabupaten','Silaut'),
(4998,32,'Sumatera Barat',357,'Pesisir Selatan','Kabupaten','Sutera'),
(4999,21,'Nanggroe Aceh Darussalam (NAD)',358,'Pidie','Kabupaten','Batee'),
(5000,21,'Nanggroe Aceh Darussalam (NAD)',358,'Pidie','Kabupaten','Delima'),
(5001,21,'Nanggroe Aceh Darussalam (NAD)',358,'Pidie','Kabupaten','Geumpang'),
(5002,21,'Nanggroe Aceh Darussalam (NAD)',358,'Pidie','Kabupaten','Glumpang Baro'),
(5003,21,'Nanggroe Aceh Darussalam (NAD)',358,'Pidie','Kabupaten','Glumpang Tiga (Geulumpang Tiga)'),
(5004,21,'Nanggroe Aceh Darussalam (NAD)',358,'Pidie','Kabupaten','Grong Grong'),
(5005,21,'Nanggroe Aceh Darussalam (NAD)',358,'Pidie','Kabupaten','Indrajaya'),
(5006,21,'Nanggroe Aceh Darussalam (NAD)',358,'Pidie','Kabupaten','Kembang Tanjong (Tanjung)'),
(5007,21,'Nanggroe Aceh Darussalam (NAD)',358,'Pidie','Kabupaten','Keumala'),
(5008,21,'Nanggroe Aceh Darussalam (NAD)',358,'Pidie','Kabupaten','Kota Sigli'),
(5009,21,'Nanggroe Aceh Darussalam (NAD)',358,'Pidie','Kabupaten','Mane'),
(5010,21,'Nanggroe Aceh Darussalam (NAD)',358,'Pidie','Kabupaten','Mila'),
(5011,21,'Nanggroe Aceh Darussalam (NAD)',358,'Pidie','Kabupaten','Muara Tiga'),
(5012,21,'Nanggroe Aceh Darussalam (NAD)',358,'Pidie','Kabupaten','Mutiara'),
(5013,21,'Nanggroe Aceh Darussalam (NAD)',358,'Pidie','Kabupaten','Mutiara Timur'),
(5014,21,'Nanggroe Aceh Darussalam (NAD)',358,'Pidie','Kabupaten','Padang Tiji'),
(5015,21,'Nanggroe Aceh Darussalam (NAD)',358,'Pidie','Kabupaten','Peukan Baro'),
(5016,21,'Nanggroe Aceh Darussalam (NAD)',358,'Pidie','Kabupaten','Pidie'),
(5017,21,'Nanggroe Aceh Darussalam (NAD)',358,'Pidie','Kabupaten','Sakti'),
(5018,21,'Nanggroe Aceh Darussalam (NAD)',358,'Pidie','Kabupaten','Simpang Tiga'),
(5019,21,'Nanggroe Aceh Darussalam (NAD)',358,'Pidie','Kabupaten','Tangse'),
(5020,21,'Nanggroe Aceh Darussalam (NAD)',358,'Pidie','Kabupaten','Tiro/Truseb'),
(5021,21,'Nanggroe Aceh Darussalam (NAD)',358,'Pidie','Kabupaten','Titeue'),
(5022,21,'Nanggroe Aceh Darussalam (NAD)',359,'Pidie Jaya','Kabupaten','Bandar Baru'),
(5023,21,'Nanggroe Aceh Darussalam (NAD)',359,'Pidie Jaya','Kabupaten','Bandar Dua'),
(5024,21,'Nanggroe Aceh Darussalam (NAD)',359,'Pidie Jaya','Kabupaten','Jangka Buya'),
(5025,21,'Nanggroe Aceh Darussalam (NAD)',359,'Pidie Jaya','Kabupaten','Meurah Dua'),
(5026,21,'Nanggroe Aceh Darussalam (NAD)',359,'Pidie Jaya','Kabupaten','Meureudu'),
(5027,21,'Nanggroe Aceh Darussalam (NAD)',359,'Pidie Jaya','Kabupaten','Panteraja'),
(5028,21,'Nanggroe Aceh Darussalam (NAD)',359,'Pidie Jaya','Kabupaten','Trienggadeng'),
(5029,21,'Nanggroe Aceh Darussalam (NAD)',359,'Pidie Jaya','Kabupaten','Ulim'),
(5030,28,'Sulawesi Selatan',360,'Pinrang','Kabupaten','Batulappa'),
(5031,28,'Sulawesi Selatan',360,'Pinrang','Kabupaten','Cempa'),
(5032,28,'Sulawesi Selatan',360,'Pinrang','Kabupaten','Duampanua'),
(5033,28,'Sulawesi Selatan',360,'Pinrang','Kabupaten','Lanrisang'),
(5034,28,'Sulawesi Selatan',360,'Pinrang','Kabupaten','Lembang'),
(5035,28,'Sulawesi Selatan',360,'Pinrang','Kabupaten','Mattiro Bulu'),
(5036,28,'Sulawesi Selatan',360,'Pinrang','Kabupaten','Mattiro Sompe'),
(5037,28,'Sulawesi Selatan',360,'Pinrang','Kabupaten','Paleteang'),
(5038,28,'Sulawesi Selatan',360,'Pinrang','Kabupaten','Patampanua'),
(5039,28,'Sulawesi Selatan',360,'Pinrang','Kabupaten','Suppa'),
(5040,28,'Sulawesi Selatan',360,'Pinrang','Kabupaten','Tiroang'),
(5041,28,'Sulawesi Selatan',360,'Pinrang','Kabupaten','Watang Sawitto'),
(5042,7,'Gorontalo',361,'Pohuwato','Kabupaten','Buntulia'),
(5043,7,'Gorontalo',361,'Pohuwato','Kabupaten','Dengilo'),
(5044,7,'Gorontalo',361,'Pohuwato','Kabupaten','Duhiadaa'),
(5045,7,'Gorontalo',361,'Pohuwato','Kabupaten','Lemito'),
(5046,7,'Gorontalo',361,'Pohuwato','Kabupaten','Marisa'),
(5047,7,'Gorontalo',361,'Pohuwato','Kabupaten','Paguat'),
(5048,7,'Gorontalo',361,'Pohuwato','Kabupaten','Patilanggio'),
(5049,7,'Gorontalo',361,'Pohuwato','Kabupaten','Popayato'),
(5050,7,'Gorontalo',361,'Pohuwato','Kabupaten','Popayato Barat'),
(5051,7,'Gorontalo',361,'Pohuwato','Kabupaten','Popayato Timur'),
(5052,7,'Gorontalo',361,'Pohuwato','Kabupaten','Randangan'),
(5053,7,'Gorontalo',361,'Pohuwato','Kabupaten','Taluditi (Taluduti)'),
(5054,7,'Gorontalo',361,'Pohuwato','Kabupaten','Wanggarasi'),
(5055,27,'Sulawesi Barat',362,'Polewali Mandar','Kabupaten','Alu (Allu)'),
(5056,27,'Sulawesi Barat',362,'Polewali Mandar','Kabupaten','Anreapi'),
(5057,27,'Sulawesi Barat',362,'Polewali Mandar','Kabupaten','Balanipa'),
(5058,27,'Sulawesi Barat',362,'Polewali Mandar','Kabupaten','Binuang'),
(5059,27,'Sulawesi Barat',362,'Polewali Mandar','Kabupaten','Bulo'),
(5060,27,'Sulawesi Barat',362,'Polewali Mandar','Kabupaten','Campalagian'),
(5061,27,'Sulawesi Barat',362,'Polewali Mandar','Kabupaten','Limboro'),
(5062,27,'Sulawesi Barat',362,'Polewali Mandar','Kabupaten','Luyo'),
(5063,27,'Sulawesi Barat',362,'Polewali Mandar','Kabupaten','Mapilli'),
(5064,27,'Sulawesi Barat',362,'Polewali Mandar','Kabupaten','Matakali'),
(5065,27,'Sulawesi Barat',362,'Polewali Mandar','Kabupaten','Matangnga'),
(5066,27,'Sulawesi Barat',362,'Polewali Mandar','Kabupaten','Polewali'),
(5067,27,'Sulawesi Barat',362,'Polewali Mandar','Kabupaten','Tapango'),
(5068,27,'Sulawesi Barat',362,'Polewali Mandar','Kabupaten','Tinambung'),
(5069,27,'Sulawesi Barat',362,'Polewali Mandar','Kabupaten','Tubbi Taramanu (Tutar/Tutallu)'),
(5070,27,'Sulawesi Barat',362,'Polewali Mandar','Kabupaten','Wonomulyo'),
(5071,11,'Jawa Timur',363,'Ponorogo','Kabupaten','Babadan'),
(5072,11,'Jawa Timur',363,'Ponorogo','Kabupaten','Badegan'),
(5073,11,'Jawa Timur',363,'Ponorogo','Kabupaten','Balong'),
(5074,11,'Jawa Timur',363,'Ponorogo','Kabupaten','Bungkal'),
(5075,11,'Jawa Timur',363,'Ponorogo','Kabupaten','Jambon'),
(5076,11,'Jawa Timur',363,'Ponorogo','Kabupaten','Jenangan'),
(5077,11,'Jawa Timur',363,'Ponorogo','Kabupaten','Jetis'),
(5078,11,'Jawa Timur',363,'Ponorogo','Kabupaten','Kauman'),
(5079,11,'Jawa Timur',363,'Ponorogo','Kabupaten','Mlarak'),
(5080,11,'Jawa Timur',363,'Ponorogo','Kabupaten','Ngebel'),
(5081,11,'Jawa Timur',363,'Ponorogo','Kabupaten','Ngrayun'),
(5082,11,'Jawa Timur',363,'Ponorogo','Kabupaten','Ponorogo'),
(5083,11,'Jawa Timur',363,'Ponorogo','Kabupaten','Pudak'),
(5084,11,'Jawa Timur',363,'Ponorogo','Kabupaten','Pulung'),
(5085,11,'Jawa Timur',363,'Ponorogo','Kabupaten','Sambit'),
(5086,11,'Jawa Timur',363,'Ponorogo','Kabupaten','Sampung'),
(5087,11,'Jawa Timur',363,'Ponorogo','Kabupaten','Sawoo'),
(5088,11,'Jawa Timur',363,'Ponorogo','Kabupaten','Siman'),
(5089,11,'Jawa Timur',363,'Ponorogo','Kabupaten','Slahung'),
(5090,11,'Jawa Timur',363,'Ponorogo','Kabupaten','Sooko'),
(5091,11,'Jawa Timur',363,'Ponorogo','Kabupaten','Sukorejo'),
(5092,12,'Kalimantan Barat',364,'Pontianak','Kabupaten','Anjongan'),
(5093,12,'Kalimantan Barat',364,'Pontianak','Kabupaten','Mempawah Hilir'),
(5094,12,'Kalimantan Barat',364,'Pontianak','Kabupaten','Mempawah Timur'),
(5095,12,'Kalimantan Barat',364,'Pontianak','Kabupaten','Sadaniang'),
(5096,12,'Kalimantan Barat',364,'Pontianak','Kabupaten','Segedong'),
(5097,12,'Kalimantan Barat',364,'Pontianak','Kabupaten','Sei/Sungai Kunyit'),
(5098,12,'Kalimantan Barat',364,'Pontianak','Kabupaten','Sei/Sungai Pinyuh'),
(5099,12,'Kalimantan Barat',364,'Pontianak','Kabupaten','Siantan'),
(5100,12,'Kalimantan Barat',364,'Pontianak','Kabupaten','Toho'),
(5101,12,'Kalimantan Barat',365,'Pontianak','Kota','Pontianak Barat'),
(5102,12,'Kalimantan Barat',365,'Pontianak','Kota','Pontianak Kota'),
(5103,12,'Kalimantan Barat',365,'Pontianak','Kota','Pontianak Selatan'),
(5104,12,'Kalimantan Barat',365,'Pontianak','Kota','Pontianak Tenggara'),
(5105,12,'Kalimantan Barat',365,'Pontianak','Kota','Pontianak Timur'),
(5106,12,'Kalimantan Barat',365,'Pontianak','Kota','Pontianak Utara'),
(5107,29,'Sulawesi Tengah',366,'Poso','Kabupaten','Lage'),
(5108,29,'Sulawesi Tengah',366,'Poso','Kabupaten','Lore Barat'),
(5109,29,'Sulawesi Tengah',366,'Poso','Kabupaten','Lore Piore'),
(5110,29,'Sulawesi Tengah',366,'Poso','Kabupaten','Lore Selatan'),
(5111,29,'Sulawesi Tengah',366,'Poso','Kabupaten','Lore Tengah'),
(5112,29,'Sulawesi Tengah',366,'Poso','Kabupaten','Lore Timur'),
(5113,29,'Sulawesi Tengah',366,'Poso','Kabupaten','Lore Utara'),
(5114,29,'Sulawesi Tengah',366,'Poso','Kabupaten','Pamona Barat'),
(5115,29,'Sulawesi Tengah',366,'Poso','Kabupaten','Pamona Puselemba'),
(5116,29,'Sulawesi Tengah',366,'Poso','Kabupaten','Pamona Selatan'),
(5117,29,'Sulawesi Tengah',366,'Poso','Kabupaten','Pamona Tenggara'),
(5118,29,'Sulawesi Tengah',366,'Poso','Kabupaten','Pamona Timur'),
(5119,29,'Sulawesi Tengah',366,'Poso','Kabupaten','Pamona Utara'),
(5120,29,'Sulawesi Tengah',366,'Poso','Kabupaten','Poso Kota'),
(5121,29,'Sulawesi Tengah',366,'Poso','Kabupaten','Poso Kota Selatan'),
(5122,29,'Sulawesi Tengah',366,'Poso','Kabupaten','Poso Kota Utara'),
(5123,29,'Sulawesi Tengah',366,'Poso','Kabupaten','Poso Pesisir'),
(5124,29,'Sulawesi Tengah',366,'Poso','Kabupaten','Poso Pesisir Selatan'),
(5125,29,'Sulawesi Tengah',366,'Poso','Kabupaten','Poso Pesisir Utara'),
(5126,33,'Sumatera Selatan',367,'Prabumulih','Kota','Cambai'),
(5127,33,'Sumatera Selatan',367,'Prabumulih','Kota','Prabumulih Barat'),
(5128,33,'Sumatera Selatan',367,'Prabumulih','Kota','Prabumulih Selatan'),
(5129,33,'Sumatera Selatan',367,'Prabumulih','Kota','Prabumulih Timur'),
(5130,33,'Sumatera Selatan',367,'Prabumulih','Kota','Prabumulih Utara'),
(5131,33,'Sumatera Selatan',367,'Prabumulih','Kota','Rambang Kapak Tengah'),
(5132,18,'Lampung',368,'Pringsewu','Kabupaten','Adi Luwih'),
(5133,18,'Lampung',368,'Pringsewu','Kabupaten','Ambarawa'),
(5134,18,'Lampung',368,'Pringsewu','Kabupaten','Banyumas'),
(5135,18,'Lampung',368,'Pringsewu','Kabupaten','Gading Rejo'),
(5136,18,'Lampung',368,'Pringsewu','Kabupaten','Pagelaran'),
(5137,18,'Lampung',368,'Pringsewu','Kabupaten','Pagelaran Utara'),
(5138,18,'Lampung',368,'Pringsewu','Kabupaten','Pardasuka'),
(5139,18,'Lampung',368,'Pringsewu','Kabupaten','Pringsewu'),
(5140,18,'Lampung',368,'Pringsewu','Kabupaten','Sukoharjo'),
(5141,11,'Jawa Timur',369,'Probolinggo','Kabupaten','Bantaran'),
(5142,11,'Jawa Timur',369,'Probolinggo','Kabupaten','Banyu Anyar'),
(5143,11,'Jawa Timur',369,'Probolinggo','Kabupaten','Besuk'),
(5144,11,'Jawa Timur',369,'Probolinggo','Kabupaten','Dringu'),
(5145,11,'Jawa Timur',369,'Probolinggo','Kabupaten','Gading'),
(5146,11,'Jawa Timur',369,'Probolinggo','Kabupaten','Gending'),
(5147,11,'Jawa Timur',369,'Probolinggo','Kabupaten','Kota Anyar'),
(5148,11,'Jawa Timur',369,'Probolinggo','Kabupaten','Kraksaan'),
(5149,11,'Jawa Timur',369,'Probolinggo','Kabupaten','Krejengan'),
(5150,11,'Jawa Timur',369,'Probolinggo','Kabupaten','Krucil'),
(5151,11,'Jawa Timur',369,'Probolinggo','Kabupaten','Kuripan'),
(5152,11,'Jawa Timur',369,'Probolinggo','Kabupaten','Leces'),
(5153,11,'Jawa Timur',369,'Probolinggo','Kabupaten','Lumbang'),
(5154,11,'Jawa Timur',369,'Probolinggo','Kabupaten','Maron'),
(5155,11,'Jawa Timur',369,'Probolinggo','Kabupaten','Paiton'),
(5156,11,'Jawa Timur',369,'Probolinggo','Kabupaten','Pajarakan'),
(5157,11,'Jawa Timur',369,'Probolinggo','Kabupaten','Pakuniran'),
(5158,11,'Jawa Timur',369,'Probolinggo','Kabupaten','Sukapura'),
(5159,11,'Jawa Timur',369,'Probolinggo','Kabupaten','Sumber'),
(5160,11,'Jawa Timur',369,'Probolinggo','Kabupaten','Sumberasih'),
(5161,11,'Jawa Timur',369,'Probolinggo','Kabupaten','Tegal Siwalan'),
(5162,11,'Jawa Timur',369,'Probolinggo','Kabupaten','Tiris'),
(5163,11,'Jawa Timur',369,'Probolinggo','Kabupaten','Tongas'),
(5164,11,'Jawa Timur',369,'Probolinggo','Kabupaten','Wonomerto'),
(5165,11,'Jawa Timur',370,'Probolinggo','Kota','Kademangan'),
(5166,11,'Jawa Timur',370,'Probolinggo','Kota','Kanigaran'),
(5167,11,'Jawa Timur',370,'Probolinggo','Kota','Kedopok (Kedopak)'),
(5168,11,'Jawa Timur',370,'Probolinggo','Kota','Mayangan'),
(5169,11,'Jawa Timur',370,'Probolinggo','Kota','Wonoasih'),
(5170,14,'Kalimantan Tengah',371,'Pulang Pisau','Kabupaten','Banama Tingang'),
(5171,14,'Kalimantan Tengah',371,'Pulang Pisau','Kabupaten','Jabiren Raya'),
(5172,14,'Kalimantan Tengah',371,'Pulang Pisau','Kabupaten','Kahayan Hilir'),
(5173,14,'Kalimantan Tengah',371,'Pulang Pisau','Kabupaten','Kahayan Kuala'),
(5174,14,'Kalimantan Tengah',371,'Pulang Pisau','Kabupaten','Kahayan Tengah'),
(5175,14,'Kalimantan Tengah',371,'Pulang Pisau','Kabupaten','Maliku'),
(5176,14,'Kalimantan Tengah',371,'Pulang Pisau','Kabupaten','Pandih Batu'),
(5177,14,'Kalimantan Tengah',371,'Pulang Pisau','Kabupaten','Sebangau Kuala'),
(5178,20,'Maluku Utara',372,'Pulau Morotai','Kabupaten','Morotai Jaya'),
(5179,20,'Maluku Utara',372,'Pulau Morotai','Kabupaten','Morotai Selatan'),
(5180,20,'Maluku Utara',372,'Pulau Morotai','Kabupaten','Morotai Selatan Barat'),
(5181,20,'Maluku Utara',372,'Pulau Morotai','Kabupaten','Morotai Timur'),
(5182,20,'Maluku Utara',372,'Pulau Morotai','Kabupaten','Morotai Utara'),
(5183,24,'Papua',373,'Puncak','Kabupaten','Agadugume'),
(5184,24,'Papua',373,'Puncak','Kabupaten','Beoga'),
(5185,24,'Papua',373,'Puncak','Kabupaten','Doufu'),
(5186,24,'Papua',373,'Puncak','Kabupaten','Gome'),
(5187,24,'Papua',373,'Puncak','Kabupaten','Ilaga'),
(5188,24,'Papua',373,'Puncak','Kabupaten','Pogoma'),
(5189,24,'Papua',373,'Puncak','Kabupaten','Sinak'),
(5190,24,'Papua',373,'Puncak','Kabupaten','Wangbe'),
(5191,24,'Papua',374,'Puncak Jaya','Kabupaten','Fawi'),
(5192,24,'Papua',374,'Puncak Jaya','Kabupaten','Ilu'),
(5193,24,'Papua',374,'Puncak Jaya','Kabupaten','Jigonikme'),
(5194,24,'Papua',374,'Puncak Jaya','Kabupaten','Mewoluk (Mewulok)'),
(5195,24,'Papua',374,'Puncak Jaya','Kabupaten','Mulia'),
(5196,24,'Papua',374,'Puncak Jaya','Kabupaten','Tingginambut'),
(5197,24,'Papua',374,'Puncak Jaya','Kabupaten','Torere'),
(5198,24,'Papua',374,'Puncak Jaya','Kabupaten','Yamo'),
(5199,10,'Jawa Tengah',375,'Purbalingga','Kabupaten','Bobotsari'),
(5200,10,'Jawa Tengah',375,'Purbalingga','Kabupaten','Bojongsari'),
(5201,10,'Jawa Tengah',375,'Purbalingga','Kabupaten','Bukateja'),
(5202,10,'Jawa Tengah',375,'Purbalingga','Kabupaten','Kaligondang'),
(5203,10,'Jawa Tengah',375,'Purbalingga','Kabupaten','Kalimanah'),
(5204,10,'Jawa Tengah',375,'Purbalingga','Kabupaten','Karanganyar'),
(5205,10,'Jawa Tengah',375,'Purbalingga','Kabupaten','Karangjambu'),
(5206,10,'Jawa Tengah',375,'Purbalingga','Kabupaten','Karangmoncol'),
(5207,10,'Jawa Tengah',375,'Purbalingga','Kabupaten','Karangreja'),
(5208,10,'Jawa Tengah',375,'Purbalingga','Kabupaten','Kejobong'),
(5209,10,'Jawa Tengah',375,'Purbalingga','Kabupaten','Kemangkon'),
(5210,10,'Jawa Tengah',375,'Purbalingga','Kabupaten','Kertanegara'),
(5211,10,'Jawa Tengah',375,'Purbalingga','Kabupaten','Kutasari'),
(5212,10,'Jawa Tengah',375,'Purbalingga','Kabupaten','Mrebet'),
(5213,10,'Jawa Tengah',375,'Purbalingga','Kabupaten','Padamara'),
(5214,10,'Jawa Tengah',375,'Purbalingga','Kabupaten','Pengadegan'),
(5215,10,'Jawa Tengah',375,'Purbalingga','Kabupaten','Purbalingga'),
(5216,10,'Jawa Tengah',375,'Purbalingga','Kabupaten','Rembang'),
(5217,9,'Jawa Barat',376,'Purwakarta','Kabupaten','Babakancikao'),
(5218,9,'Jawa Barat',376,'Purwakarta','Kabupaten','Bojong'),
(5219,9,'Jawa Barat',376,'Purwakarta','Kabupaten','Bungursari'),
(5220,9,'Jawa Barat',376,'Purwakarta','Kabupaten','Campaka'),
(5221,9,'Jawa Barat',376,'Purwakarta','Kabupaten','Cibatu'),
(5222,9,'Jawa Barat',376,'Purwakarta','Kabupaten','Darangdan'),
(5223,9,'Jawa Barat',376,'Purwakarta','Kabupaten','Jatiluhur'),
(5224,9,'Jawa Barat',376,'Purwakarta','Kabupaten','Kiarapedes'),
(5225,9,'Jawa Barat',376,'Purwakarta','Kabupaten','Maniis'),
(5226,9,'Jawa Barat',376,'Purwakarta','Kabupaten','Pasawahan'),
(5227,9,'Jawa Barat',376,'Purwakarta','Kabupaten','Plered'),
(5228,9,'Jawa Barat',376,'Purwakarta','Kabupaten','Pondoksalam'),
(5229,9,'Jawa Barat',376,'Purwakarta','Kabupaten','Purwakarta'),
(5230,9,'Jawa Barat',376,'Purwakarta','Kabupaten','Sukasari'),
(5231,9,'Jawa Barat',376,'Purwakarta','Kabupaten','Sukatani'),
(5232,9,'Jawa Barat',376,'Purwakarta','Kabupaten','Tegal Waru'),
(5233,9,'Jawa Barat',376,'Purwakarta','Kabupaten','Wanayasa'),
(5234,10,'Jawa Tengah',377,'Purworejo','Kabupaten','Bagelen'),
(5235,10,'Jawa Tengah',377,'Purworejo','Kabupaten','Banyuurip'),
(5236,10,'Jawa Tengah',377,'Purworejo','Kabupaten','Bayan'),
(5237,10,'Jawa Tengah',377,'Purworejo','Kabupaten','Bener'),
(5238,10,'Jawa Tengah',377,'Purworejo','Kabupaten','Bruno'),
(5239,10,'Jawa Tengah',377,'Purworejo','Kabupaten','Butuh'),
(5240,10,'Jawa Tengah',377,'Purworejo','Kabupaten','Gebang'),
(5241,10,'Jawa Tengah',377,'Purworejo','Kabupaten','Grabag'),
(5242,10,'Jawa Tengah',377,'Purworejo','Kabupaten','Kaligesing'),
(5243,10,'Jawa Tengah',377,'Purworejo','Kabupaten','Kemiri'),
(5244,10,'Jawa Tengah',377,'Purworejo','Kabupaten','Kutoarjo'),
(5245,10,'Jawa Tengah',377,'Purworejo','Kabupaten','Loano'),
(5246,10,'Jawa Tengah',377,'Purworejo','Kabupaten','Ngombol'),
(5247,10,'Jawa Tengah',377,'Purworejo','Kabupaten','Pituruh'),
(5248,10,'Jawa Tengah',377,'Purworejo','Kabupaten','Purwodadi'),
(5249,10,'Jawa Tengah',377,'Purworejo','Kabupaten','Purworejo'),
(5250,25,'Papua Barat',378,'Raja Ampat','Kabupaten','Ayau'),
(5251,25,'Papua Barat',378,'Raja Ampat','Kabupaten','Batanta Selatan'),
(5252,25,'Papua Barat',378,'Raja Ampat','Kabupaten','Batanta Utara'),
(5253,25,'Papua Barat',378,'Raja Ampat','Kabupaten','Kepulauan Ayau'),
(5254,25,'Papua Barat',378,'Raja Ampat','Kabupaten','Kepulauan Sembilan'),
(5255,25,'Papua Barat',378,'Raja Ampat','Kabupaten','Kofiau'),
(5256,25,'Papua Barat',378,'Raja Ampat','Kabupaten','Kota Waisai'),
(5257,25,'Papua Barat',378,'Raja Ampat','Kabupaten','Meos Mansar'),
(5258,25,'Papua Barat',378,'Raja Ampat','Kabupaten','Misool (Misool Utara)'),
(5259,25,'Papua Barat',378,'Raja Ampat','Kabupaten','Misool Barat'),
(5260,25,'Papua Barat',378,'Raja Ampat','Kabupaten','Misool Selatan'),
(5261,25,'Papua Barat',378,'Raja Ampat','Kabupaten','Misool Timur'),
(5262,25,'Papua Barat',378,'Raja Ampat','Kabupaten','Salawati Barat'),
(5263,25,'Papua Barat',378,'Raja Ampat','Kabupaten','Salawati Tengah'),
(5264,25,'Papua Barat',378,'Raja Ampat','Kabupaten','Salawati Utara (Samate)'),
(5265,25,'Papua Barat',378,'Raja Ampat','Kabupaten','Supnin'),
(5266,25,'Papua Barat',378,'Raja Ampat','Kabupaten','Teluk Mayalibit'),
(5267,25,'Papua Barat',378,'Raja Ampat','Kabupaten','Tiplol Mayalibit'),
(5268,25,'Papua Barat',378,'Raja Ampat','Kabupaten','Waigeo Barat'),
(5269,25,'Papua Barat',378,'Raja Ampat','Kabupaten','Waigeo Barat Kepulauan'),
(5270,25,'Papua Barat',378,'Raja Ampat','Kabupaten','Waigeo Selatan'),
(5271,25,'Papua Barat',378,'Raja Ampat','Kabupaten','Waigeo Timur'),
(5272,25,'Papua Barat',378,'Raja Ampat','Kabupaten','Waigeo Utara'),
(5273,25,'Papua Barat',378,'Raja Ampat','Kabupaten','Warwabomi'),
(5274,4,'Bengkulu',379,'Rejang Lebong','Kabupaten','Bermani Ulu'),
(5275,4,'Bengkulu',379,'Rejang Lebong','Kabupaten','Bermani Ulu Raya'),
(5276,4,'Bengkulu',379,'Rejang Lebong','Kabupaten','Binduriang'),
(5277,4,'Bengkulu',379,'Rejang Lebong','Kabupaten','Curup'),
(5278,4,'Bengkulu',379,'Rejang Lebong','Kabupaten','Curup Selatan'),
(5279,4,'Bengkulu',379,'Rejang Lebong','Kabupaten','Curup Tengah'),
(5280,4,'Bengkulu',379,'Rejang Lebong','Kabupaten','Curup Timur'),
(5281,4,'Bengkulu',379,'Rejang Lebong','Kabupaten','Curup Utara'),
(5282,4,'Bengkulu',379,'Rejang Lebong','Kabupaten','Kota Padang'),
(5283,4,'Bengkulu',379,'Rejang Lebong','Kabupaten','Padang Ulak Tanding'),
(5284,4,'Bengkulu',379,'Rejang Lebong','Kabupaten','Selupu Rejang'),
(5285,4,'Bengkulu',379,'Rejang Lebong','Kabupaten','Sindang Beliti Ilir'),
(5286,4,'Bengkulu',379,'Rejang Lebong','Kabupaten','Sindang Beliti Ulu'),
(5287,4,'Bengkulu',379,'Rejang Lebong','Kabupaten','Sindang Daratan'),
(5288,4,'Bengkulu',379,'Rejang Lebong','Kabupaten','Sindang Kelingi'),
(5289,10,'Jawa Tengah',380,'Rembang','Kabupaten','Bulu'),
(5290,10,'Jawa Tengah',380,'Rembang','Kabupaten','Gunem'),
(5291,10,'Jawa Tengah',380,'Rembang','Kabupaten','Kaliori'),
(5292,10,'Jawa Tengah',380,'Rembang','Kabupaten','Kragan'),
(5293,10,'Jawa Tengah',380,'Rembang','Kabupaten','Lasem'),
(5294,10,'Jawa Tengah',380,'Rembang','Kabupaten','Pamotan'),
(5295,10,'Jawa Tengah',380,'Rembang','Kabupaten','Pancur'),
(5296,10,'Jawa Tengah',380,'Rembang','Kabupaten','Rembang'),
(5297,10,'Jawa Tengah',380,'Rembang','Kabupaten','Sale'),
(5298,10,'Jawa Tengah',380,'Rembang','Kabupaten','Sarang'),
(5299,10,'Jawa Tengah',380,'Rembang','Kabupaten','Sedan'),
(5300,10,'Jawa Tengah',380,'Rembang','Kabupaten','Sluke'),
(5301,10,'Jawa Tengah',380,'Rembang','Kabupaten','Sulang'),
(5302,10,'Jawa Tengah',380,'Rembang','Kabupaten','Sumber'),
(5303,26,'Riau',381,'Rokan Hilir','Kabupaten','Bagan Sinembah'),
(5304,26,'Riau',381,'Rokan Hilir','Kabupaten','Bangko'),
(5305,26,'Riau',381,'Rokan Hilir','Kabupaten','Bangko Pusaka (Pusako)'),
(5306,26,'Riau',381,'Rokan Hilir','Kabupaten','Batu Hampar'),
(5307,26,'Riau',381,'Rokan Hilir','Kabupaten','Kubu'),
(5308,26,'Riau',381,'Rokan Hilir','Kabupaten','Kubu Babussalam'),
(5309,26,'Riau',381,'Rokan Hilir','Kabupaten','Pasir Limau Kapas'),
(5310,26,'Riau',381,'Rokan Hilir','Kabupaten','Pekaitan'),
(5311,26,'Riau',381,'Rokan Hilir','Kabupaten','Pujud'),
(5312,26,'Riau',381,'Rokan Hilir','Kabupaten','Rantau Kopar'),
(5313,26,'Riau',381,'Rokan Hilir','Kabupaten','Rimba Melintang'),
(5314,26,'Riau',381,'Rokan Hilir','Kabupaten','Simpang Kanan'),
(5315,26,'Riau',381,'Rokan Hilir','Kabupaten','Sinaboi (Senaboi)'),
(5316,26,'Riau',381,'Rokan Hilir','Kabupaten','Tanah Putih'),
(5317,26,'Riau',381,'Rokan Hilir','Kabupaten','Tanah Putih Tanjung Melawan'),
(5318,26,'Riau',382,'Rokan Hulu','Kabupaten','Bangun Purba'),
(5319,26,'Riau',382,'Rokan Hulu','Kabupaten','Bonai Darussalam'),
(5320,26,'Riau',382,'Rokan Hulu','Kabupaten','Kabun'),
(5321,26,'Riau',382,'Rokan Hulu','Kabupaten','Kepenuhan'),
(5322,26,'Riau',382,'Rokan Hulu','Kabupaten','Kepenuhan Hulu'),
(5323,26,'Riau',382,'Rokan Hulu','Kabupaten','Kunto Darussalam'),
(5324,26,'Riau',382,'Rokan Hulu','Kabupaten','Pagaran Tapah Darussalam'),
(5325,26,'Riau',382,'Rokan Hulu','Kabupaten','Pendalian IV Koto'),
(5326,26,'Riau',382,'Rokan Hulu','Kabupaten','Rambah'),
(5327,26,'Riau',382,'Rokan Hulu','Kabupaten','Rambah Hilir'),
(5328,26,'Riau',382,'Rokan Hulu','Kabupaten','Rambah Samo'),
(5329,26,'Riau',382,'Rokan Hulu','Kabupaten','Rokan IV Koto'),
(5330,26,'Riau',382,'Rokan Hulu','Kabupaten','Tambusai'),
(5331,26,'Riau',382,'Rokan Hulu','Kabupaten','Tambusai Utara'),
(5332,26,'Riau',382,'Rokan Hulu','Kabupaten','Tandun'),
(5333,26,'Riau',382,'Rokan Hulu','Kabupaten','Ujung Batu'),
(5334,23,'Nusa Tenggara Timur (NTT)',383,'Rote Ndao','Kabupaten','Landu Leko'),
(5335,23,'Nusa Tenggara Timur (NTT)',383,'Rote Ndao','Kabupaten','Lobalain'),
(5336,23,'Nusa Tenggara Timur (NTT)',383,'Rote Ndao','Kabupaten','Ndao Nuse'),
(5337,23,'Nusa Tenggara Timur (NTT)',383,'Rote Ndao','Kabupaten','Pantai Baru'),
(5338,23,'Nusa Tenggara Timur (NTT)',383,'Rote Ndao','Kabupaten','Rote Barat'),
(5339,23,'Nusa Tenggara Timur (NTT)',383,'Rote Ndao','Kabupaten','Rote Barat Daya'),
(5340,23,'Nusa Tenggara Timur (NTT)',383,'Rote Ndao','Kabupaten','Rote Barat Laut'),
(5341,23,'Nusa Tenggara Timur (NTT)',383,'Rote Ndao','Kabupaten','Rote Selatan'),
(5342,23,'Nusa Tenggara Timur (NTT)',383,'Rote Ndao','Kabupaten','Rote Tengah'),
(5343,23,'Nusa Tenggara Timur (NTT)',383,'Rote Ndao','Kabupaten','Rote Timur'),
(5344,21,'Nanggroe Aceh Darussalam (NAD)',384,'Sabang','Kota','Sukajaya'),
(5345,21,'Nanggroe Aceh Darussalam (NAD)',384,'Sabang','Kota','Sukakarya'),
(5346,23,'Nusa Tenggara Timur (NTT)',385,'Sabu Raijua','Kabupaten','Hawu Mehara'),
(5347,23,'Nusa Tenggara Timur (NTT)',385,'Sabu Raijua','Kabupaten','Raijua'),
(5348,23,'Nusa Tenggara Timur (NTT)',385,'Sabu Raijua','Kabupaten','Sabu Barat'),
(5349,23,'Nusa Tenggara Timur (NTT)',385,'Sabu Raijua','Kabupaten','Sabu Liae'),
(5350,23,'Nusa Tenggara Timur (NTT)',385,'Sabu Raijua','Kabupaten','Sabu Tengah'),
(5351,23,'Nusa Tenggara Timur (NTT)',385,'Sabu Raijua','Kabupaten','Sabu Timur'),
(5352,10,'Jawa Tengah',386,'Salatiga','Kota','Argomulyo'),
(5353,10,'Jawa Tengah',386,'Salatiga','Kota','Sidomukti'),
(5354,10,'Jawa Tengah',386,'Salatiga','Kota','Sidorejo'),
(5355,10,'Jawa Tengah',386,'Salatiga','Kota','Tingkir'),
(5356,15,'Kalimantan Timur',387,'Samarinda','Kota','Loa Janan Ilir'),
(5357,15,'Kalimantan Timur',387,'Samarinda','Kota','Palaran'),
(5358,15,'Kalimantan Timur',387,'Samarinda','Kota','Samarinda Ilir'),
(5359,15,'Kalimantan Timur',387,'Samarinda','Kota','Samarinda Kota'),
(5360,15,'Kalimantan Timur',387,'Samarinda','Kota','Samarinda Seberang'),
(5361,15,'Kalimantan Timur',387,'Samarinda','Kota','Samarinda Ulu'),
(5362,15,'Kalimantan Timur',387,'Samarinda','Kota','Samarinda Utara'),
(5363,15,'Kalimantan Timur',387,'Samarinda','Kota','Sambutan'),
(5364,15,'Kalimantan Timur',387,'Samarinda','Kota','Sungai Kunjang'),
(5365,15,'Kalimantan Timur',387,'Samarinda','Kota','Sungai Pinang'),
(5366,12,'Kalimantan Barat',388,'Sambas','Kabupaten','Galing'),
(5367,12,'Kalimantan Barat',388,'Sambas','Kabupaten','Jawai'),
(5368,12,'Kalimantan Barat',388,'Sambas','Kabupaten','Jawai Selatan'),
(5369,12,'Kalimantan Barat',388,'Sambas','Kabupaten','Paloh'),
(5370,12,'Kalimantan Barat',388,'Sambas','Kabupaten','Pemangkat'),
(5371,12,'Kalimantan Barat',388,'Sambas','Kabupaten','Sajad'),
(5372,12,'Kalimantan Barat',388,'Sambas','Kabupaten','Sajingan Besar'),
(5373,12,'Kalimantan Barat',388,'Sambas','Kabupaten','Salatiga'),
(5374,12,'Kalimantan Barat',388,'Sambas','Kabupaten','Sambas'),
(5375,12,'Kalimantan Barat',388,'Sambas','Kabupaten','Sebawi'),
(5376,12,'Kalimantan Barat',388,'Sambas','Kabupaten','Sejangkung'),
(5377,12,'Kalimantan Barat',388,'Sambas','Kabupaten','Selakau'),
(5378,12,'Kalimantan Barat',388,'Sambas','Kabupaten','Selakau Timur'),
(5379,12,'Kalimantan Barat',388,'Sambas','Kabupaten','Semparuk'),
(5380,12,'Kalimantan Barat',388,'Sambas','Kabupaten','Subah'),
(5381,12,'Kalimantan Barat',388,'Sambas','Kabupaten','Tangaran'),
(5382,12,'Kalimantan Barat',388,'Sambas','Kabupaten','Tebas'),
(5383,12,'Kalimantan Barat',388,'Sambas','Kabupaten','Tekarang'),
(5384,12,'Kalimantan Barat',388,'Sambas','Kabupaten','Teluk Keramat'),
(5385,34,'Sumatera Utara',389,'Samosir','Kabupaten','Harian'),
(5386,34,'Sumatera Utara',389,'Samosir','Kabupaten','Nainggolan'),
(5387,34,'Sumatera Utara',389,'Samosir','Kabupaten','Onan Runggu'),
(5388,34,'Sumatera Utara',389,'Samosir','Kabupaten','Palipi'),
(5389,34,'Sumatera Utara',389,'Samosir','Kabupaten','Pangururan'),
(5390,34,'Sumatera Utara',389,'Samosir','Kabupaten','Ronggur Nihuta'),
(5391,34,'Sumatera Utara',389,'Samosir','Kabupaten','Sianjur Mula-Mula'),
(5392,34,'Sumatera Utara',389,'Samosir','Kabupaten','Simanindo'),
(5393,34,'Sumatera Utara',389,'Samosir','Kabupaten','Sitio-Tio'),
(5394,11,'Jawa Timur',390,'Sampang','Kabupaten','Banyuates'),
(5395,11,'Jawa Timur',390,'Sampang','Kabupaten','Camplong'),
(5396,11,'Jawa Timur',390,'Sampang','Kabupaten','Jrengik'),
(5397,11,'Jawa Timur',390,'Sampang','Kabupaten','Karang Penang'),
(5398,11,'Jawa Timur',390,'Sampang','Kabupaten','Kedungdung'),
(5399,11,'Jawa Timur',390,'Sampang','Kabupaten','Ketapang'),
(5400,11,'Jawa Timur',390,'Sampang','Kabupaten','Omben'),
(5401,11,'Jawa Timur',390,'Sampang','Kabupaten','Pangarengan'),
(5402,11,'Jawa Timur',390,'Sampang','Kabupaten','Robatal'),
(5403,11,'Jawa Timur',390,'Sampang','Kabupaten','Sampang'),
(5404,11,'Jawa Timur',390,'Sampang','Kabupaten','Sokobanah'),
(5405,11,'Jawa Timur',390,'Sampang','Kabupaten','Sreseh'),
(5406,11,'Jawa Timur',390,'Sampang','Kabupaten','Tambelangan'),
(5407,11,'Jawa Timur',390,'Sampang','Kabupaten','Torjun'),
(5408,12,'Kalimantan Barat',391,'Sanggau','Kabupaten','Balai'),
(5409,12,'Kalimantan Barat',391,'Sanggau','Kabupaten','Beduai (Beduwai)'),
(5410,12,'Kalimantan Barat',391,'Sanggau','Kabupaten','Bonti'),
(5411,12,'Kalimantan Barat',391,'Sanggau','Kabupaten','Entikong'),
(5412,12,'Kalimantan Barat',391,'Sanggau','Kabupaten','Jangkang'),
(5413,12,'Kalimantan Barat',391,'Sanggau','Kabupaten','Kapuas (Sanggau Kapuas)'),
(5414,12,'Kalimantan Barat',391,'Sanggau','Kabupaten','Kembayan'),
(5415,12,'Kalimantan Barat',391,'Sanggau','Kabupaten','Meliau'),
(5416,12,'Kalimantan Barat',391,'Sanggau','Kabupaten','Mukok'),
(5417,12,'Kalimantan Barat',391,'Sanggau','Kabupaten','Noyan'),
(5418,12,'Kalimantan Barat',391,'Sanggau','Kabupaten','Parindu'),
(5419,12,'Kalimantan Barat',391,'Sanggau','Kabupaten','Sekayam'),
(5420,12,'Kalimantan Barat',391,'Sanggau','Kabupaten','Tayan Hilir'),
(5421,12,'Kalimantan Barat',391,'Sanggau','Kabupaten','Tayan Hulu'),
(5422,12,'Kalimantan Barat',391,'Sanggau','Kabupaten','Toba'),
(5423,24,'Papua',392,'Sarmi','Kabupaten','Apawer Hulu'),
(5424,24,'Papua',392,'Sarmi','Kabupaten','Bonggo'),
(5425,24,'Papua',392,'Sarmi','Kabupaten','Bonggo Timur'),
(5426,24,'Papua',392,'Sarmi','Kabupaten','Pantai Barat'),
(5427,24,'Papua',392,'Sarmi','Kabupaten','Pantai Timur'),
(5428,24,'Papua',392,'Sarmi','Kabupaten','Pantai Timur Barat'),
(5429,24,'Papua',392,'Sarmi','Kabupaten','Sarmi'),
(5430,24,'Papua',392,'Sarmi','Kabupaten','Sarmi Selatan'),
(5431,24,'Papua',392,'Sarmi','Kabupaten','Sarmi Timur'),
(5432,24,'Papua',392,'Sarmi','Kabupaten','Tor Atas'),
(5433,8,'Jambi',393,'Sarolangun','Kabupaten','Air Hitam'),
(5434,8,'Jambi',393,'Sarolangun','Kabupaten','Batang Asai'),
(5435,8,'Jambi',393,'Sarolangun','Kabupaten','Bathin VIII (Batin VIII)'),
(5436,8,'Jambi',393,'Sarolangun','Kabupaten','Cermin Nan Gadang'),
(5437,8,'Jambi',393,'Sarolangun','Kabupaten','Limun'),
(5438,8,'Jambi',393,'Sarolangun','Kabupaten','Mandiangin'),
(5439,8,'Jambi',393,'Sarolangun','Kabupaten','Pauh'),
(5440,8,'Jambi',393,'Sarolangun','Kabupaten','Pelawan'),
(5441,8,'Jambi',393,'Sarolangun','Kabupaten','Sarolangun'),
(5442,8,'Jambi',393,'Sarolangun','Kabupaten','Singkut'),
(5443,32,'Sumatera Barat',394,'Sawah Lunto','Kota','Barangin'),
(5444,32,'Sumatera Barat',394,'Sawah Lunto','Kota','Lembah Segar'),
(5445,32,'Sumatera Barat',394,'Sawah Lunto','Kota','Silungkang'),
(5446,32,'Sumatera Barat',394,'Sawah Lunto','Kota','Talawi'),
(5447,12,'Kalimantan Barat',395,'Sekadau','Kabupaten','Belitang'),
(5448,12,'Kalimantan Barat',395,'Sekadau','Kabupaten','Belitang Hilir'),
(5449,12,'Kalimantan Barat',395,'Sekadau','Kabupaten','Belitang Hulu'),
(5450,12,'Kalimantan Barat',395,'Sekadau','Kabupaten','Nanga Mahap'),
(5451,12,'Kalimantan Barat',395,'Sekadau','Kabupaten','Nanga Taman'),
(5452,12,'Kalimantan Barat',395,'Sekadau','Kabupaten','Sekadau Hilir'),
(5453,12,'Kalimantan Barat',395,'Sekadau','Kabupaten','Sekadau Hulu'),
(5454,28,'Sulawesi Selatan',396,'Selayar (Kepulauan Selayar)','Kabupaten','Benteng'),
(5455,28,'Sulawesi Selatan',396,'Selayar (Kepulauan Selayar)','Kabupaten','Bontoharu'),
(5456,28,'Sulawesi Selatan',396,'Selayar (Kepulauan Selayar)','Kabupaten','Bontomanai'),
(5457,28,'Sulawesi Selatan',396,'Selayar (Kepulauan Selayar)','Kabupaten','Bontomatene'),
(5458,28,'Sulawesi Selatan',396,'Selayar (Kepulauan Selayar)','Kabupaten','Bontosikuyu'),
(5459,28,'Sulawesi Selatan',396,'Selayar (Kepulauan Selayar)','Kabupaten','Buki'),
(5460,28,'Sulawesi Selatan',396,'Selayar (Kepulauan Selayar)','Kabupaten','Pasilambena'),
(5461,28,'Sulawesi Selatan',396,'Selayar (Kepulauan Selayar)','Kabupaten','Pasimarannu'),
(5462,28,'Sulawesi Selatan',396,'Selayar (Kepulauan Selayar)','Kabupaten','Pasimassunggu'),
(5463,28,'Sulawesi Selatan',396,'Selayar (Kepulauan Selayar)','Kabupaten','Pasimasunggu Timur'),
(5464,28,'Sulawesi Selatan',396,'Selayar (Kepulauan Selayar)','Kabupaten','Takabonerate'),
(5465,4,'Bengkulu',397,'Seluma','Kabupaten','Air Periukan'),
(5466,4,'Bengkulu',397,'Seluma','Kabupaten','Ilir Talo'),
(5467,4,'Bengkulu',397,'Seluma','Kabupaten','Lubuk Sandi'),
(5468,4,'Bengkulu',397,'Seluma','Kabupaten','Seluma'),
(5469,4,'Bengkulu',397,'Seluma','Kabupaten','Seluma Barat'),
(5470,4,'Bengkulu',397,'Seluma','Kabupaten','Seluma Selatan'),
(5471,4,'Bengkulu',397,'Seluma','Kabupaten','Seluma Timur'),
(5472,4,'Bengkulu',397,'Seluma','Kabupaten','Seluma Utara'),
(5473,4,'Bengkulu',397,'Seluma','Kabupaten','Semidang Alas'),
(5474,4,'Bengkulu',397,'Seluma','Kabupaten','Semidang Alas Maras'),
(5475,4,'Bengkulu',397,'Seluma','Kabupaten','Sukaraja'),
(5476,4,'Bengkulu',397,'Seluma','Kabupaten','Talo'),
(5477,4,'Bengkulu',397,'Seluma','Kabupaten','Talo Kecil'),
(5478,4,'Bengkulu',397,'Seluma','Kabupaten','Ulu Talo'),
(5479,10,'Jawa Tengah',398,'Semarang','Kabupaten','Ambarawa'),
(5480,10,'Jawa Tengah',398,'Semarang','Kabupaten','Bancak'),
(5481,10,'Jawa Tengah',398,'Semarang','Kabupaten','Bandungan'),
(5482,10,'Jawa Tengah',398,'Semarang','Kabupaten','Banyubiru'),
(5483,10,'Jawa Tengah',398,'Semarang','Kabupaten','Bawen'),
(5484,10,'Jawa Tengah',398,'Semarang','Kabupaten','Bergas'),
(5485,10,'Jawa Tengah',398,'Semarang','Kabupaten','Bringin'),
(5486,10,'Jawa Tengah',398,'Semarang','Kabupaten','Getasan'),
(5487,10,'Jawa Tengah',398,'Semarang','Kabupaten','Jambu'),
(5488,10,'Jawa Tengah',398,'Semarang','Kabupaten','Kaliwungu'),
(5489,10,'Jawa Tengah',398,'Semarang','Kabupaten','Pabelan'),
(5490,10,'Jawa Tengah',398,'Semarang','Kabupaten','Pringapus'),
(5491,10,'Jawa Tengah',398,'Semarang','Kabupaten','Sumowono'),
(5492,10,'Jawa Tengah',398,'Semarang','Kabupaten','Suruh'),
(5493,10,'Jawa Tengah',398,'Semarang','Kabupaten','Susukan'),
(5494,10,'Jawa Tengah',398,'Semarang','Kabupaten','Tengaran'),
(5495,10,'Jawa Tengah',398,'Semarang','Kabupaten','Tuntang'),
(5496,10,'Jawa Tengah',398,'Semarang','Kabupaten','Ungaran Barat'),
(5497,10,'Jawa Tengah',398,'Semarang','Kabupaten','Ungaran Timur'),
(5498,10,'Jawa Tengah',399,'Semarang','Kota','Banyumanik'),
(5499,10,'Jawa Tengah',399,'Semarang','Kota','Candisari'),
(5500,10,'Jawa Tengah',399,'Semarang','Kota','Gajah Mungkur'),
(5501,10,'Jawa Tengah',399,'Semarang','Kota','Gayamsari'),
(5502,10,'Jawa Tengah',399,'Semarang','Kota','Genuk'),
(5503,10,'Jawa Tengah',399,'Semarang','Kota','Gunungpati'),
(5504,10,'Jawa Tengah',399,'Semarang','Kota','Mijen'),
(5505,10,'Jawa Tengah',399,'Semarang','Kota','Ngaliyan'),
(5506,10,'Jawa Tengah',399,'Semarang','Kota','Pedurungan'),
(5507,10,'Jawa Tengah',399,'Semarang','Kota','Semarang Barat'),
(5508,10,'Jawa Tengah',399,'Semarang','Kota','Semarang Selatan'),
(5509,10,'Jawa Tengah',399,'Semarang','Kota','Semarang Tengah'),
(5510,10,'Jawa Tengah',399,'Semarang','Kota','Semarang Timur'),
(5511,10,'Jawa Tengah',399,'Semarang','Kota','Semarang Utara'),
(5512,10,'Jawa Tengah',399,'Semarang','Kota','Tembalang'),
(5513,10,'Jawa Tengah',399,'Semarang','Kota','Tugu'),
(5514,19,'Maluku',400,'Seram Bagian Barat','Kabupaten','Amalatu'),
(5515,19,'Maluku',400,'Seram Bagian Barat','Kabupaten','Elpaputih'),
(5516,19,'Maluku',400,'Seram Bagian Barat','Kabupaten','Huamual'),
(5517,19,'Maluku',400,'Seram Bagian Barat','Kabupaten','Huamual Belakang (Waisala)'),
(5518,19,'Maluku',400,'Seram Bagian Barat','Kabupaten','Inamosol'),
(5519,19,'Maluku',400,'Seram Bagian Barat','Kabupaten','Kairatu'),
(5520,19,'Maluku',400,'Seram Bagian Barat','Kabupaten','Kairatu Barat'),
(5521,19,'Maluku',400,'Seram Bagian Barat','Kabupaten','Kepulauan Manipa'),
(5522,19,'Maluku',400,'Seram Bagian Barat','Kabupaten','Seram Barat'),
(5523,19,'Maluku',400,'Seram Bagian Barat','Kabupaten','Taniwel'),
(5524,19,'Maluku',400,'Seram Bagian Barat','Kabupaten','Taniwel Timur'),
(5525,19,'Maluku',401,'Seram Bagian Timur','Kabupaten','Bula'),
(5526,19,'Maluku',401,'Seram Bagian Timur','Kabupaten','Bula Barat'),
(5527,19,'Maluku',401,'Seram Bagian Timur','Kabupaten','Gorom Timur'),
(5528,19,'Maluku',401,'Seram Bagian Timur','Kabupaten','Kian Darat'),
(5529,19,'Maluku',401,'Seram Bagian Timur','Kabupaten','Kilmury'),
(5530,19,'Maluku',401,'Seram Bagian Timur','Kabupaten','Pulau Gorong (Gorom)'),
(5531,19,'Maluku',401,'Seram Bagian Timur','Kabupaten','Pulau Panjang'),
(5532,19,'Maluku',401,'Seram Bagian Timur','Kabupaten','Seram Timur'),
(5533,19,'Maluku',401,'Seram Bagian Timur','Kabupaten','Siritaun Wida Timur'),
(5534,19,'Maluku',401,'Seram Bagian Timur','Kabupaten','Siwalalat'),
(5535,19,'Maluku',401,'Seram Bagian Timur','Kabupaten','Teluk Waru'),
(5536,19,'Maluku',401,'Seram Bagian Timur','Kabupaten','Teor'),
(5537,19,'Maluku',401,'Seram Bagian Timur','Kabupaten','Tutuk Tolu'),
(5538,19,'Maluku',401,'Seram Bagian Timur','Kabupaten','Wakate'),
(5539,19,'Maluku',401,'Seram Bagian Timur','Kabupaten','Werinama'),
(5540,3,'Banten',402,'Serang','Kabupaten','Anyar'),
(5541,3,'Banten',402,'Serang','Kabupaten','Bandung'),
(5542,3,'Banten',402,'Serang','Kabupaten','Baros'),
(5543,3,'Banten',402,'Serang','Kabupaten','Binuang'),
(5544,3,'Banten',402,'Serang','Kabupaten','Bojonegara'),
(5545,3,'Banten',402,'Serang','Kabupaten','Carenang (Cerenang)'),
(5546,3,'Banten',402,'Serang','Kabupaten','Cikande'),
(5547,3,'Banten',402,'Serang','Kabupaten','Cikeusal'),
(5548,3,'Banten',402,'Serang','Kabupaten','Cinangka'),
(5549,3,'Banten',402,'Serang','Kabupaten','Ciomas'),
(5550,3,'Banten',402,'Serang','Kabupaten','Ciruas'),
(5551,3,'Banten',402,'Serang','Kabupaten','Gunungsari'),
(5552,3,'Banten',402,'Serang','Kabupaten','Jawilan'),
(5553,3,'Banten',402,'Serang','Kabupaten','Kibin'),
(5554,3,'Banten',402,'Serang','Kabupaten','Kopo'),
(5555,3,'Banten',402,'Serang','Kabupaten','Kragilan'),
(5556,3,'Banten',402,'Serang','Kabupaten','Kramatwatu'),
(5557,3,'Banten',402,'Serang','Kabupaten','Lebak Wangi'),
(5558,3,'Banten',402,'Serang','Kabupaten','Mancak'),
(5559,3,'Banten',402,'Serang','Kabupaten','Pabuaran'),
(5560,3,'Banten',402,'Serang','Kabupaten','Padarincang'),
(5561,3,'Banten',402,'Serang','Kabupaten','Pamarayan'),
(5562,3,'Banten',402,'Serang','Kabupaten','Petir'),
(5563,3,'Banten',402,'Serang','Kabupaten','Pontang'),
(5564,3,'Banten',402,'Serang','Kabupaten','Pulo Ampel'),
(5565,3,'Banten',402,'Serang','Kabupaten','Tanara'),
(5566,3,'Banten',402,'Serang','Kabupaten','Tirtayasa'),
(5567,3,'Banten',402,'Serang','Kabupaten','Tunjung Teja'),
(5568,3,'Banten',402,'Serang','Kabupaten','Waringin Kurung'),
(5569,3,'Banten',403,'Serang','Kota','Cipocok Jaya'),
(5570,3,'Banten',403,'Serang','Kota','Curug'),
(5571,3,'Banten',403,'Serang','Kota','Kasemen'),
(5572,3,'Banten',403,'Serang','Kota','Serang'),
(5573,3,'Banten',403,'Serang','Kota','Taktakan'),
(5574,3,'Banten',403,'Serang','Kota','Walantaka'),
(5575,34,'Sumatera Utara',404,'Serdang Bedagai','Kabupaten','Bandar Khalifah'),
(5576,34,'Sumatera Utara',404,'Serdang Bedagai','Kabupaten','Bintang Bayu'),
(5577,34,'Sumatera Utara',404,'Serdang Bedagai','Kabupaten','Dolok Masihul'),
(5578,34,'Sumatera Utara',404,'Serdang Bedagai','Kabupaten','Dolok Merawan'),
(5579,34,'Sumatera Utara',404,'Serdang Bedagai','Kabupaten','Kotarih'),
(5580,34,'Sumatera Utara',404,'Serdang Bedagai','Kabupaten','Pantai Cermin'),
(5581,34,'Sumatera Utara',404,'Serdang Bedagai','Kabupaten','Pegajahan'),
(5582,34,'Sumatera Utara',404,'Serdang Bedagai','Kabupaten','Perbaungan'),
(5583,34,'Sumatera Utara',404,'Serdang Bedagai','Kabupaten','Sei Bamban'),
(5584,34,'Sumatera Utara',404,'Serdang Bedagai','Kabupaten','Sei Rampah'),
(5585,34,'Sumatera Utara',404,'Serdang Bedagai','Kabupaten','Serba Jadi'),
(5586,34,'Sumatera Utara',404,'Serdang Bedagai','Kabupaten','Silinda'),
(5587,34,'Sumatera Utara',404,'Serdang Bedagai','Kabupaten','Sipispis'),
(5588,34,'Sumatera Utara',404,'Serdang Bedagai','Kabupaten','Tanjung Beringin'),
(5589,34,'Sumatera Utara',404,'Serdang Bedagai','Kabupaten','Tebing Syahbandar'),
(5590,34,'Sumatera Utara',404,'Serdang Bedagai','Kabupaten','Tebing Tinggi'),
(5591,34,'Sumatera Utara',404,'Serdang Bedagai','Kabupaten','Teluk Mengkudu'),
(5592,14,'Kalimantan Tengah',405,'Seruyan','Kabupaten','Batu Ampar'),
(5593,14,'Kalimantan Tengah',405,'Seruyan','Kabupaten','Danau Seluluk'),
(5594,14,'Kalimantan Tengah',405,'Seruyan','Kabupaten','Danau Sembuluh'),
(5595,14,'Kalimantan Tengah',405,'Seruyan','Kabupaten','Hanau'),
(5596,14,'Kalimantan Tengah',405,'Seruyan','Kabupaten','Seruyan Hilir'),
(5597,14,'Kalimantan Tengah',405,'Seruyan','Kabupaten','Seruyan Hilir Timur'),
(5598,14,'Kalimantan Tengah',405,'Seruyan','Kabupaten','Seruyan Hulu'),
(5599,14,'Kalimantan Tengah',405,'Seruyan','Kabupaten','Seruyan Raya'),
(5600,14,'Kalimantan Tengah',405,'Seruyan','Kabupaten','Seruyan Tengah'),
(5601,14,'Kalimantan Tengah',405,'Seruyan','Kabupaten','Suling Tambun'),
(5602,26,'Riau',406,'Siak','Kabupaten','Bunga Raya'),
(5603,26,'Riau',406,'Siak','Kabupaten','Dayun'),
(5604,26,'Riau',406,'Siak','Kabupaten','Kandis'),
(5605,26,'Riau',406,'Siak','Kabupaten','Kerinci Kanan'),
(5606,26,'Riau',406,'Siak','Kabupaten','Koto Gasib'),
(5607,26,'Riau',406,'Siak','Kabupaten','Lubuk Dalam'),
(5608,26,'Riau',406,'Siak','Kabupaten','Mempura'),
(5609,26,'Riau',406,'Siak','Kabupaten','Minas'),
(5610,26,'Riau',406,'Siak','Kabupaten','Pusako'),
(5611,26,'Riau',406,'Siak','Kabupaten','Sabak Auh'),
(5612,26,'Riau',406,'Siak','Kabupaten','Siak'),
(5613,26,'Riau',406,'Siak','Kabupaten','Sungai Apit'),
(5614,26,'Riau',406,'Siak','Kabupaten','Sungai Mandau'),
(5615,26,'Riau',406,'Siak','Kabupaten','Tualang'),
(5616,34,'Sumatera Utara',407,'Sibolga','Kota','Sibolga Kota'),
(5617,34,'Sumatera Utara',407,'Sibolga','Kota','Sibolga Sambas'),
(5618,34,'Sumatera Utara',407,'Sibolga','Kota','Sibolga Selatan'),
(5619,34,'Sumatera Utara',407,'Sibolga','Kota','Sibolga Utara'),
(5620,28,'Sulawesi Selatan',408,'Sidenreng Rappang/Rapang','Kabupaten','Baranti'),
(5621,28,'Sulawesi Selatan',408,'Sidenreng Rappang/Rapang','Kabupaten','Dua Pitue'),
(5622,28,'Sulawesi Selatan',408,'Sidenreng Rappang/Rapang','Kabupaten','Kulo'),
(5623,28,'Sulawesi Selatan',408,'Sidenreng Rappang/Rapang','Kabupaten','Maritengngae'),
(5624,28,'Sulawesi Selatan',408,'Sidenreng Rappang/Rapang','Kabupaten','Panca Lautan (Lautang)'),
(5625,28,'Sulawesi Selatan',408,'Sidenreng Rappang/Rapang','Kabupaten','Panca Rijang'),
(5626,28,'Sulawesi Selatan',408,'Sidenreng Rappang/Rapang','Kabupaten','Pitu Raise/Riase'),
(5627,28,'Sulawesi Selatan',408,'Sidenreng Rappang/Rapang','Kabupaten','Pitu Riawa'),
(5628,28,'Sulawesi Selatan',408,'Sidenreng Rappang/Rapang','Kabupaten','Tellu Limpoe'),
(5629,28,'Sulawesi Selatan',408,'Sidenreng Rappang/Rapang','Kabupaten','Watang Pulu'),
(5630,28,'Sulawesi Selatan',408,'Sidenreng Rappang/Rapang','Kabupaten','Wattang Sidenreng (Watang Sidenreng)'),
(5631,11,'Jawa Timur',409,'Sidoarjo','Kabupaten','Balongbendo'),
(5632,11,'Jawa Timur',409,'Sidoarjo','Kabupaten','Buduran'),
(5633,11,'Jawa Timur',409,'Sidoarjo','Kabupaten','Candi'),
(5634,11,'Jawa Timur',409,'Sidoarjo','Kabupaten','Gedangan'),
(5635,11,'Jawa Timur',409,'Sidoarjo','Kabupaten','Jabon'),
(5636,11,'Jawa Timur',409,'Sidoarjo','Kabupaten','Krembung'),
(5637,11,'Jawa Timur',409,'Sidoarjo','Kabupaten','Krian'),
(5638,11,'Jawa Timur',409,'Sidoarjo','Kabupaten','Porong'),
(5639,11,'Jawa Timur',409,'Sidoarjo','Kabupaten','Prambon'),
(5640,11,'Jawa Timur',409,'Sidoarjo','Kabupaten','Sedati'),
(5641,11,'Jawa Timur',409,'Sidoarjo','Kabupaten','Sidoarjo'),
(5642,11,'Jawa Timur',409,'Sidoarjo','Kabupaten','Sukodono'),
(5643,11,'Jawa Timur',409,'Sidoarjo','Kabupaten','Taman'),
(5644,11,'Jawa Timur',409,'Sidoarjo','Kabupaten','Tanggulangin'),
(5645,11,'Jawa Timur',409,'Sidoarjo','Kabupaten','Tarik'),
(5646,11,'Jawa Timur',409,'Sidoarjo','Kabupaten','Tulangan'),
(5647,11,'Jawa Timur',409,'Sidoarjo','Kabupaten','Waru'),
(5648,11,'Jawa Timur',409,'Sidoarjo','Kabupaten','Wonoayu'),
(5649,29,'Sulawesi Tengah',410,'Sigi','Kabupaten','Dolo'),
(5650,29,'Sulawesi Tengah',410,'Sigi','Kabupaten','Dolo Barat'),
(5651,29,'Sulawesi Tengah',410,'Sigi','Kabupaten','Dolo Selatan'),
(5652,29,'Sulawesi Tengah',410,'Sigi','Kabupaten','Gumbasa'),
(5653,29,'Sulawesi Tengah',410,'Sigi','Kabupaten','Kinovaru'),
(5654,29,'Sulawesi Tengah',410,'Sigi','Kabupaten','Kulawi'),
(5655,29,'Sulawesi Tengah',410,'Sigi','Kabupaten','Kulawi Selatan'),
(5656,29,'Sulawesi Tengah',410,'Sigi','Kabupaten','Lindu'),
(5657,29,'Sulawesi Tengah',410,'Sigi','Kabupaten','Marawola'),
(5658,29,'Sulawesi Tengah',410,'Sigi','Kabupaten','Marawola Barat'),
(5659,29,'Sulawesi Tengah',410,'Sigi','Kabupaten','Nokilalaki'),
(5660,29,'Sulawesi Tengah',410,'Sigi','Kabupaten','Palolo'),
(5661,29,'Sulawesi Tengah',410,'Sigi','Kabupaten','Pipikoro'),
(5662,29,'Sulawesi Tengah',410,'Sigi','Kabupaten','Sigi Biromaru'),
(5663,29,'Sulawesi Tengah',410,'Sigi','Kabupaten','Tanambulava'),
(5664,32,'Sumatera Barat',411,'Sijunjung (Sawah Lunto Sijunjung)','Kabupaten','IV Nagari'),
(5665,32,'Sumatera Barat',411,'Sijunjung (Sawah Lunto Sijunjung)','Kabupaten','Kamang Baru'),
(5666,32,'Sumatera Barat',411,'Sijunjung (Sawah Lunto Sijunjung)','Kabupaten','Koto VII'),
(5667,32,'Sumatera Barat',411,'Sijunjung (Sawah Lunto Sijunjung)','Kabupaten','Kupitan'),
(5668,32,'Sumatera Barat',411,'Sijunjung (Sawah Lunto Sijunjung)','Kabupaten','Lubuak Tarok'),
(5669,32,'Sumatera Barat',411,'Sijunjung (Sawah Lunto Sijunjung)','Kabupaten','Sijunjung'),
(5670,32,'Sumatera Barat',411,'Sijunjung (Sawah Lunto Sijunjung)','Kabupaten','Sumpur Kudus'),
(5671,32,'Sumatera Barat',411,'Sijunjung (Sawah Lunto Sijunjung)','Kabupaten','Tanjung Gadang'),
(5672,23,'Nusa Tenggara Timur (NTT)',412,'Sikka','Kabupaten','Alok'),
(5673,23,'Nusa Tenggara Timur (NTT)',412,'Sikka','Kabupaten','Alok Barat'),
(5674,23,'Nusa Tenggara Timur (NTT)',412,'Sikka','Kabupaten','Alok Timur'),
(5675,23,'Nusa Tenggara Timur (NTT)',412,'Sikka','Kabupaten','Bola'),
(5676,23,'Nusa Tenggara Timur (NTT)',412,'Sikka','Kabupaten','Doreng'),
(5677,23,'Nusa Tenggara Timur (NTT)',412,'Sikka','Kabupaten','Hewokloang'),
(5678,23,'Nusa Tenggara Timur (NTT)',412,'Sikka','Kabupaten','Kangae'),
(5679,23,'Nusa Tenggara Timur (NTT)',412,'Sikka','Kabupaten','Kewapante'),
(5680,23,'Nusa Tenggara Timur (NTT)',412,'Sikka','Kabupaten','Koting'),
(5681,23,'Nusa Tenggara Timur (NTT)',412,'Sikka','Kabupaten','Lela'),
(5682,23,'Nusa Tenggara Timur (NTT)',412,'Sikka','Kabupaten','Magepanda'),
(5683,23,'Nusa Tenggara Timur (NTT)',412,'Sikka','Kabupaten','Mapitara'),
(5684,23,'Nusa Tenggara Timur (NTT)',412,'Sikka','Kabupaten','Mego'),
(5685,23,'Nusa Tenggara Timur (NTT)',412,'Sikka','Kabupaten','Nelle (Maumerei)'),
(5686,23,'Nusa Tenggara Timur (NTT)',412,'Sikka','Kabupaten','Nita'),
(5687,23,'Nusa Tenggara Timur (NTT)',412,'Sikka','Kabupaten','Paga'),
(5688,23,'Nusa Tenggara Timur (NTT)',412,'Sikka','Kabupaten','Palue'),
(5689,23,'Nusa Tenggara Timur (NTT)',412,'Sikka','Kabupaten','Talibura'),
(5690,23,'Nusa Tenggara Timur (NTT)',412,'Sikka','Kabupaten','Tana Wawo'),
(5691,23,'Nusa Tenggara Timur (NTT)',412,'Sikka','Kabupaten','Waiblama'),
(5692,23,'Nusa Tenggara Timur (NTT)',412,'Sikka','Kabupaten','Waigete'),
(5693,34,'Sumatera Utara',413,'Simalungun','Kabupaten','Bandar'),
(5694,34,'Sumatera Utara',413,'Simalungun','Kabupaten','Bandar Huluan'),
(5695,34,'Sumatera Utara',413,'Simalungun','Kabupaten','Bandar Masilam'),
(5696,34,'Sumatera Utara',413,'Simalungun','Kabupaten','Bosar Maligas'),
(5697,34,'Sumatera Utara',413,'Simalungun','Kabupaten','Dolok Batu Nanggar'),
(5698,34,'Sumatera Utara',413,'Simalungun','Kabupaten','Dolok Panribuan'),
(5699,34,'Sumatera Utara',413,'Simalungun','Kabupaten','Dolok Pardamean'),
(5700,34,'Sumatera Utara',413,'Simalungun','Kabupaten','Dolok Silau'),
(5701,34,'Sumatera Utara',413,'Simalungun','Kabupaten','Girsang Sipangan Bolon'),
(5702,34,'Sumatera Utara',413,'Simalungun','Kabupaten','Gunung Malela'),
(5703,34,'Sumatera Utara',413,'Simalungun','Kabupaten','Gunung Maligas'),
(5704,34,'Sumatera Utara',413,'Simalungun','Kabupaten','Haranggaol Horison'),
(5705,34,'Sumatera Utara',413,'Simalungun','Kabupaten','Hatonduhan'),
(5706,34,'Sumatera Utara',413,'Simalungun','Kabupaten','Huta Bayu Raja'),
(5707,34,'Sumatera Utara',413,'Simalungun','Kabupaten','Jawa Maraja Bah Jambi'),
(5708,34,'Sumatera Utara',413,'Simalungun','Kabupaten','Jorlang Hataran'),
(5709,34,'Sumatera Utara',413,'Simalungun','Kabupaten','Panei'),
(5710,34,'Sumatera Utara',413,'Simalungun','Kabupaten','Panombeian Panei'),
(5711,34,'Sumatera Utara',413,'Simalungun','Kabupaten','Pematang Bandar'),
(5712,34,'Sumatera Utara',413,'Simalungun','Kabupaten','Pematang Sidamanik'),
(5713,34,'Sumatera Utara',413,'Simalungun','Kabupaten','Pematang Silima Huta'),
(5714,34,'Sumatera Utara',413,'Simalungun','Kabupaten','Purba'),
(5715,34,'Sumatera Utara',413,'Simalungun','Kabupaten','Raya'),
(5716,34,'Sumatera Utara',413,'Simalungun','Kabupaten','Raya Kahean'),
(5717,34,'Sumatera Utara',413,'Simalungun','Kabupaten','Siantar'),
(5718,34,'Sumatera Utara',413,'Simalungun','Kabupaten','Sidamanik'),
(5719,34,'Sumatera Utara',413,'Simalungun','Kabupaten','Silimakuta'),
(5720,34,'Sumatera Utara',413,'Simalungun','Kabupaten','Silou Kahean'),
(5721,34,'Sumatera Utara',413,'Simalungun','Kabupaten','Tanah Jawa'),
(5722,34,'Sumatera Utara',413,'Simalungun','Kabupaten','Tapian Dolok'),
(5723,34,'Sumatera Utara',413,'Simalungun','Kabupaten','Ujung Padang'),
(5724,21,'Nanggroe Aceh Darussalam (NAD)',414,'Simeulue','Kabupaten','Alapan (Alafan)'),
(5725,21,'Nanggroe Aceh Darussalam (NAD)',414,'Simeulue','Kabupaten','Salang'),
(5726,21,'Nanggroe Aceh Darussalam (NAD)',414,'Simeulue','Kabupaten','Simeuleu Barat'),
(5727,21,'Nanggroe Aceh Darussalam (NAD)',414,'Simeulue','Kabupaten','Simeuleu Tengah'),
(5728,21,'Nanggroe Aceh Darussalam (NAD)',414,'Simeulue','Kabupaten','Simeuleu Timur'),
(5729,21,'Nanggroe Aceh Darussalam (NAD)',414,'Simeulue','Kabupaten','Simeulue Cut'),
(5730,21,'Nanggroe Aceh Darussalam (NAD)',414,'Simeulue','Kabupaten','Teluk Dalam'),
(5731,21,'Nanggroe Aceh Darussalam (NAD)',414,'Simeulue','Kabupaten','Teupah Barat'),
(5732,21,'Nanggroe Aceh Darussalam (NAD)',414,'Simeulue','Kabupaten','Teupah Selatan'),
(5733,21,'Nanggroe Aceh Darussalam (NAD)',414,'Simeulue','Kabupaten','Teupah Tengah'),
(5734,12,'Kalimantan Barat',415,'Singkawang','Kota','Singkawang Barat'),
(5735,12,'Kalimantan Barat',415,'Singkawang','Kota','Singkawang Selatan'),
(5736,12,'Kalimantan Barat',415,'Singkawang','Kota','Singkawang Tengah'),
(5737,12,'Kalimantan Barat',415,'Singkawang','Kota','Singkawang Timur'),
(5738,12,'Kalimantan Barat',415,'Singkawang','Kota','Singkawang Utara'),
(5739,28,'Sulawesi Selatan',416,'Sinjai','Kabupaten','Bulupoddo'),
(5740,28,'Sulawesi Selatan',416,'Sinjai','Kabupaten','Pulau Sembilan'),
(5741,28,'Sulawesi Selatan',416,'Sinjai','Kabupaten','Sinjai Barat'),
(5742,28,'Sulawesi Selatan',416,'Sinjai','Kabupaten','Sinjai Borong'),
(5743,28,'Sulawesi Selatan',416,'Sinjai','Kabupaten','Sinjai Selatan'),
(5744,28,'Sulawesi Selatan',416,'Sinjai','Kabupaten','Sinjai Tengah'),
(5745,28,'Sulawesi Selatan',416,'Sinjai','Kabupaten','Sinjai Timur'),
(5746,28,'Sulawesi Selatan',416,'Sinjai','Kabupaten','Sinjai Utara'),
(5747,28,'Sulawesi Selatan',416,'Sinjai','Kabupaten','Tellu Limpoe'),
(5748,12,'Kalimantan Barat',417,'Sintang','Kabupaten','Ambalau'),
(5749,12,'Kalimantan Barat',417,'Sintang','Kabupaten','Binjai Hulu'),
(5750,12,'Kalimantan Barat',417,'Sintang','Kabupaten','Dedai'),
(5751,12,'Kalimantan Barat',417,'Sintang','Kabupaten','Kayan Hilir'),
(5752,12,'Kalimantan Barat',417,'Sintang','Kabupaten','Kayan Hulu'),
(5753,12,'Kalimantan Barat',417,'Sintang','Kabupaten','Kelam Permai'),
(5754,12,'Kalimantan Barat',417,'Sintang','Kabupaten','Ketungau Hilir'),
(5755,12,'Kalimantan Barat',417,'Sintang','Kabupaten','Ketungau Hulu'),
(5756,12,'Kalimantan Barat',417,'Sintang','Kabupaten','Ketungau Tengah'),
(5757,12,'Kalimantan Barat',417,'Sintang','Kabupaten','Sepauk'),
(5758,12,'Kalimantan Barat',417,'Sintang','Kabupaten','Serawai (Nanga Serawai)'),
(5759,12,'Kalimantan Barat',417,'Sintang','Kabupaten','Sintang'),
(5760,12,'Kalimantan Barat',417,'Sintang','Kabupaten','Sungai Tebelian'),
(5761,12,'Kalimantan Barat',417,'Sintang','Kabupaten','Tempunak'),
(5762,11,'Jawa Timur',418,'Situbondo','Kabupaten','Arjasa'),
(5763,11,'Jawa Timur',418,'Situbondo','Kabupaten','Asembagus'),
(5764,11,'Jawa Timur',418,'Situbondo','Kabupaten','Banyuglugur'),
(5765,11,'Jawa Timur',418,'Situbondo','Kabupaten','Banyuputih'),
(5766,11,'Jawa Timur',418,'Situbondo','Kabupaten','Besuki'),
(5767,11,'Jawa Timur',418,'Situbondo','Kabupaten','Bungatan'),
(5768,11,'Jawa Timur',418,'Situbondo','Kabupaten','Jangkar'),
(5769,11,'Jawa Timur',418,'Situbondo','Kabupaten','Jatibanteng'),
(5770,11,'Jawa Timur',418,'Situbondo','Kabupaten','Kapongan'),
(5771,11,'Jawa Timur',418,'Situbondo','Kabupaten','Kendit'),
(5772,11,'Jawa Timur',418,'Situbondo','Kabupaten','Mangaran'),
(5773,11,'Jawa Timur',418,'Situbondo','Kabupaten','Mlandingan'),
(5774,11,'Jawa Timur',418,'Situbondo','Kabupaten','Panarukan'),
(5775,11,'Jawa Timur',418,'Situbondo','Kabupaten','Panji'),
(5776,11,'Jawa Timur',418,'Situbondo','Kabupaten','Situbondo'),
(5777,11,'Jawa Timur',418,'Situbondo','Kabupaten','Suboh'),
(5778,11,'Jawa Timur',418,'Situbondo','Kabupaten','Sumbermalang'),
(5779,5,'DI Yogyakarta',419,'Sleman','Kabupaten','Berbah'),
(5780,5,'DI Yogyakarta',419,'Sleman','Kabupaten','Cangkringan'),
(5781,5,'DI Yogyakarta',419,'Sleman','Kabupaten','Depok'),
(5782,5,'DI Yogyakarta',419,'Sleman','Kabupaten','Gamping'),
(5783,5,'DI Yogyakarta',419,'Sleman','Kabupaten','Godean'),
(5784,5,'DI Yogyakarta',419,'Sleman','Kabupaten','Kalasan'),
(5785,5,'DI Yogyakarta',419,'Sleman','Kabupaten','Minggir'),
(5786,5,'DI Yogyakarta',419,'Sleman','Kabupaten','Mlati'),
(5787,5,'DI Yogyakarta',419,'Sleman','Kabupaten','Moyudan'),
(5788,5,'DI Yogyakarta',419,'Sleman','Kabupaten','Ngaglik'),
(5789,5,'DI Yogyakarta',419,'Sleman','Kabupaten','Ngemplak'),
(5790,5,'DI Yogyakarta',419,'Sleman','Kabupaten','Pakem'),
(5791,5,'DI Yogyakarta',419,'Sleman','Kabupaten','Prambanan'),
(5792,5,'DI Yogyakarta',419,'Sleman','Kabupaten','Seyegan'),
(5793,5,'DI Yogyakarta',419,'Sleman','Kabupaten','Sleman'),
(5794,5,'DI Yogyakarta',419,'Sleman','Kabupaten','Tempel'),
(5795,5,'DI Yogyakarta',419,'Sleman','Kabupaten','Turi'),
(5796,32,'Sumatera Barat',420,'Solok','Kabupaten','Bukit Sundi'),
(5797,32,'Sumatera Barat',420,'Solok','Kabupaten','Danau Kembar'),
(5798,32,'Sumatera Barat',420,'Solok','Kabupaten','Gunung Talang'),
(5799,32,'Sumatera Barat',420,'Solok','Kabupaten','Hiliran Gumanti'),
(5800,32,'Sumatera Barat',420,'Solok','Kabupaten','IX Koto Sei Lasi'),
(5801,32,'Sumatera Barat',420,'Solok','Kabupaten','Junjung Sirih'),
(5802,32,'Sumatera Barat',420,'Solok','Kabupaten','Kubung'),
(5803,32,'Sumatera Barat',420,'Solok','Kabupaten','Lembah Gumanti'),
(5804,32,'Sumatera Barat',420,'Solok','Kabupaten','Lembang Jaya'),
(5805,32,'Sumatera Barat',420,'Solok','Kabupaten','Pantai Cermin'),
(5806,32,'Sumatera Barat',420,'Solok','Kabupaten','Payung Sekaki'),
(5807,32,'Sumatera Barat',420,'Solok','Kabupaten','Tigo Lurah'),
(5808,32,'Sumatera Barat',420,'Solok','Kabupaten','X Koto Diatas'),
(5809,32,'Sumatera Barat',420,'Solok','Kabupaten','X Koto Singkarak'),
(5810,32,'Sumatera Barat',421,'Solok','Kota','Lubuk Sikarah'),
(5811,32,'Sumatera Barat',421,'Solok','Kota','Tanjung Harapan'),
(5812,32,'Sumatera Barat',422,'Solok Selatan','Kabupaten','Koto Parik Gadang Diateh'),
(5813,32,'Sumatera Barat',422,'Solok Selatan','Kabupaten','Pauh Duo'),
(5814,32,'Sumatera Barat',422,'Solok Selatan','Kabupaten','Sangir'),
(5815,32,'Sumatera Barat',422,'Solok Selatan','Kabupaten','Sangir Balai Janggo'),
(5816,32,'Sumatera Barat',422,'Solok Selatan','Kabupaten','Sangir Batang Hari'),
(5817,32,'Sumatera Barat',422,'Solok Selatan','Kabupaten','Sangir Jujuan'),
(5818,32,'Sumatera Barat',422,'Solok Selatan','Kabupaten','Sungai Pagu'),
(5819,28,'Sulawesi Selatan',423,'Soppeng','Kabupaten','Citta'),
(5820,28,'Sulawesi Selatan',423,'Soppeng','Kabupaten','Donri-Donri'),
(5821,28,'Sulawesi Selatan',423,'Soppeng','Kabupaten','Ganra'),
(5822,28,'Sulawesi Selatan',423,'Soppeng','Kabupaten','Lalabata'),
(5823,28,'Sulawesi Selatan',423,'Soppeng','Kabupaten','Lili Rilau'),
(5824,28,'Sulawesi Selatan',423,'Soppeng','Kabupaten','Liliraja (Lili Riaja)'),
(5825,28,'Sulawesi Selatan',423,'Soppeng','Kabupaten','Mario Riawa'),
(5826,28,'Sulawesi Selatan',423,'Soppeng','Kabupaten','Mario Riwawo'),
(5827,25,'Papua Barat',424,'Sorong','Kabupaten','Aimas'),
(5828,25,'Papua Barat',424,'Sorong','Kabupaten','Beraur'),
(5829,25,'Papua Barat',424,'Sorong','Kabupaten','Klabot'),
(5830,25,'Papua Barat',424,'Sorong','Kabupaten','Klamono'),
(5831,25,'Papua Barat',424,'Sorong','Kabupaten','Klaso'),
(5832,25,'Papua Barat',424,'Sorong','Kabupaten','Klawak'),
(5833,25,'Papua Barat',424,'Sorong','Kabupaten','Klayili'),
(5834,25,'Papua Barat',424,'Sorong','Kabupaten','Makbon'),
(5835,25,'Papua Barat',424,'Sorong','Kabupaten','Mariat'),
(5836,25,'Papua Barat',424,'Sorong','Kabupaten','Maudus'),
(5837,25,'Papua Barat',424,'Sorong','Kabupaten','Mayamuk'),
(5838,25,'Papua Barat',424,'Sorong','Kabupaten','Moisegen'),
(5839,25,'Papua Barat',424,'Sorong','Kabupaten','Salawati'),
(5840,25,'Papua Barat',424,'Sorong','Kabupaten','Salawati Selatan'),
(5841,25,'Papua Barat',424,'Sorong','Kabupaten','Sayosa'),
(5842,25,'Papua Barat',424,'Sorong','Kabupaten','Seget'),
(5843,25,'Papua Barat',424,'Sorong','Kabupaten','Segun'),
(5844,25,'Papua Barat',425,'Sorong','Kota','Sorong'),
(5845,25,'Papua Barat',425,'Sorong','Kota','Sorong Barat'),
(5846,25,'Papua Barat',425,'Sorong','Kota','Sorong Kepulauan'),
(5847,25,'Papua Barat',425,'Sorong','Kota','Sorong Manoi'),
(5848,25,'Papua Barat',425,'Sorong','Kota','Sorong Timur'),
(5849,25,'Papua Barat',425,'Sorong','Kota','Sorong Utara'),
(5850,25,'Papua Barat',426,'Sorong Selatan','Kabupaten','Fokour'),
(5851,25,'Papua Barat',426,'Sorong Selatan','Kabupaten','Inanwatan (Inawatan)'),
(5852,25,'Papua Barat',426,'Sorong Selatan','Kabupaten','Kais (Matemani Kais)'),
(5853,25,'Papua Barat',426,'Sorong Selatan','Kabupaten','Kokoda'),
(5854,25,'Papua Barat',426,'Sorong Selatan','Kabupaten','Kokoda Utara'),
(5855,25,'Papua Barat',426,'Sorong Selatan','Kabupaten','Konda'),
(5856,25,'Papua Barat',426,'Sorong Selatan','Kabupaten','Matemani'),
(5857,25,'Papua Barat',426,'Sorong Selatan','Kabupaten','Moswaren'),
(5858,25,'Papua Barat',426,'Sorong Selatan','Kabupaten','Saifi'),
(5859,25,'Papua Barat',426,'Sorong Selatan','Kabupaten','Sawiat'),
(5860,25,'Papua Barat',426,'Sorong Selatan','Kabupaten','Seremuk'),
(5861,25,'Papua Barat',426,'Sorong Selatan','Kabupaten','Teminabuan'),
(5862,25,'Papua Barat',426,'Sorong Selatan','Kabupaten','Wayer'),
(5863,10,'Jawa Tengah',427,'Sragen','Kabupaten','Gemolong'),
(5864,10,'Jawa Tengah',427,'Sragen','Kabupaten','Gesi'),
(5865,10,'Jawa Tengah',427,'Sragen','Kabupaten','Gondang'),
(5866,10,'Jawa Tengah',427,'Sragen','Kabupaten','Jenar'),
(5867,10,'Jawa Tengah',427,'Sragen','Kabupaten','Kalijambe'),
(5868,10,'Jawa Tengah',427,'Sragen','Kabupaten','Karangmalang'),
(5869,10,'Jawa Tengah',427,'Sragen','Kabupaten','Kedawung'),
(5870,10,'Jawa Tengah',427,'Sragen','Kabupaten','Masaran'),
(5871,10,'Jawa Tengah',427,'Sragen','Kabupaten','Miri'),
(5872,10,'Jawa Tengah',427,'Sragen','Kabupaten','Mondokan'),
(5873,10,'Jawa Tengah',427,'Sragen','Kabupaten','Ngrampal'),
(5874,10,'Jawa Tengah',427,'Sragen','Kabupaten','Plupuh'),
(5875,10,'Jawa Tengah',427,'Sragen','Kabupaten','Sambirejo'),
(5876,10,'Jawa Tengah',427,'Sragen','Kabupaten','Sambung Macan'),
(5877,10,'Jawa Tengah',427,'Sragen','Kabupaten','Sidoharjo'),
(5878,10,'Jawa Tengah',427,'Sragen','Kabupaten','Sragen'),
(5879,10,'Jawa Tengah',427,'Sragen','Kabupaten','Sukodono'),
(5880,10,'Jawa Tengah',427,'Sragen','Kabupaten','Sumberlawang'),
(5881,10,'Jawa Tengah',427,'Sragen','Kabupaten','Tangen'),
(5882,10,'Jawa Tengah',427,'Sragen','Kabupaten','Tanon'),
(5883,9,'Jawa Barat',428,'Subang','Kabupaten','Binong'),
(5884,9,'Jawa Barat',428,'Subang','Kabupaten','Blanakan'),
(5885,9,'Jawa Barat',428,'Subang','Kabupaten','Ciasem'),
(5886,9,'Jawa Barat',428,'Subang','Kabupaten','Ciater'),
(5887,9,'Jawa Barat',428,'Subang','Kabupaten','Cibogo'),
(5888,9,'Jawa Barat',428,'Subang','Kabupaten','Cijambe'),
(5889,9,'Jawa Barat',428,'Subang','Kabupaten','Cikaum'),
(5890,9,'Jawa Barat',428,'Subang','Kabupaten','Cipeundeuy'),
(5891,9,'Jawa Barat',428,'Subang','Kabupaten','Cipunagara'),
(5892,9,'Jawa Barat',428,'Subang','Kabupaten','Cisalak'),
(5893,9,'Jawa Barat',428,'Subang','Kabupaten','Compreng'),
(5894,9,'Jawa Barat',428,'Subang','Kabupaten','Dawuan'),
(5895,9,'Jawa Barat',428,'Subang','Kabupaten','Jalancagak'),
(5896,9,'Jawa Barat',428,'Subang','Kabupaten','Kalijati'),
(5897,9,'Jawa Barat',428,'Subang','Kabupaten','Kasomalang'),
(5898,9,'Jawa Barat',428,'Subang','Kabupaten','Legonkulon'),
(5899,9,'Jawa Barat',428,'Subang','Kabupaten','Pabuaran'),
(5900,9,'Jawa Barat',428,'Subang','Kabupaten','Pagaden'),
(5901,9,'Jawa Barat',428,'Subang','Kabupaten','Pagaden Barat'),
(5902,9,'Jawa Barat',428,'Subang','Kabupaten','Pamanukan'),
(5903,9,'Jawa Barat',428,'Subang','Kabupaten','Patokbeusi'),
(5904,9,'Jawa Barat',428,'Subang','Kabupaten','Purwadadi'),
(5905,9,'Jawa Barat',428,'Subang','Kabupaten','Pusakajaya'),
(5906,9,'Jawa Barat',428,'Subang','Kabupaten','Pusakanagara'),
(5907,9,'Jawa Barat',428,'Subang','Kabupaten','Sagalaherang'),
(5908,9,'Jawa Barat',428,'Subang','Kabupaten','Serangpanjang'),
(5909,9,'Jawa Barat',428,'Subang','Kabupaten','Subang'),
(5910,9,'Jawa Barat',428,'Subang','Kabupaten','Sukasari'),
(5911,9,'Jawa Barat',428,'Subang','Kabupaten','Tambakdahan'),
(5912,9,'Jawa Barat',428,'Subang','Kabupaten','Tanjungsiang'),
(5913,21,'Nanggroe Aceh Darussalam (NAD)',429,'Subulussalam','Kota','Longkib'),
(5914,21,'Nanggroe Aceh Darussalam (NAD)',429,'Subulussalam','Kota','Penanggalan'),
(5915,21,'Nanggroe Aceh Darussalam (NAD)',429,'Subulussalam','Kota','Rundeng'),
(5916,21,'Nanggroe Aceh Darussalam (NAD)',429,'Subulussalam','Kota','Simpang Kiri'),
(5917,21,'Nanggroe Aceh Darussalam (NAD)',429,'Subulussalam','Kota','Sultan Daulat'),
(5918,9,'Jawa Barat',430,'Sukabumi','Kabupaten','Bantargadung'),
(5919,9,'Jawa Barat',430,'Sukabumi','Kabupaten','Bojong Genteng'),
(5920,9,'Jawa Barat',430,'Sukabumi','Kabupaten','Caringin'),
(5921,9,'Jawa Barat',430,'Sukabumi','Kabupaten','Ciambar'),
(5922,9,'Jawa Barat',430,'Sukabumi','Kabupaten','Cibadak'),
(5923,9,'Jawa Barat',430,'Sukabumi','Kabupaten','Cibitung'),
(5924,9,'Jawa Barat',430,'Sukabumi','Kabupaten','Cicantayan'),
(5925,9,'Jawa Barat',430,'Sukabumi','Kabupaten','Cicurug'),
(5926,9,'Jawa Barat',430,'Sukabumi','Kabupaten','Cidadap'),
(5927,9,'Jawa Barat',430,'Sukabumi','Kabupaten','Cidahu'),
(5928,9,'Jawa Barat',430,'Sukabumi','Kabupaten','Cidolog'),
(5929,9,'Jawa Barat',430,'Sukabumi','Kabupaten','Ciemas'),
(5930,9,'Jawa Barat',430,'Sukabumi','Kabupaten','Cikakak'),
(5931,9,'Jawa Barat',430,'Sukabumi','Kabupaten','Cikembar'),
(5932,9,'Jawa Barat',430,'Sukabumi','Kabupaten','Cikidang'),
(5933,9,'Jawa Barat',430,'Sukabumi','Kabupaten','Cimanggu'),
(5934,9,'Jawa Barat',430,'Sukabumi','Kabupaten','Ciracap'),
(5935,9,'Jawa Barat',430,'Sukabumi','Kabupaten','Cireunghas'),
(5936,9,'Jawa Barat',430,'Sukabumi','Kabupaten','Cisaat'),
(5937,9,'Jawa Barat',430,'Sukabumi','Kabupaten','Cisolok'),
(5938,9,'Jawa Barat',430,'Sukabumi','Kabupaten','Curugkembar'),
(5939,9,'Jawa Barat',430,'Sukabumi','Kabupaten','Geger Bitung'),
(5940,9,'Jawa Barat',430,'Sukabumi','Kabupaten','Gunung Guruh'),
(5941,9,'Jawa Barat',430,'Sukabumi','Kabupaten','Jampang Kulon'),
(5942,9,'Jawa Barat',430,'Sukabumi','Kabupaten','Jampang Tengah'),
(5943,9,'Jawa Barat',430,'Sukabumi','Kabupaten','Kabandungan'),
(5944,9,'Jawa Barat',430,'Sukabumi','Kabupaten','Kadudampit'),
(5945,9,'Jawa Barat',430,'Sukabumi','Kabupaten','Kalapa Nunggal'),
(5946,9,'Jawa Barat',430,'Sukabumi','Kabupaten','Kali Bunder'),
(5947,9,'Jawa Barat',430,'Sukabumi','Kabupaten','Kebonpedes'),
(5948,9,'Jawa Barat',430,'Sukabumi','Kabupaten','Lengkong'),
(5949,9,'Jawa Barat',430,'Sukabumi','Kabupaten','Nagrak'),
(5950,9,'Jawa Barat',430,'Sukabumi','Kabupaten','Nyalindung'),
(5951,9,'Jawa Barat',430,'Sukabumi','Kabupaten','Pabuaran'),
(5952,9,'Jawa Barat',430,'Sukabumi','Kabupaten','Parakan Salak'),
(5953,9,'Jawa Barat',430,'Sukabumi','Kabupaten','Parung Kuda'),
(5954,9,'Jawa Barat',430,'Sukabumi','Kabupaten','Pelabuhan/Palabuhan Ratu'),
(5955,9,'Jawa Barat',430,'Sukabumi','Kabupaten','Purabaya'),
(5956,9,'Jawa Barat',430,'Sukabumi','Kabupaten','Sagaranten'),
(5957,9,'Jawa Barat',430,'Sukabumi','Kabupaten','Simpenan'),
(5958,9,'Jawa Barat',430,'Sukabumi','Kabupaten','Sukabumi'),
(5959,9,'Jawa Barat',430,'Sukabumi','Kabupaten','Sukalarang'),
(5960,9,'Jawa Barat',430,'Sukabumi','Kabupaten','Sukaraja'),
(5961,9,'Jawa Barat',430,'Sukabumi','Kabupaten','Surade'),
(5962,9,'Jawa Barat',430,'Sukabumi','Kabupaten','Tegal Buleud'),
(5963,9,'Jawa Barat',430,'Sukabumi','Kabupaten','Waluran'),
(5964,9,'Jawa Barat',430,'Sukabumi','Kabupaten','Warung Kiara'),
(5965,9,'Jawa Barat',431,'Sukabumi','Kota','Baros'),
(5966,9,'Jawa Barat',431,'Sukabumi','Kota','Cibeureum'),
(5967,9,'Jawa Barat',431,'Sukabumi','Kota','Cikole'),
(5968,9,'Jawa Barat',431,'Sukabumi','Kota','Citamiang'),
(5969,9,'Jawa Barat',431,'Sukabumi','Kota','Gunung Puyuh'),
(5970,9,'Jawa Barat',431,'Sukabumi','Kota','Lembursitu'),
(5971,9,'Jawa Barat',431,'Sukabumi','Kota','Warudoyong'),
(5972,14,'Kalimantan Tengah',432,'Sukamara','Kabupaten','Balai Riam'),
(5973,14,'Kalimantan Tengah',432,'Sukamara','Kabupaten','Jelai'),
(5974,14,'Kalimantan Tengah',432,'Sukamara','Kabupaten','Pantai Lunci'),
(5975,14,'Kalimantan Tengah',432,'Sukamara','Kabupaten','Permata Kecubung'),
(5976,14,'Kalimantan Tengah',432,'Sukamara','Kabupaten','Sukamara'),
(5977,10,'Jawa Tengah',433,'Sukoharjo','Kabupaten','Baki'),
(5978,10,'Jawa Tengah',433,'Sukoharjo','Kabupaten','Bendosari'),
(5979,10,'Jawa Tengah',433,'Sukoharjo','Kabupaten','Bulu'),
(5980,10,'Jawa Tengah',433,'Sukoharjo','Kabupaten','Gatak'),
(5981,10,'Jawa Tengah',433,'Sukoharjo','Kabupaten','Grogol'),
(5982,10,'Jawa Tengah',433,'Sukoharjo','Kabupaten','Kartasura'),
(5983,10,'Jawa Tengah',433,'Sukoharjo','Kabupaten','Mojolaban'),
(5984,10,'Jawa Tengah',433,'Sukoharjo','Kabupaten','Nguter'),
(5985,10,'Jawa Tengah',433,'Sukoharjo','Kabupaten','Polokarto'),
(5986,10,'Jawa Tengah',433,'Sukoharjo','Kabupaten','Sukoharjo'),
(5987,10,'Jawa Tengah',433,'Sukoharjo','Kabupaten','Tawangsari'),
(5988,10,'Jawa Tengah',433,'Sukoharjo','Kabupaten','Weru'),
(5989,23,'Nusa Tenggara Timur (NTT)',434,'Sumba Barat','Kabupaten','Kota Waikabubak'),
(5990,23,'Nusa Tenggara Timur (NTT)',434,'Sumba Barat','Kabupaten','Lamboya'),
(5991,23,'Nusa Tenggara Timur (NTT)',434,'Sumba Barat','Kabupaten','Lamboya Barat'),
(5992,23,'Nusa Tenggara Timur (NTT)',434,'Sumba Barat','Kabupaten','Loli'),
(5993,23,'Nusa Tenggara Timur (NTT)',434,'Sumba Barat','Kabupaten','Tana Righu'),
(5994,23,'Nusa Tenggara Timur (NTT)',434,'Sumba Barat','Kabupaten','Wanokaka'),
(5995,23,'Nusa Tenggara Timur (NTT)',435,'Sumba Barat Daya','Kabupaten','Kodi'),
(5996,23,'Nusa Tenggara Timur (NTT)',435,'Sumba Barat Daya','Kabupaten','Kodi Balaghar'),
(5997,23,'Nusa Tenggara Timur (NTT)',435,'Sumba Barat Daya','Kabupaten','Kodi Bangedo'),
(5998,23,'Nusa Tenggara Timur (NTT)',435,'Sumba Barat Daya','Kabupaten','Kodi Utara'),
(5999,23,'Nusa Tenggara Timur (NTT)',435,'Sumba Barat Daya','Kabupaten','Kota Tambolaka'),
(6000,23,'Nusa Tenggara Timur (NTT)',435,'Sumba Barat Daya','Kabupaten','Loura (Laura)'),
(6001,23,'Nusa Tenggara Timur (NTT)',435,'Sumba Barat Daya','Kabupaten','Wewewa Barat'),
(6002,23,'Nusa Tenggara Timur (NTT)',435,'Sumba Barat Daya','Kabupaten','Wewewa Selatan'),
(6003,23,'Nusa Tenggara Timur (NTT)',435,'Sumba Barat Daya','Kabupaten','Wewewa Tengah (Wewera Tengah)'),
(6004,23,'Nusa Tenggara Timur (NTT)',435,'Sumba Barat Daya','Kabupaten','Wewewa Timur'),
(6005,23,'Nusa Tenggara Timur (NTT)',435,'Sumba Barat Daya','Kabupaten','Wewewa Utara'),
(6006,23,'Nusa Tenggara Timur (NTT)',436,'Sumba Tengah','Kabupaten','Katikutana'),
(6007,23,'Nusa Tenggara Timur (NTT)',436,'Sumba Tengah','Kabupaten','Katikutana Selatan'),
(6008,23,'Nusa Tenggara Timur (NTT)',436,'Sumba Tengah','Kabupaten','Mamboro'),
(6009,23,'Nusa Tenggara Timur (NTT)',436,'Sumba Tengah','Kabupaten','Umbu Ratu Nggay'),
(6010,23,'Nusa Tenggara Timur (NTT)',436,'Sumba Tengah','Kabupaten','Umbu Ratu Nggay Barat'),
(6011,23,'Nusa Tenggara Timur (NTT)',437,'Sumba Timur','Kabupaten','Haharu'),
(6012,23,'Nusa Tenggara Timur (NTT)',437,'Sumba Timur','Kabupaten','Kahaunguweti (Kahaungu Eti)'),
(6013,23,'Nusa Tenggara Timur (NTT)',437,'Sumba Timur','Kabupaten','Kambata Mapambuhang'),
(6014,23,'Nusa Tenggara Timur (NTT)',437,'Sumba Timur','Kabupaten','Kambera'),
(6015,23,'Nusa Tenggara Timur (NTT)',437,'Sumba Timur','Kabupaten','Kanatang'),
(6016,23,'Nusa Tenggara Timur (NTT)',437,'Sumba Timur','Kabupaten','Karera'),
(6017,23,'Nusa Tenggara Timur (NTT)',437,'Sumba Timur','Kabupaten','Katala Hamu Lingu'),
(6018,23,'Nusa Tenggara Timur (NTT)',437,'Sumba Timur','Kabupaten','Kota Waingapu'),
(6019,23,'Nusa Tenggara Timur (NTT)',437,'Sumba Timur','Kabupaten','Lewa'),
(6020,23,'Nusa Tenggara Timur (NTT)',437,'Sumba Timur','Kabupaten','Lewa Tidahu'),
(6021,23,'Nusa Tenggara Timur (NTT)',437,'Sumba Timur','Kabupaten','Mahu'),
(6022,23,'Nusa Tenggara Timur (NTT)',437,'Sumba Timur','Kabupaten','Matawai Lappau (La Pawu)'),
(6023,23,'Nusa Tenggara Timur (NTT)',437,'Sumba Timur','Kabupaten','Ngadu Ngala'),
(6024,23,'Nusa Tenggara Timur (NTT)',437,'Sumba Timur','Kabupaten','Nggaha Oriangu'),
(6025,23,'Nusa Tenggara Timur (NTT)',437,'Sumba Timur','Kabupaten','Paberiwai'),
(6026,23,'Nusa Tenggara Timur (NTT)',437,'Sumba Timur','Kabupaten','Pahunga Lodu'),
(6027,23,'Nusa Tenggara Timur (NTT)',437,'Sumba Timur','Kabupaten','Pandawai'),
(6028,23,'Nusa Tenggara Timur (NTT)',437,'Sumba Timur','Kabupaten','Pinupahar (Pirapahar)'),
(6029,23,'Nusa Tenggara Timur (NTT)',437,'Sumba Timur','Kabupaten','Rindi'),
(6030,23,'Nusa Tenggara Timur (NTT)',437,'Sumba Timur','Kabupaten','Tabundung'),
(6031,23,'Nusa Tenggara Timur (NTT)',437,'Sumba Timur','Kabupaten','Umalulu'),
(6032,23,'Nusa Tenggara Timur (NTT)',437,'Sumba Timur','Kabupaten','Wula Waijelu'),
(6033,22,'Nusa Tenggara Barat (NTB)',438,'Sumbawa','Kabupaten','Alas'),
(6034,22,'Nusa Tenggara Barat (NTB)',438,'Sumbawa','Kabupaten','Alas Barat'),
(6035,22,'Nusa Tenggara Barat (NTB)',438,'Sumbawa','Kabupaten','Batulanteh'),
(6036,22,'Nusa Tenggara Barat (NTB)',438,'Sumbawa','Kabupaten','Buer'),
(6037,22,'Nusa Tenggara Barat (NTB)',438,'Sumbawa','Kabupaten','Empang'),
(6038,22,'Nusa Tenggara Barat (NTB)',438,'Sumbawa','Kabupaten','Labangka'),
(6039,22,'Nusa Tenggara Barat (NTB)',438,'Sumbawa','Kabupaten','Labuhan Badas'),
(6040,22,'Nusa Tenggara Barat (NTB)',438,'Sumbawa','Kabupaten','Lantung'),
(6041,22,'Nusa Tenggara Barat (NTB)',438,'Sumbawa','Kabupaten','Lape (Lape Lopok)'),
(6042,22,'Nusa Tenggara Barat (NTB)',438,'Sumbawa','Kabupaten','Lenangguar'),
(6043,22,'Nusa Tenggara Barat (NTB)',438,'Sumbawa','Kabupaten','Lopok'),
(6044,22,'Nusa Tenggara Barat (NTB)',438,'Sumbawa','Kabupaten','Lunyuk'),
(6045,22,'Nusa Tenggara Barat (NTB)',438,'Sumbawa','Kabupaten','Maronge'),
(6046,22,'Nusa Tenggara Barat (NTB)',438,'Sumbawa','Kabupaten','Moyo Hilir'),
(6047,22,'Nusa Tenggara Barat (NTB)',438,'Sumbawa','Kabupaten','Moyo Hulu'),
(6048,22,'Nusa Tenggara Barat (NTB)',438,'Sumbawa','Kabupaten','Moyo Utara'),
(6049,22,'Nusa Tenggara Barat (NTB)',438,'Sumbawa','Kabupaten','Orong Telu'),
(6050,22,'Nusa Tenggara Barat (NTB)',438,'Sumbawa','Kabupaten','Plampang'),
(6051,22,'Nusa Tenggara Barat (NTB)',438,'Sumbawa','Kabupaten','Rhee'),
(6052,22,'Nusa Tenggara Barat (NTB)',438,'Sumbawa','Kabupaten','Ropang'),
(6053,22,'Nusa Tenggara Barat (NTB)',438,'Sumbawa','Kabupaten','Sumbawa'),
(6054,22,'Nusa Tenggara Barat (NTB)',438,'Sumbawa','Kabupaten','Tarano'),
(6055,22,'Nusa Tenggara Barat (NTB)',438,'Sumbawa','Kabupaten','Unter Iwes (Unterwiris)'),
(6056,22,'Nusa Tenggara Barat (NTB)',438,'Sumbawa','Kabupaten','Utan'),
(6057,22,'Nusa Tenggara Barat (NTB)',439,'Sumbawa Barat','Kabupaten','Brang Ene'),
(6058,22,'Nusa Tenggara Barat (NTB)',439,'Sumbawa Barat','Kabupaten','Brang Rea'),
(6059,22,'Nusa Tenggara Barat (NTB)',439,'Sumbawa Barat','Kabupaten','Jereweh'),
(6060,22,'Nusa Tenggara Barat (NTB)',439,'Sumbawa Barat','Kabupaten','Maluk'),
(6061,22,'Nusa Tenggara Barat (NTB)',439,'Sumbawa Barat','Kabupaten','Poto Tano'),
(6062,22,'Nusa Tenggara Barat (NTB)',439,'Sumbawa Barat','Kabupaten','Sateluk (Seteluk)'),
(6063,22,'Nusa Tenggara Barat (NTB)',439,'Sumbawa Barat','Kabupaten','Sekongkang'),
(6064,22,'Nusa Tenggara Barat (NTB)',439,'Sumbawa Barat','Kabupaten','Taliwang'),
(6065,9,'Jawa Barat',440,'Sumedang','Kabupaten','Buahdua'),
(6066,9,'Jawa Barat',440,'Sumedang','Kabupaten','Cibugel'),
(6067,9,'Jawa Barat',440,'Sumedang','Kabupaten','Cimalaka'),
(6068,9,'Jawa Barat',440,'Sumedang','Kabupaten','Cimanggung'),
(6069,9,'Jawa Barat',440,'Sumedang','Kabupaten','Cisarua'),
(6070,9,'Jawa Barat',440,'Sumedang','Kabupaten','Cisitu'),
(6071,9,'Jawa Barat',440,'Sumedang','Kabupaten','Conggeang'),
(6072,9,'Jawa Barat',440,'Sumedang','Kabupaten','Darmaraja'),
(6073,9,'Jawa Barat',440,'Sumedang','Kabupaten','Ganeas'),
(6074,9,'Jawa Barat',440,'Sumedang','Kabupaten','Jatigede'),
(6075,9,'Jawa Barat',440,'Sumedang','Kabupaten','Jatinangor'),
(6076,9,'Jawa Barat',440,'Sumedang','Kabupaten','Jatinunggal'),
(6077,9,'Jawa Barat',440,'Sumedang','Kabupaten','Pamulihan'),
(6078,9,'Jawa Barat',440,'Sumedang','Kabupaten','Paseh'),
(6079,9,'Jawa Barat',440,'Sumedang','Kabupaten','Rancakalong'),
(6080,9,'Jawa Barat',440,'Sumedang','Kabupaten','Situraja'),
(6081,9,'Jawa Barat',440,'Sumedang','Kabupaten','Sukasari'),
(6082,9,'Jawa Barat',440,'Sumedang','Kabupaten','Sumedang Selatan'),
(6083,9,'Jawa Barat',440,'Sumedang','Kabupaten','Sumedang Utara'),
(6084,9,'Jawa Barat',440,'Sumedang','Kabupaten','Surian'),
(6085,9,'Jawa Barat',440,'Sumedang','Kabupaten','Tanjungkerta'),
(6086,9,'Jawa Barat',440,'Sumedang','Kabupaten','Tanjungmedar'),
(6087,9,'Jawa Barat',440,'Sumedang','Kabupaten','Tanjungsari'),
(6088,9,'Jawa Barat',440,'Sumedang','Kabupaten','Tomo'),
(6089,9,'Jawa Barat',440,'Sumedang','Kabupaten','Ujungjaya'),
(6090,9,'Jawa Barat',440,'Sumedang','Kabupaten','Wado'),
(6091,11,'Jawa Timur',441,'Sumenep','Kabupaten','Ambunten'),
(6092,11,'Jawa Timur',441,'Sumenep','Kabupaten','Arjasa'),
(6093,11,'Jawa Timur',441,'Sumenep','Kabupaten','Batang Batang'),
(6094,11,'Jawa Timur',441,'Sumenep','Kabupaten','Batuan'),
(6095,11,'Jawa Timur',441,'Sumenep','Kabupaten','Batuputih'),
(6096,11,'Jawa Timur',441,'Sumenep','Kabupaten','Bluto'),
(6097,11,'Jawa Timur',441,'Sumenep','Kabupaten','Dasuk'),
(6098,11,'Jawa Timur',441,'Sumenep','Kabupaten','Dungkek'),
(6099,11,'Jawa Timur',441,'Sumenep','Kabupaten','Ganding'),
(6100,11,'Jawa Timur',441,'Sumenep','Kabupaten','Gapura'),
(6101,11,'Jawa Timur',441,'Sumenep','Kabupaten','Gayam'),
(6102,11,'Jawa Timur',441,'Sumenep','Kabupaten','Gili Ginting (Giligenteng)'),
(6103,11,'Jawa Timur',441,'Sumenep','Kabupaten','Guluk Guluk'),
(6104,11,'Jawa Timur',441,'Sumenep','Kabupaten','Kalianget'),
(6105,11,'Jawa Timur',441,'Sumenep','Kabupaten','Kangayan'),
(6106,11,'Jawa Timur',441,'Sumenep','Kabupaten','Kota Sumenep'),
(6107,11,'Jawa Timur',441,'Sumenep','Kabupaten','Lenteng'),
(6108,11,'Jawa Timur',441,'Sumenep','Kabupaten','Manding'),
(6109,11,'Jawa Timur',441,'Sumenep','Kabupaten','Masalembu'),
(6110,11,'Jawa Timur',441,'Sumenep','Kabupaten','Nonggunong'),
(6111,11,'Jawa Timur',441,'Sumenep','Kabupaten','Pasongsongan'),
(6112,11,'Jawa Timur',441,'Sumenep','Kabupaten','Pragaan'),
(6113,11,'Jawa Timur',441,'Sumenep','Kabupaten','Ra\'as (Raas)'),
(6114,11,'Jawa Timur',441,'Sumenep','Kabupaten','Rubaru'),
(6115,11,'Jawa Timur',441,'Sumenep','Kabupaten','Sapeken'),
(6116,11,'Jawa Timur',441,'Sumenep','Kabupaten','Saronggi'),
(6117,11,'Jawa Timur',441,'Sumenep','Kabupaten','Talango'),
(6118,8,'Jambi',442,'Sungaipenuh','Kota','Hamparan Rawang'),
(6119,8,'Jambi',442,'Sungaipenuh','Kota','Koto Baru'),
(6120,8,'Jambi',442,'Sungaipenuh','Kota','Kumun Debai'),
(6121,8,'Jambi',442,'Sungaipenuh','Kota','Pesisir Bukit'),
(6122,8,'Jambi',442,'Sungaipenuh','Kota','Pondok Tinggi'),
(6123,8,'Jambi',442,'Sungaipenuh','Kota','Sungai Bungkal'),
(6124,8,'Jambi',442,'Sungaipenuh','Kota','Sungai Penuh'),
(6125,8,'Jambi',442,'Sungaipenuh','Kota','Tanah Kampung'),
(6126,24,'Papua',443,'Supiori','Kabupaten','Kepulauan Aruri'),
(6127,24,'Papua',443,'Supiori','Kabupaten','Supiori Barat'),
(6128,24,'Papua',443,'Supiori','Kabupaten','Supiori Selatan'),
(6129,24,'Papua',443,'Supiori','Kabupaten','Supiori Timur'),
(6130,24,'Papua',443,'Supiori','Kabupaten','Supiori Utara'),
(6131,11,'Jawa Timur',444,'Surabaya','Kota','Asemrowo'),
(6132,11,'Jawa Timur',444,'Surabaya','Kota','Benowo'),
(6133,11,'Jawa Timur',444,'Surabaya','Kota','Bubutan'),
(6134,11,'Jawa Timur',444,'Surabaya','Kota','Bulak'),
(6135,11,'Jawa Timur',444,'Surabaya','Kota','Dukuh Pakis'),
(6136,11,'Jawa Timur',444,'Surabaya','Kota','Gayungan'),
(6137,11,'Jawa Timur',444,'Surabaya','Kota','Genteng'),
(6138,11,'Jawa Timur',444,'Surabaya','Kota','Gubeng'),
(6139,11,'Jawa Timur',444,'Surabaya','Kota','Gununganyar'),
(6140,11,'Jawa Timur',444,'Surabaya','Kota','Jambangan'),
(6141,11,'Jawa Timur',444,'Surabaya','Kota','Karangpilang'),
(6142,11,'Jawa Timur',444,'Surabaya','Kota','Kenjeran'),
(6143,11,'Jawa Timur',444,'Surabaya','Kota','Krembangan'),
(6144,11,'Jawa Timur',444,'Surabaya','Kota','Lakar Santri'),
(6145,11,'Jawa Timur',444,'Surabaya','Kota','Mulyorejo'),
(6146,11,'Jawa Timur',444,'Surabaya','Kota','Pabean Cantikan'),
(6147,11,'Jawa Timur',444,'Surabaya','Kota','Pakal'),
(6148,11,'Jawa Timur',444,'Surabaya','Kota','Rungkut'),
(6149,11,'Jawa Timur',444,'Surabaya','Kota','Sambikerep'),
(6150,11,'Jawa Timur',444,'Surabaya','Kota','Sawahan'),
(6151,11,'Jawa Timur',444,'Surabaya','Kota','Semampir'),
(6152,11,'Jawa Timur',444,'Surabaya','Kota','Simokerto'),
(6153,11,'Jawa Timur',444,'Surabaya','Kota','Sukolilo'),
(6154,11,'Jawa Timur',444,'Surabaya','Kota','Sukomanunggal'),
(6155,11,'Jawa Timur',444,'Surabaya','Kota','Tambaksari'),
(6156,11,'Jawa Timur',444,'Surabaya','Kota','Tandes'),
(6157,11,'Jawa Timur',444,'Surabaya','Kota','Tegalsari'),
(6158,11,'Jawa Timur',444,'Surabaya','Kota','Tenggilis Mejoyo'),
(6159,11,'Jawa Timur',444,'Surabaya','Kota','Wiyung'),
(6160,11,'Jawa Timur',444,'Surabaya','Kota','Wonocolo'),
(6161,11,'Jawa Timur',444,'Surabaya','Kota','Wonokromo'),
(6162,10,'Jawa Tengah',445,'Surakarta (Solo)','Kota','Banjarsari'),
(6163,10,'Jawa Tengah',445,'Surakarta (Solo)','Kota','Jebres'),
(6164,10,'Jawa Tengah',445,'Surakarta (Solo)','Kota','Laweyan'),
(6165,10,'Jawa Tengah',445,'Surakarta (Solo)','Kota','Pasar Kliwon'),
(6166,10,'Jawa Tengah',445,'Surakarta (Solo)','Kota','Serengan'),
(6167,13,'Kalimantan Selatan',446,'Tabalong','Kabupaten','Banua Lawas'),
(6168,13,'Kalimantan Selatan',446,'Tabalong','Kabupaten','Bintang Ara'),
(6169,13,'Kalimantan Selatan',446,'Tabalong','Kabupaten','Haruai'),
(6170,13,'Kalimantan Selatan',446,'Tabalong','Kabupaten','Jaro'),
(6171,13,'Kalimantan Selatan',446,'Tabalong','Kabupaten','Kelua (Klua)'),
(6172,13,'Kalimantan Selatan',446,'Tabalong','Kabupaten','Muara Harus'),
(6173,13,'Kalimantan Selatan',446,'Tabalong','Kabupaten','Muara Uya'),
(6174,13,'Kalimantan Selatan',446,'Tabalong','Kabupaten','Murung Pudak'),
(6175,13,'Kalimantan Selatan',446,'Tabalong','Kabupaten','Pugaan'),
(6176,13,'Kalimantan Selatan',446,'Tabalong','Kabupaten','Tanjung'),
(6177,13,'Kalimantan Selatan',446,'Tabalong','Kabupaten','Tanta'),
(6178,13,'Kalimantan Selatan',446,'Tabalong','Kabupaten','Upau'),
(6179,1,'Bali',447,'Tabanan','Kabupaten','Baturiti'),
(6180,1,'Bali',447,'Tabanan','Kabupaten','Kediri'),
(6181,1,'Bali',447,'Tabanan','Kabupaten','Kerambitan'),
(6182,1,'Bali',447,'Tabanan','Kabupaten','Marga'),
(6183,1,'Bali',447,'Tabanan','Kabupaten','Penebel'),
(6184,1,'Bali',447,'Tabanan','Kabupaten','Pupuan'),
(6185,1,'Bali',447,'Tabanan','Kabupaten','Selemadeg'),
(6186,1,'Bali',447,'Tabanan','Kabupaten','Selemadeg / Salamadeg Timur'),
(6187,1,'Bali',447,'Tabanan','Kabupaten','Selemadeg / Salemadeg Barat'),
(6188,1,'Bali',447,'Tabanan','Kabupaten','Tabanan'),
(6189,28,'Sulawesi Selatan',448,'Takalar','Kabupaten','Galesong'),
(6190,28,'Sulawesi Selatan',448,'Takalar','Kabupaten','Galesong Selatan'),
(6191,28,'Sulawesi Selatan',448,'Takalar','Kabupaten','Galesong Utara'),
(6192,28,'Sulawesi Selatan',448,'Takalar','Kabupaten','Mangara Bombang'),
(6193,28,'Sulawesi Selatan',448,'Takalar','Kabupaten','Mappakasunggu'),
(6194,28,'Sulawesi Selatan',448,'Takalar','Kabupaten','Patallassang'),
(6195,28,'Sulawesi Selatan',448,'Takalar','Kabupaten','Polombangkeng Selatan (Polobangkeng)'),
(6196,28,'Sulawesi Selatan',448,'Takalar','Kabupaten','Polombangkeng Utara (Polobangkeng)'),
(6197,28,'Sulawesi Selatan',448,'Takalar','Kabupaten','Sanrobone'),
(6198,25,'Papua Barat',449,'Tambrauw','Kabupaten','Abun'),
(6199,25,'Papua Barat',449,'Tambrauw','Kabupaten','Amberbaken'),
(6200,25,'Papua Barat',449,'Tambrauw','Kabupaten','Fef (Peef)'),
(6201,25,'Papua Barat',449,'Tambrauw','Kabupaten','Kebar'),
(6202,25,'Papua Barat',449,'Tambrauw','Kabupaten','Kwoor'),
(6203,25,'Papua Barat',449,'Tambrauw','Kabupaten','Miyah (Meyah)'),
(6204,25,'Papua Barat',449,'Tambrauw','Kabupaten','Moraid'),
(6205,25,'Papua Barat',449,'Tambrauw','Kabupaten','Mubrani'),
(6206,25,'Papua Barat',449,'Tambrauw','Kabupaten','Sausapor'),
(6207,25,'Papua Barat',449,'Tambrauw','Kabupaten','Senopi'),
(6208,25,'Papua Barat',449,'Tambrauw','Kabupaten','Syujak'),
(6209,25,'Papua Barat',449,'Tambrauw','Kabupaten','Yembun'),
(6210,16,'Kalimantan Utara',450,'Tana Tidung','Kabupaten','Betayau'),
(6211,16,'Kalimantan Utara',450,'Tana Tidung','Kabupaten','Sesayap'),
(6212,16,'Kalimantan Utara',450,'Tana Tidung','Kabupaten','Sesayap Hilir'),
(6213,16,'Kalimantan Utara',450,'Tana Tidung','Kabupaten','Tana Lia (Tanah Lia)'),
(6214,28,'Sulawesi Selatan',451,'Tana Toraja','Kabupaten','Bittuang'),
(6215,28,'Sulawesi Selatan',451,'Tana Toraja','Kabupaten','Bonggakaradeng'),
(6216,28,'Sulawesi Selatan',451,'Tana Toraja','Kabupaten','Gandang Batu Sillanan'),
(6217,28,'Sulawesi Selatan',451,'Tana Toraja','Kabupaten','Kurra'),
(6218,28,'Sulawesi Selatan',451,'Tana Toraja','Kabupaten','Makale'),
(6219,28,'Sulawesi Selatan',451,'Tana Toraja','Kabupaten','Makale Selatan'),
(6220,28,'Sulawesi Selatan',451,'Tana Toraja','Kabupaten','Makale Utara'),
(6221,28,'Sulawesi Selatan',451,'Tana Toraja','Kabupaten','Malimbong Balepe'),
(6222,28,'Sulawesi Selatan',451,'Tana Toraja','Kabupaten','Mappak'),
(6223,28,'Sulawesi Selatan',451,'Tana Toraja','Kabupaten','Masanda'),
(6224,28,'Sulawesi Selatan',451,'Tana Toraja','Kabupaten','Mengkendek'),
(6225,28,'Sulawesi Selatan',451,'Tana Toraja','Kabupaten','Rano'),
(6226,28,'Sulawesi Selatan',451,'Tana Toraja','Kabupaten','Rantetayo'),
(6227,28,'Sulawesi Selatan',451,'Tana Toraja','Kabupaten','Rembon'),
(6228,28,'Sulawesi Selatan',451,'Tana Toraja','Kabupaten','Saluputti'),
(6229,28,'Sulawesi Selatan',451,'Tana Toraja','Kabupaten','Sangalla (Sanggala)'),
(6230,28,'Sulawesi Selatan',451,'Tana Toraja','Kabupaten','Sangalla Selatan'),
(6231,28,'Sulawesi Selatan',451,'Tana Toraja','Kabupaten','Sangalla Utara'),
(6232,28,'Sulawesi Selatan',451,'Tana Toraja','Kabupaten','Simbuang'),
(6233,13,'Kalimantan Selatan',452,'Tanah Bumbu','Kabupaten','Angsana'),
(6234,13,'Kalimantan Selatan',452,'Tanah Bumbu','Kabupaten','Batulicin'),
(6235,13,'Kalimantan Selatan',452,'Tanah Bumbu','Kabupaten','Karang Bintang'),
(6236,13,'Kalimantan Selatan',452,'Tanah Bumbu','Kabupaten','Kuranji'),
(6237,13,'Kalimantan Selatan',452,'Tanah Bumbu','Kabupaten','Kusan Hilir'),
(6238,13,'Kalimantan Selatan',452,'Tanah Bumbu','Kabupaten','Kusan Hulu'),
(6239,13,'Kalimantan Selatan',452,'Tanah Bumbu','Kabupaten','Mantewe'),
(6240,13,'Kalimantan Selatan',452,'Tanah Bumbu','Kabupaten','Satui'),
(6241,13,'Kalimantan Selatan',452,'Tanah Bumbu','Kabupaten','Simpang Empat'),
(6242,13,'Kalimantan Selatan',452,'Tanah Bumbu','Kabupaten','Sungai Loban'),
(6243,32,'Sumatera Barat',453,'Tanah Datar','Kabupaten','Batipuh'),
(6244,32,'Sumatera Barat',453,'Tanah Datar','Kabupaten','Batipuh Selatan'),
(6245,32,'Sumatera Barat',453,'Tanah Datar','Kabupaten','Lima Kaum'),
(6246,32,'Sumatera Barat',453,'Tanah Datar','Kabupaten','Lintau Buo'),
(6247,32,'Sumatera Barat',453,'Tanah Datar','Kabupaten','Lintau Buo Utara'),
(6248,32,'Sumatera Barat',453,'Tanah Datar','Kabupaten','Padang Ganting'),
(6249,32,'Sumatera Barat',453,'Tanah Datar','Kabupaten','Pariangan'),
(6250,32,'Sumatera Barat',453,'Tanah Datar','Kabupaten','Rambatan'),
(6251,32,'Sumatera Barat',453,'Tanah Datar','Kabupaten','Salimpaung'),
(6252,32,'Sumatera Barat',453,'Tanah Datar','Kabupaten','Sepuluh Koto (X Koto)'),
(6253,32,'Sumatera Barat',453,'Tanah Datar','Kabupaten','Sungai Tarab'),
(6254,32,'Sumatera Barat',453,'Tanah Datar','Kabupaten','Sungayang'),
(6255,32,'Sumatera Barat',453,'Tanah Datar','Kabupaten','Tanjung Baru'),
(6256,32,'Sumatera Barat',453,'Tanah Datar','Kabupaten','Tanjung Emas'),
(6257,13,'Kalimantan Selatan',454,'Tanah Laut','Kabupaten','Bajuin'),
(6258,13,'Kalimantan Selatan',454,'Tanah Laut','Kabupaten','Bati-Bati'),
(6259,13,'Kalimantan Selatan',454,'Tanah Laut','Kabupaten','Batu Ampar'),
(6260,13,'Kalimantan Selatan',454,'Tanah Laut','Kabupaten','Bumi Makmur'),
(6261,13,'Kalimantan Selatan',454,'Tanah Laut','Kabupaten','Jorong'),
(6262,13,'Kalimantan Selatan',454,'Tanah Laut','Kabupaten','Kintap'),
(6263,13,'Kalimantan Selatan',454,'Tanah Laut','Kabupaten','Kurau'),
(6264,13,'Kalimantan Selatan',454,'Tanah Laut','Kabupaten','Panyipatan'),
(6265,13,'Kalimantan Selatan',454,'Tanah Laut','Kabupaten','Pelaihari'),
(6266,13,'Kalimantan Selatan',454,'Tanah Laut','Kabupaten','Takisung'),
(6267,13,'Kalimantan Selatan',454,'Tanah Laut','Kabupaten','Tambang Ulang'),
(6268,3,'Banten',455,'Tangerang','Kabupaten','Balaraja'),
(6269,3,'Banten',455,'Tangerang','Kabupaten','Cikupa'),
(6270,3,'Banten',455,'Tangerang','Kabupaten','Cisauk'),
(6271,3,'Banten',455,'Tangerang','Kabupaten','Cisoka'),
(6272,3,'Banten',455,'Tangerang','Kabupaten','Curug'),
(6273,3,'Banten',455,'Tangerang','Kabupaten','Gunung Kaler'),
(6274,3,'Banten',455,'Tangerang','Kabupaten','Jambe'),
(6275,3,'Banten',455,'Tangerang','Kabupaten','Jayanti'),
(6276,3,'Banten',455,'Tangerang','Kabupaten','Kelapa Dua'),
(6277,3,'Banten',455,'Tangerang','Kabupaten','Kemiri'),
(6278,3,'Banten',455,'Tangerang','Kabupaten','Kosambi'),
(6279,3,'Banten',455,'Tangerang','Kabupaten','Kresek'),
(6280,3,'Banten',455,'Tangerang','Kabupaten','Kronjo'),
(6281,3,'Banten',455,'Tangerang','Kabupaten','Legok'),
(6282,3,'Banten',455,'Tangerang','Kabupaten','Mauk'),
(6283,3,'Banten',455,'Tangerang','Kabupaten','Mekar Baru'),
(6284,3,'Banten',455,'Tangerang','Kabupaten','Pagedangan'),
(6285,3,'Banten',455,'Tangerang','Kabupaten','Pakuhaji'),
(6286,3,'Banten',455,'Tangerang','Kabupaten','Panongan'),
(6287,3,'Banten',455,'Tangerang','Kabupaten','Pasar Kemis'),
(6288,3,'Banten',455,'Tangerang','Kabupaten','Rajeg'),
(6289,3,'Banten',455,'Tangerang','Kabupaten','Sepatan'),
(6290,3,'Banten',455,'Tangerang','Kabupaten','Sepatan Timur'),
(6291,3,'Banten',455,'Tangerang','Kabupaten','Sindang Jaya'),
(6292,3,'Banten',455,'Tangerang','Kabupaten','Solear'),
(6293,3,'Banten',455,'Tangerang','Kabupaten','Sukadiri'),
(6294,3,'Banten',455,'Tangerang','Kabupaten','Sukamulya'),
(6295,3,'Banten',455,'Tangerang','Kabupaten','Teluknaga'),
(6296,3,'Banten',455,'Tangerang','Kabupaten','Tigaraksa'),
(6297,3,'Banten',456,'Tangerang','Kota','Batuceper'),
(6298,3,'Banten',456,'Tangerang','Kota','Benda'),
(6299,3,'Banten',456,'Tangerang','Kota','Cibodas'),
(6300,3,'Banten',456,'Tangerang','Kota','Ciledug'),
(6301,3,'Banten',456,'Tangerang','Kota','Cipondoh'),
(6302,3,'Banten',456,'Tangerang','Kota','Jatiuwung'),
(6303,3,'Banten',456,'Tangerang','Kota','Karang Tengah'),
(6304,3,'Banten',456,'Tangerang','Kota','Karawaci'),
(6305,3,'Banten',456,'Tangerang','Kota','Larangan'),
(6306,3,'Banten',456,'Tangerang','Kota','Neglasari'),
(6307,3,'Banten',456,'Tangerang','Kota','Periuk'),
(6308,3,'Banten',456,'Tangerang','Kota','Pinang (Penang)'),
(6309,3,'Banten',456,'Tangerang','Kota','Tangerang'),
(6310,3,'Banten',457,'Tangerang Selatan','Kota','Ciputat'),
(6311,3,'Banten',457,'Tangerang Selatan','Kota','Ciputat Timur'),
(6312,3,'Banten',457,'Tangerang Selatan','Kota','Pamulang'),
(6313,3,'Banten',457,'Tangerang Selatan','Kota','Pondok Aren'),
(6314,3,'Banten',457,'Tangerang Selatan','Kota','Serpong'),
(6315,3,'Banten',457,'Tangerang Selatan','Kota','Serpong Utara'),
(6316,3,'Banten',457,'Tangerang Selatan','Kota','Setu'),
(6317,18,'Lampung',458,'Tanggamus','Kabupaten','Air Naningan'),
(6318,18,'Lampung',458,'Tanggamus','Kabupaten','Bandar Negeri Semuong'),
(6319,18,'Lampung',458,'Tanggamus','Kabupaten','Bulok'),
(6320,18,'Lampung',458,'Tanggamus','Kabupaten','Cukuh Balak'),
(6321,18,'Lampung',458,'Tanggamus','Kabupaten','Gisting'),
(6322,18,'Lampung',458,'Tanggamus','Kabupaten','Gunung Alip'),
(6323,18,'Lampung',458,'Tanggamus','Kabupaten','Kelumbayan'),
(6324,18,'Lampung',458,'Tanggamus','Kabupaten','Kelumbayan Barat'),
(6325,18,'Lampung',458,'Tanggamus','Kabupaten','Kota Agung (Kota Agung Pusat)'),
(6326,18,'Lampung',458,'Tanggamus','Kabupaten','Kota Agung Barat'),
(6327,18,'Lampung',458,'Tanggamus','Kabupaten','Kota Agung Timur'),
(6328,18,'Lampung',458,'Tanggamus','Kabupaten','Limau'),
(6329,18,'Lampung',458,'Tanggamus','Kabupaten','Pematang Sawa'),
(6330,18,'Lampung',458,'Tanggamus','Kabupaten','Pugung'),
(6331,18,'Lampung',458,'Tanggamus','Kabupaten','Pulau Panggung'),
(6332,18,'Lampung',458,'Tanggamus','Kabupaten','Semaka'),
(6333,18,'Lampung',458,'Tanggamus','Kabupaten','Sumberejo'),
(6334,18,'Lampung',458,'Tanggamus','Kabupaten','Talang Padang'),
(6335,18,'Lampung',458,'Tanggamus','Kabupaten','Ulubelu'),
(6336,18,'Lampung',458,'Tanggamus','Kabupaten','Wonosobo'),
(6337,34,'Sumatera Utara',459,'Tanjung Balai','Kota','Datuk Bandar'),
(6338,34,'Sumatera Utara',459,'Tanjung Balai','Kota','Datuk Bandar Timur'),
(6339,34,'Sumatera Utara',459,'Tanjung Balai','Kota','Sei Tualang Raso'),
(6340,34,'Sumatera Utara',459,'Tanjung Balai','Kota','Tanjung Balai Selatan'),
(6341,34,'Sumatera Utara',459,'Tanjung Balai','Kota','Tanjung Balai Utara'),
(6342,34,'Sumatera Utara',459,'Tanjung Balai','Kota','Teluk Nibung'),
(6343,8,'Jambi',460,'Tanjung Jabung Barat','Kabupaten','Batang Asam'),
(6344,8,'Jambi',460,'Tanjung Jabung Barat','Kabupaten','Betara'),
(6345,8,'Jambi',460,'Tanjung Jabung Barat','Kabupaten','Bram Itam'),
(6346,8,'Jambi',460,'Tanjung Jabung Barat','Kabupaten','Kuala Betara'),
(6347,8,'Jambi',460,'Tanjung Jabung Barat','Kabupaten','Merlung'),
(6348,8,'Jambi',460,'Tanjung Jabung Barat','Kabupaten','Muara Papalik'),
(6349,8,'Jambi',460,'Tanjung Jabung Barat','Kabupaten','Pengabuan'),
(6350,8,'Jambi',460,'Tanjung Jabung Barat','Kabupaten','Renah Mendaluh'),
(6351,8,'Jambi',460,'Tanjung Jabung Barat','Kabupaten','Seberang Kota'),
(6352,8,'Jambi',460,'Tanjung Jabung Barat','Kabupaten','Senyerang'),
(6353,8,'Jambi',460,'Tanjung Jabung Barat','Kabupaten','Tebing Tinggi'),
(6354,8,'Jambi',460,'Tanjung Jabung Barat','Kabupaten','Tungkal Ilir'),
(6355,8,'Jambi',460,'Tanjung Jabung Barat','Kabupaten','Tungkal Ulu'),
(6356,8,'Jambi',461,'Tanjung Jabung Timur','Kabupaten','Berbak'),
(6357,8,'Jambi',461,'Tanjung Jabung Timur','Kabupaten','Dendang'),
(6358,8,'Jambi',461,'Tanjung Jabung Timur','Kabupaten','Geragai'),
(6359,8,'Jambi',461,'Tanjung Jabung Timur','Kabupaten','Kuala Jambi'),
(6360,8,'Jambi',461,'Tanjung Jabung Timur','Kabupaten','Mendahara'),
(6361,8,'Jambi',461,'Tanjung Jabung Timur','Kabupaten','Mendahara Ulu'),
(6362,8,'Jambi',461,'Tanjung Jabung Timur','Kabupaten','Muara Sabak Barat'),
(6363,8,'Jambi',461,'Tanjung Jabung Timur','Kabupaten','Muara Sabak Timur'),
(6364,8,'Jambi',461,'Tanjung Jabung Timur','Kabupaten','Nipah Panjang'),
(6365,8,'Jambi',461,'Tanjung Jabung Timur','Kabupaten','Rantau Rasau'),
(6366,8,'Jambi',461,'Tanjung Jabung Timur','Kabupaten','Sadu'),
(6367,17,'Kepulauan Riau',462,'Tanjung Pinang','Kota','Bukit Bestari'),
(6368,17,'Kepulauan Riau',462,'Tanjung Pinang','Kota','Tanjung Pinang Barat'),
(6369,17,'Kepulauan Riau',462,'Tanjung Pinang','Kota','Tanjung Pinang Kota'),
(6370,17,'Kepulauan Riau',462,'Tanjung Pinang','Kota','Tanjung Pinang Timur'),
(6371,34,'Sumatera Utara',463,'Tapanuli Selatan','Kabupaten','Aek Bilah'),
(6372,34,'Sumatera Utara',463,'Tapanuli Selatan','Kabupaten','Angkola Barat (Padang Sidempuan)'),
(6373,34,'Sumatera Utara',463,'Tapanuli Selatan','Kabupaten','Angkola Sangkunur'),
(6374,34,'Sumatera Utara',463,'Tapanuli Selatan','Kabupaten','Angkola Selatan (Siais)'),
(6375,34,'Sumatera Utara',463,'Tapanuli Selatan','Kabupaten','Angkola Timur (Padang Sidempuan)'),
(6376,34,'Sumatera Utara',463,'Tapanuli Selatan','Kabupaten','Arse'),
(6377,34,'Sumatera Utara',463,'Tapanuli Selatan','Kabupaten','Batang Angkola'),
(6378,34,'Sumatera Utara',463,'Tapanuli Selatan','Kabupaten','Batang Toru'),
(6379,34,'Sumatera Utara',463,'Tapanuli Selatan','Kabupaten','Marancar'),
(6380,34,'Sumatera Utara',463,'Tapanuli Selatan','Kabupaten','Muara Batang Toru'),
(6381,34,'Sumatera Utara',463,'Tapanuli Selatan','Kabupaten','Saipar Dolok Hole'),
(6382,34,'Sumatera Utara',463,'Tapanuli Selatan','Kabupaten','Sayur Matinggi'),
(6383,34,'Sumatera Utara',463,'Tapanuli Selatan','Kabupaten','Sipirok'),
(6384,34,'Sumatera Utara',463,'Tapanuli Selatan','Kabupaten','Tano Tombangan Angkola'),
(6385,34,'Sumatera Utara',464,'Tapanuli Tengah','Kabupaten','Andam Dewi'),
(6386,34,'Sumatera Utara',464,'Tapanuli Tengah','Kabupaten','Badiri'),
(6387,34,'Sumatera Utara',464,'Tapanuli Tengah','Kabupaten','Barus'),
(6388,34,'Sumatera Utara',464,'Tapanuli Tengah','Kabupaten','Barus Utara'),
(6389,34,'Sumatera Utara',464,'Tapanuli Tengah','Kabupaten','Kolang'),
(6390,34,'Sumatera Utara',464,'Tapanuli Tengah','Kabupaten','Lumut'),
(6391,34,'Sumatera Utara',464,'Tapanuli Tengah','Kabupaten','Manduamas'),
(6392,34,'Sumatera Utara',464,'Tapanuli Tengah','Kabupaten','Pandan'),
(6393,34,'Sumatera Utara',464,'Tapanuli Tengah','Kabupaten','Pasaribu Tobing'),
(6394,34,'Sumatera Utara',464,'Tapanuli Tengah','Kabupaten','Pinangsori'),
(6395,34,'Sumatera Utara',464,'Tapanuli Tengah','Kabupaten','Sarudik'),
(6396,34,'Sumatera Utara',464,'Tapanuli Tengah','Kabupaten','Sibabangun'),
(6397,34,'Sumatera Utara',464,'Tapanuli Tengah','Kabupaten','Sirandorung'),
(6398,34,'Sumatera Utara',464,'Tapanuli Tengah','Kabupaten','Sitahuis'),
(6399,34,'Sumatera Utara',464,'Tapanuli Tengah','Kabupaten','Sorkam'),
(6400,34,'Sumatera Utara',464,'Tapanuli Tengah','Kabupaten','Sorkam Barat'),
(6401,34,'Sumatera Utara',464,'Tapanuli Tengah','Kabupaten','Sosor Gadong'),
(6402,34,'Sumatera Utara',464,'Tapanuli Tengah','Kabupaten','Suka Bangun'),
(6403,34,'Sumatera Utara',464,'Tapanuli Tengah','Kabupaten','Tapian Nauli'),
(6404,34,'Sumatera Utara',464,'Tapanuli Tengah','Kabupaten','Tukka'),
(6405,34,'Sumatera Utara',465,'Tapanuli Utara','Kabupaten','Adian Koting'),
(6406,34,'Sumatera Utara',465,'Tapanuli Utara','Kabupaten','Garoga'),
(6407,34,'Sumatera Utara',465,'Tapanuli Utara','Kabupaten','Muara'),
(6408,34,'Sumatera Utara',465,'Tapanuli Utara','Kabupaten','Pagaran'),
(6409,34,'Sumatera Utara',465,'Tapanuli Utara','Kabupaten','Pahae Jae'),
(6410,34,'Sumatera Utara',465,'Tapanuli Utara','Kabupaten','Pahae Julu'),
(6411,34,'Sumatera Utara',465,'Tapanuli Utara','Kabupaten','Pangaribuan'),
(6412,34,'Sumatera Utara',465,'Tapanuli Utara','Kabupaten','Parmonangan'),
(6413,34,'Sumatera Utara',465,'Tapanuli Utara','Kabupaten','Purbatua'),
(6414,34,'Sumatera Utara',465,'Tapanuli Utara','Kabupaten','Siatas Barita'),
(6415,34,'Sumatera Utara',465,'Tapanuli Utara','Kabupaten','Siborong-Borong'),
(6416,34,'Sumatera Utara',465,'Tapanuli Utara','Kabupaten','Simangumban'),
(6417,34,'Sumatera Utara',465,'Tapanuli Utara','Kabupaten','Sipahutar'),
(6418,34,'Sumatera Utara',465,'Tapanuli Utara','Kabupaten','Sipoholon'),
(6419,34,'Sumatera Utara',465,'Tapanuli Utara','Kabupaten','Tarutung'),
(6420,13,'Kalimantan Selatan',466,'Tapin','Kabupaten','Bakarangan'),
(6421,13,'Kalimantan Selatan',466,'Tapin','Kabupaten','Binuang'),
(6422,13,'Kalimantan Selatan',466,'Tapin','Kabupaten','Bungur'),
(6423,13,'Kalimantan Selatan',466,'Tapin','Kabupaten','Candi Laras Selatan'),
(6424,13,'Kalimantan Selatan',466,'Tapin','Kabupaten','Candi Laras Utara'),
(6425,13,'Kalimantan Selatan',466,'Tapin','Kabupaten','Hatungun'),
(6426,13,'Kalimantan Selatan',466,'Tapin','Kabupaten','Lokpaikat'),
(6427,13,'Kalimantan Selatan',466,'Tapin','Kabupaten','Piani'),
(6428,13,'Kalimantan Selatan',466,'Tapin','Kabupaten','Salam Babaris'),
(6429,13,'Kalimantan Selatan',466,'Tapin','Kabupaten','Tapin Selatan'),
(6430,13,'Kalimantan Selatan',466,'Tapin','Kabupaten','Tapin Tengah'),
(6431,13,'Kalimantan Selatan',466,'Tapin','Kabupaten','Tapin Utara'),
(6432,16,'Kalimantan Utara',467,'Tarakan','Kota','Tarakan Barat'),
(6433,16,'Kalimantan Utara',467,'Tarakan','Kota','Tarakan Tengah'),
(6434,16,'Kalimantan Utara',467,'Tarakan','Kota','Tarakan Timur'),
(6435,16,'Kalimantan Utara',467,'Tarakan','Kota','Tarakan Utara'),
(6436,9,'Jawa Barat',468,'Tasikmalaya','Kabupaten','Bantarkalong'),
(6437,9,'Jawa Barat',468,'Tasikmalaya','Kabupaten','Bojongasih'),
(6438,9,'Jawa Barat',468,'Tasikmalaya','Kabupaten','Bojonggambir'),
(6439,9,'Jawa Barat',468,'Tasikmalaya','Kabupaten','Ciawi'),
(6440,9,'Jawa Barat',468,'Tasikmalaya','Kabupaten','Cibalong'),
(6441,9,'Jawa Barat',468,'Tasikmalaya','Kabupaten','Cigalontang'),
(6442,9,'Jawa Barat',468,'Tasikmalaya','Kabupaten','Cikalong'),
(6443,9,'Jawa Barat',468,'Tasikmalaya','Kabupaten','Cikatomas'),
(6444,9,'Jawa Barat',468,'Tasikmalaya','Kabupaten','Cineam'),
(6445,9,'Jawa Barat',468,'Tasikmalaya','Kabupaten','Cipatujah'),
(6446,9,'Jawa Barat',468,'Tasikmalaya','Kabupaten','Cisayong'),
(6447,9,'Jawa Barat',468,'Tasikmalaya','Kabupaten','Culamega'),
(6448,9,'Jawa Barat',468,'Tasikmalaya','Kabupaten','Gunung Tanjung'),
(6449,9,'Jawa Barat',468,'Tasikmalaya','Kabupaten','Jamanis'),
(6450,9,'Jawa Barat',468,'Tasikmalaya','Kabupaten','Jatiwaras'),
(6451,9,'Jawa Barat',468,'Tasikmalaya','Kabupaten','Kadipaten'),
(6452,9,'Jawa Barat',468,'Tasikmalaya','Kabupaten','Karang Jaya'),
(6453,9,'Jawa Barat',468,'Tasikmalaya','Kabupaten','Karangnunggal'),
(6454,9,'Jawa Barat',468,'Tasikmalaya','Kabupaten','Leuwisari'),
(6455,9,'Jawa Barat',468,'Tasikmalaya','Kabupaten','Mangunreja'),
(6456,9,'Jawa Barat',468,'Tasikmalaya','Kabupaten','Manonjaya'),
(6457,9,'Jawa Barat',468,'Tasikmalaya','Kabupaten','Padakembang'),
(6458,9,'Jawa Barat',468,'Tasikmalaya','Kabupaten','Pagerageung'),
(6459,9,'Jawa Barat',468,'Tasikmalaya','Kabupaten','Pancatengah'),
(6460,9,'Jawa Barat',468,'Tasikmalaya','Kabupaten','Parungponteng'),
(6461,9,'Jawa Barat',468,'Tasikmalaya','Kabupaten','Puspahiang'),
(6462,9,'Jawa Barat',468,'Tasikmalaya','Kabupaten','Rajapolah'),
(6463,9,'Jawa Barat',468,'Tasikmalaya','Kabupaten','Salawu'),
(6464,9,'Jawa Barat',468,'Tasikmalaya','Kabupaten','Salopa'),
(6465,9,'Jawa Barat',468,'Tasikmalaya','Kabupaten','Sariwangi'),
(6466,9,'Jawa Barat',468,'Tasikmalaya','Kabupaten','Singaparna'),
(6467,9,'Jawa Barat',468,'Tasikmalaya','Kabupaten','Sodonghilir'),
(6468,9,'Jawa Barat',468,'Tasikmalaya','Kabupaten','Sukahening'),
(6469,9,'Jawa Barat',468,'Tasikmalaya','Kabupaten','Sukaraja'),
(6470,9,'Jawa Barat',468,'Tasikmalaya','Kabupaten','Sukarame'),
(6471,9,'Jawa Barat',468,'Tasikmalaya','Kabupaten','Sukaratu'),
(6472,9,'Jawa Barat',468,'Tasikmalaya','Kabupaten','Sukaresik'),
(6473,9,'Jawa Barat',468,'Tasikmalaya','Kabupaten','Tanjungjaya'),
(6474,9,'Jawa Barat',468,'Tasikmalaya','Kabupaten','Taraju'),
(6475,9,'Jawa Barat',469,'Tasikmalaya','Kota','Bungursari'),
(6476,9,'Jawa Barat',469,'Tasikmalaya','Kota','Cibeureum'),
(6477,9,'Jawa Barat',469,'Tasikmalaya','Kota','Cihideung'),
(6478,9,'Jawa Barat',469,'Tasikmalaya','Kota','Cipedes'),
(6479,9,'Jawa Barat',469,'Tasikmalaya','Kota','Indihiang'),
(6480,9,'Jawa Barat',469,'Tasikmalaya','Kota','Kawalu'),
(6481,9,'Jawa Barat',469,'Tasikmalaya','Kota','Mangkubumi'),
(6482,9,'Jawa Barat',469,'Tasikmalaya','Kota','Purbaratu'),
(6483,9,'Jawa Barat',469,'Tasikmalaya','Kota','Tamansari'),
(6484,9,'Jawa Barat',469,'Tasikmalaya','Kota','Tawang'),
(6485,34,'Sumatera Utara',470,'Tebing Tinggi','Kota','Bajenis'),
(6486,34,'Sumatera Utara',470,'Tebing Tinggi','Kota','Padang Hilir'),
(6487,34,'Sumatera Utara',470,'Tebing Tinggi','Kota','Padang Hulu'),
(6488,34,'Sumatera Utara',470,'Tebing Tinggi','Kota','Rambutan'),
(6489,34,'Sumatera Utara',470,'Tebing Tinggi','Kota','Tebing Tinggi Kota'),
(6490,8,'Jambi',471,'Tebo','Kabupaten','Muara Tabir'),
(6491,8,'Jambi',471,'Tebo','Kabupaten','Rimbo Bujang'),
(6492,8,'Jambi',471,'Tebo','Kabupaten','Rimbo Ilir'),
(6493,8,'Jambi',471,'Tebo','Kabupaten','Rimbo Ulu'),
(6494,8,'Jambi',471,'Tebo','Kabupaten','Serai Serumpun'),
(6495,8,'Jambi',471,'Tebo','Kabupaten','Sumay'),
(6496,8,'Jambi',471,'Tebo','Kabupaten','Tebo Ilir'),
(6497,8,'Jambi',471,'Tebo','Kabupaten','Tebo Tengah'),
(6498,8,'Jambi',471,'Tebo','Kabupaten','Tebo Ulu'),
(6499,8,'Jambi',471,'Tebo','Kabupaten','Tengah Ilir'),
(6500,8,'Jambi',471,'Tebo','Kabupaten','VII Koto'),
(6501,8,'Jambi',471,'Tebo','Kabupaten','VII Koto Ilir'),
(6502,10,'Jawa Tengah',472,'Tegal','Kabupaten','Adiwerna'),
(6503,10,'Jawa Tengah',472,'Tegal','Kabupaten','Balapulang'),
(6504,10,'Jawa Tengah',472,'Tegal','Kabupaten','Bojong'),
(6505,10,'Jawa Tengah',472,'Tegal','Kabupaten','Bumijawa'),
(6506,10,'Jawa Tengah',472,'Tegal','Kabupaten','Dukuhturi'),
(6507,10,'Jawa Tengah',472,'Tegal','Kabupaten','Dukuhwaru'),
(6508,10,'Jawa Tengah',472,'Tegal','Kabupaten','Jatinegara'),
(6509,10,'Jawa Tengah',472,'Tegal','Kabupaten','Kedung Banteng'),
(6510,10,'Jawa Tengah',472,'Tegal','Kabupaten','Kramat'),
(6511,10,'Jawa Tengah',472,'Tegal','Kabupaten','Lebaksiu'),
(6512,10,'Jawa Tengah',472,'Tegal','Kabupaten','Margasari'),
(6513,10,'Jawa Tengah',472,'Tegal','Kabupaten','Pagerbarang'),
(6514,10,'Jawa Tengah',472,'Tegal','Kabupaten','Pangkah'),
(6515,10,'Jawa Tengah',472,'Tegal','Kabupaten','Slawi'),
(6516,10,'Jawa Tengah',472,'Tegal','Kabupaten','Surodadi'),
(6517,10,'Jawa Tengah',472,'Tegal','Kabupaten','Talang'),
(6518,10,'Jawa Tengah',472,'Tegal','Kabupaten','Tarub'),
(6519,10,'Jawa Tengah',472,'Tegal','Kabupaten','Warurejo'),
(6520,10,'Jawa Tengah',473,'Tegal','Kota','Margadana'),
(6521,10,'Jawa Tengah',473,'Tegal','Kota','Tegal Barat'),
(6522,10,'Jawa Tengah',473,'Tegal','Kota','Tegal Selatan'),
(6523,10,'Jawa Tengah',473,'Tegal','Kota','Tegal Timur'),
(6524,25,'Papua Barat',474,'Teluk Bintuni','Kabupaten','Aranday'),
(6525,25,'Papua Barat',474,'Teluk Bintuni','Kabupaten','Aroba'),
(6526,25,'Papua Barat',474,'Teluk Bintuni','Kabupaten','Babo'),
(6527,25,'Papua Barat',474,'Teluk Bintuni','Kabupaten','Bintuni'),
(6528,25,'Papua Barat',474,'Teluk Bintuni','Kabupaten','Biscoop'),
(6529,25,'Papua Barat',474,'Teluk Bintuni','Kabupaten','Dataran Beimes'),
(6530,25,'Papua Barat',474,'Teluk Bintuni','Kabupaten','Fafurwar (Irorutu)'),
(6531,25,'Papua Barat',474,'Teluk Bintuni','Kabupaten','Kaitaro'),
(6532,25,'Papua Barat',474,'Teluk Bintuni','Kabupaten','Kamundan'),
(6533,25,'Papua Barat',474,'Teluk Bintuni','Kabupaten','Kuri'),
(6534,25,'Papua Barat',474,'Teluk Bintuni','Kabupaten','Manimeri'),
(6535,25,'Papua Barat',474,'Teluk Bintuni','Kabupaten','Masyeta'),
(6536,25,'Papua Barat',474,'Teluk Bintuni','Kabupaten','Mayado'),
(6537,25,'Papua Barat',474,'Teluk Bintuni','Kabupaten','Merdey'),
(6538,25,'Papua Barat',474,'Teluk Bintuni','Kabupaten','Moskona Barat'),
(6539,25,'Papua Barat',474,'Teluk Bintuni','Kabupaten','Moskona Selatan'),
(6540,25,'Papua Barat',474,'Teluk Bintuni','Kabupaten','Moskona Timur'),
(6541,25,'Papua Barat',474,'Teluk Bintuni','Kabupaten','Moskona Utara'),
(6542,25,'Papua Barat',474,'Teluk Bintuni','Kabupaten','Sumuri (Simuri)'),
(6543,25,'Papua Barat',474,'Teluk Bintuni','Kabupaten','Tembuni'),
(6544,25,'Papua Barat',474,'Teluk Bintuni','Kabupaten','Tomu'),
(6545,25,'Papua Barat',474,'Teluk Bintuni','Kabupaten','Tuhiba'),
(6546,25,'Papua Barat',474,'Teluk Bintuni','Kabupaten','Wamesa (Idoor)'),
(6547,25,'Papua Barat',474,'Teluk Bintuni','Kabupaten','Weriagar'),
(6548,25,'Papua Barat',475,'Teluk Wondama','Kabupaten','Kuri Wamesa'),
(6549,25,'Papua Barat',475,'Teluk Wondama','Kabupaten','Naikere (Wasior Barat)'),
(6550,25,'Papua Barat',475,'Teluk Wondama','Kabupaten','Nikiwar'),
(6551,25,'Papua Barat',475,'Teluk Wondama','Kabupaten','Rasiei'),
(6552,25,'Papua Barat',475,'Teluk Wondama','Kabupaten','Roon'),
(6553,25,'Papua Barat',475,'Teluk Wondama','Kabupaten','Roswar'),
(6554,25,'Papua Barat',475,'Teluk Wondama','Kabupaten','Rumberpon'),
(6555,25,'Papua Barat',475,'Teluk Wondama','Kabupaten','Soug Jaya'),
(6556,25,'Papua Barat',475,'Teluk Wondama','Kabupaten','Teluk Duairi (Wasior Utara)'),
(6557,25,'Papua Barat',475,'Teluk Wondama','Kabupaten','Wamesa'),
(6558,25,'Papua Barat',475,'Teluk Wondama','Kabupaten','Wasior'),
(6559,25,'Papua Barat',475,'Teluk Wondama','Kabupaten','Windesi'),
(6560,25,'Papua Barat',475,'Teluk Wondama','Kabupaten','Wondiboy (Wasior Selatan)'),
(6561,10,'Jawa Tengah',476,'Temanggung','Kabupaten','Bansari'),
(6562,10,'Jawa Tengah',476,'Temanggung','Kabupaten','Bejen'),
(6563,10,'Jawa Tengah',476,'Temanggung','Kabupaten','Bulu'),
(6564,10,'Jawa Tengah',476,'Temanggung','Kabupaten','Candiroto'),
(6565,10,'Jawa Tengah',476,'Temanggung','Kabupaten','Gemawang'),
(6566,10,'Jawa Tengah',476,'Temanggung','Kabupaten','Jumo'),
(6567,10,'Jawa Tengah',476,'Temanggung','Kabupaten','Kaloran'),
(6568,10,'Jawa Tengah',476,'Temanggung','Kabupaten','Kandangan'),
(6569,10,'Jawa Tengah',476,'Temanggung','Kabupaten','Kedu'),
(6570,10,'Jawa Tengah',476,'Temanggung','Kabupaten','Kledung'),
(6571,10,'Jawa Tengah',476,'Temanggung','Kabupaten','Kranggan'),
(6572,10,'Jawa Tengah',476,'Temanggung','Kabupaten','Ngadirejo'),
(6573,10,'Jawa Tengah',476,'Temanggung','Kabupaten','Parakan'),
(6574,10,'Jawa Tengah',476,'Temanggung','Kabupaten','Pringsurat'),
(6575,10,'Jawa Tengah',476,'Temanggung','Kabupaten','Selopampang'),
(6576,10,'Jawa Tengah',476,'Temanggung','Kabupaten','Temanggung'),
(6577,10,'Jawa Tengah',476,'Temanggung','Kabupaten','Tembarak'),
(6578,10,'Jawa Tengah',476,'Temanggung','Kabupaten','Tlogomulyo'),
(6579,10,'Jawa Tengah',476,'Temanggung','Kabupaten','Tretep'),
(6580,10,'Jawa Tengah',476,'Temanggung','Kabupaten','Wonoboyo'),
(6581,20,'Maluku Utara',477,'Ternate','Kota','Moti (Pulau Moti)'),
(6582,20,'Maluku Utara',477,'Ternate','Kota','Pulau Batang Dua'),
(6583,20,'Maluku Utara',477,'Ternate','Kota','Pulau Hiri'),
(6584,20,'Maluku Utara',477,'Ternate','Kota','Pulau Ternate'),
(6585,20,'Maluku Utara',477,'Ternate','Kota','Ternate Selatan (Kota)'),
(6586,20,'Maluku Utara',477,'Ternate','Kota','Ternate Tengah (Kota)'),
(6587,20,'Maluku Utara',477,'Ternate','Kota','Ternate Utara (Kota)'),
(6588,20,'Maluku Utara',478,'Tidore Kepulauan','Kota','Oba'),
(6589,20,'Maluku Utara',478,'Tidore Kepulauan','Kota','Oba Selatan'),
(6590,20,'Maluku Utara',478,'Tidore Kepulauan','Kota','Oba Tengah'),
(6591,20,'Maluku Utara',478,'Tidore Kepulauan','Kota','Oba Utara'),
(6592,20,'Maluku Utara',478,'Tidore Kepulauan','Kota','Tidore (Pulau Tidore)'),
(6593,20,'Maluku Utara',478,'Tidore Kepulauan','Kota','Tidore Selatan'),
(6594,20,'Maluku Utara',478,'Tidore Kepulauan','Kota','Tidore Timur (Pulau Tidore)'),
(6595,20,'Maluku Utara',478,'Tidore Kepulauan','Kota','Tidore Utara'),
(6596,23,'Nusa Tenggara Timur (NTT)',479,'Timor Tengah Selatan','Kabupaten','Amanatun Selatan'),
(6597,23,'Nusa Tenggara Timur (NTT)',479,'Timor Tengah Selatan','Kabupaten','Amanatun Utara'),
(6598,23,'Nusa Tenggara Timur (NTT)',479,'Timor Tengah Selatan','Kabupaten','Amanuban Barat'),
(6599,23,'Nusa Tenggara Timur (NTT)',479,'Timor Tengah Selatan','Kabupaten','Amanuban Selatan'),
(6600,23,'Nusa Tenggara Timur (NTT)',479,'Timor Tengah Selatan','Kabupaten','Amanuban Tengah'),
(6601,23,'Nusa Tenggara Timur (NTT)',479,'Timor Tengah Selatan','Kabupaten','Amanuban Timur'),
(6602,23,'Nusa Tenggara Timur (NTT)',479,'Timor Tengah Selatan','Kabupaten','Batu Putih'),
(6603,23,'Nusa Tenggara Timur (NTT)',479,'Timor Tengah Selatan','Kabupaten','Boking'),
(6604,23,'Nusa Tenggara Timur (NTT)',479,'Timor Tengah Selatan','Kabupaten','Fatukopa'),
(6605,23,'Nusa Tenggara Timur (NTT)',479,'Timor Tengah Selatan','Kabupaten','Fatumnasi'),
(6606,23,'Nusa Tenggara Timur (NTT)',479,'Timor Tengah Selatan','Kabupaten','Fautmolo'),
(6607,23,'Nusa Tenggara Timur (NTT)',479,'Timor Tengah Selatan','Kabupaten','Kie (Ki\'e)'),
(6608,23,'Nusa Tenggara Timur (NTT)',479,'Timor Tengah Selatan','Kabupaten','Kok Baun'),
(6609,23,'Nusa Tenggara Timur (NTT)',479,'Timor Tengah Selatan','Kabupaten','Kolbano'),
(6610,23,'Nusa Tenggara Timur (NTT)',479,'Timor Tengah Selatan','Kabupaten','Kot Olin'),
(6611,23,'Nusa Tenggara Timur (NTT)',479,'Timor Tengah Selatan','Kabupaten','Kota Soe'),
(6612,23,'Nusa Tenggara Timur (NTT)',479,'Timor Tengah Selatan','Kabupaten','Kualin'),
(6613,23,'Nusa Tenggara Timur (NTT)',479,'Timor Tengah Selatan','Kabupaten','Kuanfatu'),
(6614,23,'Nusa Tenggara Timur (NTT)',479,'Timor Tengah Selatan','Kabupaten','Kuatnana'),
(6615,23,'Nusa Tenggara Timur (NTT)',479,'Timor Tengah Selatan','Kabupaten','Mollo Barat'),
(6616,23,'Nusa Tenggara Timur (NTT)',479,'Timor Tengah Selatan','Kabupaten','Mollo Selatan'),
(6617,23,'Nusa Tenggara Timur (NTT)',479,'Timor Tengah Selatan','Kabupaten','Mollo Tengah'),
(6618,23,'Nusa Tenggara Timur (NTT)',479,'Timor Tengah Selatan','Kabupaten','Mollo Utara'),
(6619,23,'Nusa Tenggara Timur (NTT)',479,'Timor Tengah Selatan','Kabupaten','Noebana'),
(6620,23,'Nusa Tenggara Timur (NTT)',479,'Timor Tengah Selatan','Kabupaten','Noebeba'),
(6621,23,'Nusa Tenggara Timur (NTT)',479,'Timor Tengah Selatan','Kabupaten','Nunbena'),
(6622,23,'Nusa Tenggara Timur (NTT)',479,'Timor Tengah Selatan','Kabupaten','Nunkolo'),
(6623,23,'Nusa Tenggara Timur (NTT)',479,'Timor Tengah Selatan','Kabupaten','Oenino'),
(6624,23,'Nusa Tenggara Timur (NTT)',479,'Timor Tengah Selatan','Kabupaten','Polen'),
(6625,23,'Nusa Tenggara Timur (NTT)',479,'Timor Tengah Selatan','Kabupaten','Santian'),
(6626,23,'Nusa Tenggara Timur (NTT)',479,'Timor Tengah Selatan','Kabupaten','Tobu'),
(6627,23,'Nusa Tenggara Timur (NTT)',479,'Timor Tengah Selatan','Kabupaten','Toianas'),
(6628,23,'Nusa Tenggara Timur (NTT)',480,'Timor Tengah Utara','Kabupaten','Biboki Anleu'),
(6629,23,'Nusa Tenggara Timur (NTT)',480,'Timor Tengah Utara','Kabupaten','Biboki Feotleu'),
(6630,23,'Nusa Tenggara Timur (NTT)',480,'Timor Tengah Utara','Kabupaten','Biboki Moenleu'),
(6631,23,'Nusa Tenggara Timur (NTT)',480,'Timor Tengah Utara','Kabupaten','Biboki Selatan'),
(6632,23,'Nusa Tenggara Timur (NTT)',480,'Timor Tengah Utara','Kabupaten','Biboki Tan Pah'),
(6633,23,'Nusa Tenggara Timur (NTT)',480,'Timor Tengah Utara','Kabupaten','Biboki Utara'),
(6634,23,'Nusa Tenggara Timur (NTT)',480,'Timor Tengah Utara','Kabupaten','Bikomi Nilulat'),
(6635,23,'Nusa Tenggara Timur (NTT)',480,'Timor Tengah Utara','Kabupaten','Bikomi Selatan'),
(6636,23,'Nusa Tenggara Timur (NTT)',480,'Timor Tengah Utara','Kabupaten','Bikomi Tengah'),
(6637,23,'Nusa Tenggara Timur (NTT)',480,'Timor Tengah Utara','Kabupaten','Bikomi Utara'),
(6638,23,'Nusa Tenggara Timur (NTT)',480,'Timor Tengah Utara','Kabupaten','Insana'),
(6639,23,'Nusa Tenggara Timur (NTT)',480,'Timor Tengah Utara','Kabupaten','Insana Barat'),
(6640,23,'Nusa Tenggara Timur (NTT)',480,'Timor Tengah Utara','Kabupaten','Insana Fafinesu'),
(6641,23,'Nusa Tenggara Timur (NTT)',480,'Timor Tengah Utara','Kabupaten','Insana Tengah'),
(6642,23,'Nusa Tenggara Timur (NTT)',480,'Timor Tengah Utara','Kabupaten','Insana Utara'),
(6643,23,'Nusa Tenggara Timur (NTT)',480,'Timor Tengah Utara','Kabupaten','Kota Kefamenanu'),
(6644,23,'Nusa Tenggara Timur (NTT)',480,'Timor Tengah Utara','Kabupaten','Miomaffo Barat'),
(6645,23,'Nusa Tenggara Timur (NTT)',480,'Timor Tengah Utara','Kabupaten','Miomaffo Tengah'),
(6646,23,'Nusa Tenggara Timur (NTT)',480,'Timor Tengah Utara','Kabupaten','Miomaffo Timur'),
(6647,23,'Nusa Tenggara Timur (NTT)',480,'Timor Tengah Utara','Kabupaten','Musi'),
(6648,23,'Nusa Tenggara Timur (NTT)',480,'Timor Tengah Utara','Kabupaten','Mutis'),
(6649,23,'Nusa Tenggara Timur (NTT)',480,'Timor Tengah Utara','Kabupaten','Naibenu'),
(6650,23,'Nusa Tenggara Timur (NTT)',480,'Timor Tengah Utara','Kabupaten','Noemuti'),
(6651,23,'Nusa Tenggara Timur (NTT)',480,'Timor Tengah Utara','Kabupaten','Noemuti Timur'),
(6652,34,'Sumatera Utara',481,'Toba Samosir','Kabupaten','Ajibata'),
(6653,34,'Sumatera Utara',481,'Toba Samosir','Kabupaten','Balige'),
(6654,34,'Sumatera Utara',481,'Toba Samosir','Kabupaten','Bonatua Lunasi'),
(6655,34,'Sumatera Utara',481,'Toba Samosir','Kabupaten','Bor-Bor'),
(6656,34,'Sumatera Utara',481,'Toba Samosir','Kabupaten','Habinsaran'),
(6657,34,'Sumatera Utara',481,'Toba Samosir','Kabupaten','Laguboti'),
(6658,34,'Sumatera Utara',481,'Toba Samosir','Kabupaten','Lumban Julu'),
(6659,34,'Sumatera Utara',481,'Toba Samosir','Kabupaten','Nassau'),
(6660,34,'Sumatera Utara',481,'Toba Samosir','Kabupaten','Parmaksian'),
(6661,34,'Sumatera Utara',481,'Toba Samosir','Kabupaten','Pintu Pohan Meranti'),
(6662,34,'Sumatera Utara',481,'Toba Samosir','Kabupaten','Porsea'),
(6663,34,'Sumatera Utara',481,'Toba Samosir','Kabupaten','Siantar Narumonda'),
(6664,34,'Sumatera Utara',481,'Toba Samosir','Kabupaten','Sigumpar'),
(6665,34,'Sumatera Utara',481,'Toba Samosir','Kabupaten','Silaen'),
(6666,34,'Sumatera Utara',481,'Toba Samosir','Kabupaten','Tampahan'),
(6667,34,'Sumatera Utara',481,'Toba Samosir','Kabupaten','Uluan'),
(6668,29,'Sulawesi Tengah',482,'Tojo Una-Una','Kabupaten','Ampana Kota'),
(6669,29,'Sulawesi Tengah',482,'Tojo Una-Una','Kabupaten','Ampana Tete'),
(6670,29,'Sulawesi Tengah',482,'Tojo Una-Una','Kabupaten','Togean'),
(6671,29,'Sulawesi Tengah',482,'Tojo Una-Una','Kabupaten','Tojo'),
(6672,29,'Sulawesi Tengah',482,'Tojo Una-Una','Kabupaten','Tojo Barat'),
(6673,29,'Sulawesi Tengah',482,'Tojo Una-Una','Kabupaten','Ulu Bongka'),
(6674,29,'Sulawesi Tengah',482,'Tojo Una-Una','Kabupaten','Una - Una'),
(6675,29,'Sulawesi Tengah',482,'Tojo Una-Una','Kabupaten','Walea Besar'),
(6676,29,'Sulawesi Tengah',482,'Tojo Una-Una','Kabupaten','Walea Kepulauan'),
(6677,29,'Sulawesi Tengah',483,'Toli-Toli','Kabupaten','Baolan'),
(6678,29,'Sulawesi Tengah',483,'Toli-Toli','Kabupaten','Basidondo'),
(6679,29,'Sulawesi Tengah',483,'Toli-Toli','Kabupaten','Dako Pamean'),
(6680,29,'Sulawesi Tengah',483,'Toli-Toli','Kabupaten','Dampal Selatan'),
(6681,29,'Sulawesi Tengah',483,'Toli-Toli','Kabupaten','Dampal Utara'),
(6682,29,'Sulawesi Tengah',483,'Toli-Toli','Kabupaten','Dondo'),
(6683,29,'Sulawesi Tengah',483,'Toli-Toli','Kabupaten','Galang'),
(6684,29,'Sulawesi Tengah',483,'Toli-Toli','Kabupaten','Lampasio'),
(6685,29,'Sulawesi Tengah',483,'Toli-Toli','Kabupaten','Ogo Deide'),
(6686,29,'Sulawesi Tengah',483,'Toli-Toli','Kabupaten','Tolitoli Utara'),
(6687,24,'Papua',484,'Tolikara','Kabupaten','Airgaram'),
(6688,24,'Papua',484,'Tolikara','Kabupaten','Anawi'),
(6689,24,'Papua',484,'Tolikara','Kabupaten','Aweku'),
(6690,24,'Papua',484,'Tolikara','Kabupaten','Bewani'),
(6691,24,'Papua',484,'Tolikara','Kabupaten','Biuk'),
(6692,24,'Papua',484,'Tolikara','Kabupaten','Bogonuk'),
(6693,24,'Papua',484,'Tolikara','Kabupaten','Bokondini'),
(6694,24,'Papua',484,'Tolikara','Kabupaten','Bokoneri'),
(6695,24,'Papua',484,'Tolikara','Kabupaten','Danime'),
(6696,24,'Papua',484,'Tolikara','Kabupaten','Dow'),
(6697,24,'Papua',484,'Tolikara','Kabupaten','Dundu (Ndundu)'),
(6698,24,'Papua',484,'Tolikara','Kabupaten','Egiam'),
(6699,24,'Papua',484,'Tolikara','Kabupaten','Geya'),
(6700,24,'Papua',484,'Tolikara','Kabupaten','Gika'),
(6701,24,'Papua',484,'Tolikara','Kabupaten','Gilubandu (Gilumbandu/Gilimbandu)'),
(6702,24,'Papua',484,'Tolikara','Kabupaten','Goyage'),
(6703,24,'Papua',484,'Tolikara','Kabupaten','Gundagi (Gudage)'),
(6704,24,'Papua',484,'Tolikara','Kabupaten','Kai'),
(6705,24,'Papua',484,'Tolikara','Kabupaten','Kamboneri'),
(6706,24,'Papua',484,'Tolikara','Kabupaten','Kanggime (Kanggima )'),
(6707,24,'Papua',484,'Tolikara','Kabupaten','Karubaga'),
(6708,24,'Papua',484,'Tolikara','Kabupaten','Kembu'),
(6709,24,'Papua',484,'Tolikara','Kabupaten','Kondaga (Konda)'),
(6710,24,'Papua',484,'Tolikara','Kabupaten','Kuari'),
(6711,24,'Papua',484,'Tolikara','Kabupaten','Kubu'),
(6712,24,'Papua',484,'Tolikara','Kabupaten','Li Anogomma'),
(6713,24,'Papua',484,'Tolikara','Kabupaten','Nabunage'),
(6714,24,'Papua',484,'Tolikara','Kabupaten','Nelawi'),
(6715,24,'Papua',484,'Tolikara','Kabupaten','Numba'),
(6716,24,'Papua',484,'Tolikara','Kabupaten','Nunggawi (Munggawi)'),
(6717,24,'Papua',484,'Tolikara','Kabupaten','Panaga'),
(6718,24,'Papua',484,'Tolikara','Kabupaten','Poganeri'),
(6719,24,'Papua',484,'Tolikara','Kabupaten','Tagime'),
(6720,24,'Papua',484,'Tolikara','Kabupaten','Tagineri'),
(6721,24,'Papua',484,'Tolikara','Kabupaten','Telenggeme'),
(6722,24,'Papua',484,'Tolikara','Kabupaten','Timori'),
(6723,24,'Papua',484,'Tolikara','Kabupaten','Umagi'),
(6724,24,'Papua',484,'Tolikara','Kabupaten','Wakuwo'),
(6725,24,'Papua',484,'Tolikara','Kabupaten','Wari (Taiyeve)'),
(6726,24,'Papua',484,'Tolikara','Kabupaten','Wenam'),
(6727,24,'Papua',484,'Tolikara','Kabupaten','Wina'),
(6728,24,'Papua',484,'Tolikara','Kabupaten','Wonoki (Woniki)'),
(6729,24,'Papua',484,'Tolikara','Kabupaten','Wugi'),
(6730,24,'Papua',484,'Tolikara','Kabupaten','Wunin (Wumin)'),
(6731,24,'Papua',484,'Tolikara','Kabupaten','Yuko'),
(6732,24,'Papua',484,'Tolikara','Kabupaten','Yuneri'),
(6733,31,'Sulawesi Utara',485,'Tomohon','Kota','Tomohon Barat'),
(6734,31,'Sulawesi Utara',485,'Tomohon','Kota','Tomohon Selatan'),
(6735,31,'Sulawesi Utara',485,'Tomohon','Kota','Tomohon Tengah'),
(6736,31,'Sulawesi Utara',485,'Tomohon','Kota','Tomohon Timur'),
(6737,31,'Sulawesi Utara',485,'Tomohon','Kota','Tomohon Utara'),
(6738,28,'Sulawesi Selatan',486,'Toraja Utara','Kabupaten','Awan Rante Karua'),
(6739,28,'Sulawesi Selatan',486,'Toraja Utara','Kabupaten','Balusu'),
(6740,28,'Sulawesi Selatan',486,'Toraja Utara','Kabupaten','Bangkelekila'),
(6741,28,'Sulawesi Selatan',486,'Toraja Utara','Kabupaten','Baruppu'),
(6742,28,'Sulawesi Selatan',486,'Toraja Utara','Kabupaten','Buntao'),
(6743,28,'Sulawesi Selatan',486,'Toraja Utara','Kabupaten','Buntu Pepasan'),
(6744,28,'Sulawesi Selatan',486,'Toraja Utara','Kabupaten','Dende\' Piongan Napo'),
(6745,28,'Sulawesi Selatan',486,'Toraja Utara','Kabupaten','Kapalla Pitu (Kapala Pitu)'),
(6746,28,'Sulawesi Selatan',486,'Toraja Utara','Kabupaten','Kesu'),
(6747,28,'Sulawesi Selatan',486,'Toraja Utara','Kabupaten','Nanggala'),
(6748,28,'Sulawesi Selatan',486,'Toraja Utara','Kabupaten','Rantebua'),
(6749,28,'Sulawesi Selatan',486,'Toraja Utara','Kabupaten','Rantepao'),
(6750,28,'Sulawesi Selatan',486,'Toraja Utara','Kabupaten','Rindingallo'),
(6751,28,'Sulawesi Selatan',486,'Toraja Utara','Kabupaten','Sa\'dan'),
(6752,28,'Sulawesi Selatan',486,'Toraja Utara','Kabupaten','Sanggalangi'),
(6753,28,'Sulawesi Selatan',486,'Toraja Utara','Kabupaten','Sesean'),
(6754,28,'Sulawesi Selatan',486,'Toraja Utara','Kabupaten','Sesean Suloara'),
(6755,28,'Sulawesi Selatan',486,'Toraja Utara','Kabupaten','Sopai'),
(6756,28,'Sulawesi Selatan',486,'Toraja Utara','Kabupaten','Tallunglipu'),
(6757,28,'Sulawesi Selatan',486,'Toraja Utara','Kabupaten','Tikala'),
(6758,28,'Sulawesi Selatan',486,'Toraja Utara','Kabupaten','Tondon'),
(6759,11,'Jawa Timur',487,'Trenggalek','Kabupaten','Bendungan'),
(6760,11,'Jawa Timur',487,'Trenggalek','Kabupaten','Dongko'),
(6761,11,'Jawa Timur',487,'Trenggalek','Kabupaten','Durenan'),
(6762,11,'Jawa Timur',487,'Trenggalek','Kabupaten','Gandusari'),
(6763,11,'Jawa Timur',487,'Trenggalek','Kabupaten','Kampak'),
(6764,11,'Jawa Timur',487,'Trenggalek','Kabupaten','Karangan'),
(6765,11,'Jawa Timur',487,'Trenggalek','Kabupaten','Munjungan'),
(6766,11,'Jawa Timur',487,'Trenggalek','Kabupaten','Panggul'),
(6767,11,'Jawa Timur',487,'Trenggalek','Kabupaten','Pogalan'),
(6768,11,'Jawa Timur',487,'Trenggalek','Kabupaten','Pule'),
(6769,11,'Jawa Timur',487,'Trenggalek','Kabupaten','Suruh'),
(6770,11,'Jawa Timur',487,'Trenggalek','Kabupaten','Trenggalek'),
(6771,11,'Jawa Timur',487,'Trenggalek','Kabupaten','Tugu'),
(6772,11,'Jawa Timur',487,'Trenggalek','Kabupaten','Watulimo'),
(6773,19,'Maluku',488,'Tual','Kota','Kur Selatan'),
(6774,19,'Maluku',488,'Tual','Kota','Pulau Dullah Selatan'),
(6775,19,'Maluku',488,'Tual','Kota','Pulau Dullah Utara'),
(6776,19,'Maluku',488,'Tual','Kota','Pulau Tayando Tam'),
(6777,19,'Maluku',488,'Tual','Kota','Pulau-Pulau Kur'),
(6778,11,'Jawa Timur',489,'Tuban','Kabupaten','Bancar'),
(6779,11,'Jawa Timur',489,'Tuban','Kabupaten','Bangilan'),
(6780,11,'Jawa Timur',489,'Tuban','Kabupaten','Grabagan'),
(6781,11,'Jawa Timur',489,'Tuban','Kabupaten','Jatirogo'),
(6782,11,'Jawa Timur',489,'Tuban','Kabupaten','Jenu'),
(6783,11,'Jawa Timur',489,'Tuban','Kabupaten','Kenduruan'),
(6784,11,'Jawa Timur',489,'Tuban','Kabupaten','Kerek'),
(6785,11,'Jawa Timur',489,'Tuban','Kabupaten','Merakurak'),
(6786,11,'Jawa Timur',489,'Tuban','Kabupaten','Montong'),
(6787,11,'Jawa Timur',489,'Tuban','Kabupaten','Palang'),
(6788,11,'Jawa Timur',489,'Tuban','Kabupaten','Parengan'),
(6789,11,'Jawa Timur',489,'Tuban','Kabupaten','Plumpang'),
(6790,11,'Jawa Timur',489,'Tuban','Kabupaten','Rengel'),
(6791,11,'Jawa Timur',489,'Tuban','Kabupaten','Semanding'),
(6792,11,'Jawa Timur',489,'Tuban','Kabupaten','Senori'),
(6793,11,'Jawa Timur',489,'Tuban','Kabupaten','Singgahan'),
(6794,11,'Jawa Timur',489,'Tuban','Kabupaten','Soko'),
(6795,11,'Jawa Timur',489,'Tuban','Kabupaten','Tambakboyo'),
(6796,11,'Jawa Timur',489,'Tuban','Kabupaten','Tuban'),
(6797,11,'Jawa Timur',489,'Tuban','Kabupaten','Widang'),
(6798,18,'Lampung',490,'Tulang Bawang','Kabupaten','Banjar Agung'),
(6799,18,'Lampung',490,'Tulang Bawang','Kabupaten','Banjar Baru'),
(6800,18,'Lampung',490,'Tulang Bawang','Kabupaten','Banjar Margo'),
(6801,18,'Lampung',490,'Tulang Bawang','Kabupaten','Dente Teladas'),
(6802,18,'Lampung',490,'Tulang Bawang','Kabupaten','Gedung Aji'),
(6803,18,'Lampung',490,'Tulang Bawang','Kabupaten','Gedung Aji Baru'),
(6804,18,'Lampung',490,'Tulang Bawang','Kabupaten','Gedung Meneng'),
(6805,18,'Lampung',490,'Tulang Bawang','Kabupaten','Menggala'),
(6806,18,'Lampung',490,'Tulang Bawang','Kabupaten','Menggala Timur'),
(6807,18,'Lampung',490,'Tulang Bawang','Kabupaten','Meraksa Aji'),
(6808,18,'Lampung',490,'Tulang Bawang','Kabupaten','Penawar Aji'),
(6809,18,'Lampung',490,'Tulang Bawang','Kabupaten','Penawar Tama'),
(6810,18,'Lampung',490,'Tulang Bawang','Kabupaten','Rawa Pitu'),
(6811,18,'Lampung',490,'Tulang Bawang','Kabupaten','Rawajitu Selatan'),
(6812,18,'Lampung',490,'Tulang Bawang','Kabupaten','Rawajitu Timur'),
(6813,18,'Lampung',491,'Tulang Bawang Barat','Kabupaten','Gunung Agung'),
(6814,18,'Lampung',491,'Tulang Bawang Barat','Kabupaten','Gunung Terang'),
(6815,18,'Lampung',491,'Tulang Bawang Barat','Kabupaten','Lambu Kibang'),
(6816,18,'Lampung',491,'Tulang Bawang Barat','Kabupaten','Pagar Dewa'),
(6817,18,'Lampung',491,'Tulang Bawang Barat','Kabupaten','Tulang Bawang Tengah'),
(6818,18,'Lampung',491,'Tulang Bawang Barat','Kabupaten','Tulang Bawang Udik'),
(6819,18,'Lampung',491,'Tulang Bawang Barat','Kabupaten','Tumijajar'),
(6820,18,'Lampung',491,'Tulang Bawang Barat','Kabupaten','Way Kenanga'),
(6821,11,'Jawa Timur',492,'Tulungagung','Kabupaten','Bandung'),
(6822,11,'Jawa Timur',492,'Tulungagung','Kabupaten','Besuki'),
(6823,11,'Jawa Timur',492,'Tulungagung','Kabupaten','Boyolangu'),
(6824,11,'Jawa Timur',492,'Tulungagung','Kabupaten','Campur Darat'),
(6825,11,'Jawa Timur',492,'Tulungagung','Kabupaten','Gondang'),
(6826,11,'Jawa Timur',492,'Tulungagung','Kabupaten','Kalidawir'),
(6827,11,'Jawa Timur',492,'Tulungagung','Kabupaten','Karang Rejo'),
(6828,11,'Jawa Timur',492,'Tulungagung','Kabupaten','Kauman'),
(6829,11,'Jawa Timur',492,'Tulungagung','Kabupaten','Kedungwaru'),
(6830,11,'Jawa Timur',492,'Tulungagung','Kabupaten','Ngantru'),
(6831,11,'Jawa Timur',492,'Tulungagung','Kabupaten','Ngunut'),
(6832,11,'Jawa Timur',492,'Tulungagung','Kabupaten','Pagerwojo'),
(6833,11,'Jawa Timur',492,'Tulungagung','Kabupaten','Pakel'),
(6834,11,'Jawa Timur',492,'Tulungagung','Kabupaten','Pucanglaban'),
(6835,11,'Jawa Timur',492,'Tulungagung','Kabupaten','Rejotangan'),
(6836,11,'Jawa Timur',492,'Tulungagung','Kabupaten','Sendang'),
(6837,11,'Jawa Timur',492,'Tulungagung','Kabupaten','Sumbergempol'),
(6838,11,'Jawa Timur',492,'Tulungagung','Kabupaten','Tanggung Gunung'),
(6839,11,'Jawa Timur',492,'Tulungagung','Kabupaten','Tulungagung'),
(6840,28,'Sulawesi Selatan',493,'Wajo','Kabupaten','Belawa'),
(6841,28,'Sulawesi Selatan',493,'Wajo','Kabupaten','Bola'),
(6842,28,'Sulawesi Selatan',493,'Wajo','Kabupaten','Gilireng'),
(6843,28,'Sulawesi Selatan',493,'Wajo','Kabupaten','Keera'),
(6844,28,'Sulawesi Selatan',493,'Wajo','Kabupaten','Majauleng'),
(6845,28,'Sulawesi Selatan',493,'Wajo','Kabupaten','Maniang Pajo'),
(6846,28,'Sulawesi Selatan',493,'Wajo','Kabupaten','Pammana'),
(6847,28,'Sulawesi Selatan',493,'Wajo','Kabupaten','Penrang'),
(6848,28,'Sulawesi Selatan',493,'Wajo','Kabupaten','Pitumpanua'),
(6849,28,'Sulawesi Selatan',493,'Wajo','Kabupaten','Sabbang Paru'),
(6850,28,'Sulawesi Selatan',493,'Wajo','Kabupaten','Sajoanging'),
(6851,28,'Sulawesi Selatan',493,'Wajo','Kabupaten','Takkalalla'),
(6852,28,'Sulawesi Selatan',493,'Wajo','Kabupaten','Tana Sitolo'),
(6853,28,'Sulawesi Selatan',493,'Wajo','Kabupaten','Tempe'),
(6854,30,'Sulawesi Tenggara',494,'Wakatobi','Kabupaten','Binongko'),
(6855,30,'Sulawesi Tenggara',494,'Wakatobi','Kabupaten','Kaledupa'),
(6856,30,'Sulawesi Tenggara',494,'Wakatobi','Kabupaten','Kaledupa Selatan'),
(6857,30,'Sulawesi Tenggara',494,'Wakatobi','Kabupaten','Togo Binongko'),
(6858,30,'Sulawesi Tenggara',494,'Wakatobi','Kabupaten','Tomia'),
(6859,30,'Sulawesi Tenggara',494,'Wakatobi','Kabupaten','Tomia Timur'),
(6860,30,'Sulawesi Tenggara',494,'Wakatobi','Kabupaten','Wangi-Wangi'),
(6861,30,'Sulawesi Tenggara',494,'Wakatobi','Kabupaten','Wangi-Wangi Selatan'),
(6862,24,'Papua',495,'Waropen','Kabupaten','Demba Masirei'),
(6863,24,'Papua',495,'Waropen','Kabupaten','Inggerus'),
(6864,24,'Papua',495,'Waropen','Kabupaten','Kirihi'),
(6865,24,'Papua',495,'Waropen','Kabupaten','Masirei'),
(6866,24,'Papua',495,'Waropen','Kabupaten','Oudate Waropen'),
(6867,24,'Papua',495,'Waropen','Kabupaten','Risei Sayati'),
(6868,24,'Papua',495,'Waropen','Kabupaten','Ureifasei'),
(6869,24,'Papua',495,'Waropen','Kabupaten','Wapoga Inggerus'),
(6870,24,'Papua',495,'Waropen','Kabupaten','Waropen Bawah'),
(6871,18,'Lampung',496,'Way Kanan','Kabupaten','Bahuga'),
(6872,18,'Lampung',496,'Way Kanan','Kabupaten','Banjit'),
(6873,18,'Lampung',496,'Way Kanan','Kabupaten','Baradatu'),
(6874,18,'Lampung',496,'Way Kanan','Kabupaten','Blambangan Umpu'),
(6875,18,'Lampung',496,'Way Kanan','Kabupaten','Buay Bahuga'),
(6876,18,'Lampung',496,'Way Kanan','Kabupaten','Bumi Agung'),
(6877,18,'Lampung',496,'Way Kanan','Kabupaten','Gunung Labuhan'),
(6878,18,'Lampung',496,'Way Kanan','Kabupaten','Kasui'),
(6879,18,'Lampung',496,'Way Kanan','Kabupaten','Negara Batin'),
(6880,18,'Lampung',496,'Way Kanan','Kabupaten','Negeri Agung'),
(6881,18,'Lampung',496,'Way Kanan','Kabupaten','Negeri Besar'),
(6882,18,'Lampung',496,'Way Kanan','Kabupaten','Pakuan Ratu'),
(6883,18,'Lampung',496,'Way Kanan','Kabupaten','Rebang Tangkas'),
(6884,18,'Lampung',496,'Way Kanan','Kabupaten','Way Tuba'),
(6885,10,'Jawa Tengah',497,'Wonogiri','Kabupaten','Baturetno'),
(6886,10,'Jawa Tengah',497,'Wonogiri','Kabupaten','Batuwarno'),
(6887,10,'Jawa Tengah',497,'Wonogiri','Kabupaten','Bulukerto'),
(6888,10,'Jawa Tengah',497,'Wonogiri','Kabupaten','Eromoko'),
(6889,10,'Jawa Tengah',497,'Wonogiri','Kabupaten','Girimarto'),
(6890,10,'Jawa Tengah',497,'Wonogiri','Kabupaten','Giritontro'),
(6891,10,'Jawa Tengah',497,'Wonogiri','Kabupaten','Giriwoyo'),
(6892,10,'Jawa Tengah',497,'Wonogiri','Kabupaten','Jatipurno'),
(6893,10,'Jawa Tengah',497,'Wonogiri','Kabupaten','Jatiroto'),
(6894,10,'Jawa Tengah',497,'Wonogiri','Kabupaten','Jatisrono'),
(6895,10,'Jawa Tengah',497,'Wonogiri','Kabupaten','Karangtengah'),
(6896,10,'Jawa Tengah',497,'Wonogiri','Kabupaten','Kismantoro'),
(6897,10,'Jawa Tengah',497,'Wonogiri','Kabupaten','Manyaran'),
(6898,10,'Jawa Tengah',497,'Wonogiri','Kabupaten','Ngadirojo'),
(6899,10,'Jawa Tengah',497,'Wonogiri','Kabupaten','Nguntoronadi'),
(6900,10,'Jawa Tengah',497,'Wonogiri','Kabupaten','Paranggupito'),
(6901,10,'Jawa Tengah',497,'Wonogiri','Kabupaten','Pracimantoro'),
(6902,10,'Jawa Tengah',497,'Wonogiri','Kabupaten','Puhpelem'),
(6903,10,'Jawa Tengah',497,'Wonogiri','Kabupaten','Purwantoro'),
(6904,10,'Jawa Tengah',497,'Wonogiri','Kabupaten','Selogiri'),
(6905,10,'Jawa Tengah',497,'Wonogiri','Kabupaten','Sidoharjo'),
(6906,10,'Jawa Tengah',497,'Wonogiri','Kabupaten','Slogohimo'),
(6907,10,'Jawa Tengah',497,'Wonogiri','Kabupaten','Tirtomoyo'),
(6908,10,'Jawa Tengah',497,'Wonogiri','Kabupaten','Wonogiri'),
(6909,10,'Jawa Tengah',497,'Wonogiri','Kabupaten','Wuryantoro'),
(6910,10,'Jawa Tengah',498,'Wonosobo','Kabupaten','Garung'),
(6911,10,'Jawa Tengah',498,'Wonosobo','Kabupaten','Kalibawang'),
(6912,10,'Jawa Tengah',498,'Wonosobo','Kabupaten','Kalikajar'),
(6913,10,'Jawa Tengah',498,'Wonosobo','Kabupaten','Kaliwiro'),
(6914,10,'Jawa Tengah',498,'Wonosobo','Kabupaten','Kejajar'),
(6915,10,'Jawa Tengah',498,'Wonosobo','Kabupaten','Kepil'),
(6916,10,'Jawa Tengah',498,'Wonosobo','Kabupaten','Kertek'),
(6917,10,'Jawa Tengah',498,'Wonosobo','Kabupaten','Leksono'),
(6918,10,'Jawa Tengah',498,'Wonosobo','Kabupaten','Mojotengah'),
(6919,10,'Jawa Tengah',498,'Wonosobo','Kabupaten','Sapuran'),
(6920,10,'Jawa Tengah',498,'Wonosobo','Kabupaten','Selomerto'),
(6921,10,'Jawa Tengah',498,'Wonosobo','Kabupaten','Sukoharjo'),
(6922,10,'Jawa Tengah',498,'Wonosobo','Kabupaten','Wadaslintang'),
(6923,10,'Jawa Tengah',498,'Wonosobo','Kabupaten','Watumalang'),
(6924,10,'Jawa Tengah',498,'Wonosobo','Kabupaten','Wonosobo'),
(6925,24,'Papua',499,'Yahukimo','Kabupaten','Amuma'),
(6926,24,'Papua',499,'Yahukimo','Kabupaten','Anggruk'),
(6927,24,'Papua',499,'Yahukimo','Kabupaten','Bomela'),
(6928,24,'Papua',499,'Yahukimo','Kabupaten','Dekai'),
(6929,24,'Papua',499,'Yahukimo','Kabupaten','Dirwemna (Diruwena)'),
(6930,24,'Papua',499,'Yahukimo','Kabupaten','Duram'),
(6931,24,'Papua',499,'Yahukimo','Kabupaten','Endomen'),
(6932,24,'Papua',499,'Yahukimo','Kabupaten','Hereapini (Hereanini)'),
(6933,24,'Papua',499,'Yahukimo','Kabupaten','Hilipuk'),
(6934,24,'Papua',499,'Yahukimo','Kabupaten','Hogio (Hugio)'),
(6935,24,'Papua',499,'Yahukimo','Kabupaten','Holuon'),
(6936,24,'Papua',499,'Yahukimo','Kabupaten','Kabianggama (Kabianggema)'),
(6937,24,'Papua',499,'Yahukimo','Kabupaten','Kayo'),
(6938,24,'Papua',499,'Yahukimo','Kabupaten','Kona'),
(6939,24,'Papua',499,'Yahukimo','Kabupaten','Koropun (Korupun)'),
(6940,24,'Papua',499,'Yahukimo','Kabupaten','Kosarek'),
(6941,24,'Papua',499,'Yahukimo','Kabupaten','Kurima'),
(6942,24,'Papua',499,'Yahukimo','Kabupaten','Kwelemdua (Kwelamdua)'),
(6943,24,'Papua',499,'Yahukimo','Kabupaten','Kwikma'),
(6944,24,'Papua',499,'Yahukimo','Kabupaten','Langda'),
(6945,24,'Papua',499,'Yahukimo','Kabupaten','Lolat'),
(6946,24,'Papua',499,'Yahukimo','Kabupaten','Mugi'),
(6947,24,'Papua',499,'Yahukimo','Kabupaten','Musaik'),
(6948,24,'Papua',499,'Yahukimo','Kabupaten','Nalca'),
(6949,24,'Papua',499,'Yahukimo','Kabupaten','Ninia'),
(6950,24,'Papua',499,'Yahukimo','Kabupaten','Nipsan'),
(6951,24,'Papua',499,'Yahukimo','Kabupaten','Obio'),
(6952,24,'Papua',499,'Yahukimo','Kabupaten','Panggema'),
(6953,24,'Papua',499,'Yahukimo','Kabupaten','Pasema'),
(6954,24,'Papua',499,'Yahukimo','Kabupaten','Pronggoli (Proggoli)'),
(6955,24,'Papua',499,'Yahukimo','Kabupaten','Puldama'),
(6956,24,'Papua',499,'Yahukimo','Kabupaten','Samenage'),
(6957,24,'Papua',499,'Yahukimo','Kabupaten','Sela'),
(6958,24,'Papua',499,'Yahukimo','Kabupaten','Seredela (Seredala)'),
(6959,24,'Papua',499,'Yahukimo','Kabupaten','Silimo'),
(6960,24,'Papua',499,'Yahukimo','Kabupaten','Soba'),
(6961,24,'Papua',499,'Yahukimo','Kabupaten','Sobaham'),
(6962,24,'Papua',499,'Yahukimo','Kabupaten','Soloikma'),
(6963,24,'Papua',499,'Yahukimo','Kabupaten','Sumo'),
(6964,24,'Papua',499,'Yahukimo','Kabupaten','Suntamon'),
(6965,24,'Papua',499,'Yahukimo','Kabupaten','Suru Suru'),
(6966,24,'Papua',499,'Yahukimo','Kabupaten','Talambo'),
(6967,24,'Papua',499,'Yahukimo','Kabupaten','Tangma'),
(6968,24,'Papua',499,'Yahukimo','Kabupaten','Ubahak'),
(6969,24,'Papua',499,'Yahukimo','Kabupaten','Ubalihi'),
(6970,24,'Papua',499,'Yahukimo','Kabupaten','Ukha'),
(6971,24,'Papua',499,'Yahukimo','Kabupaten','Walma'),
(6972,24,'Papua',499,'Yahukimo','Kabupaten','Werima'),
(6973,24,'Papua',499,'Yahukimo','Kabupaten','Wusuma'),
(6974,24,'Papua',499,'Yahukimo','Kabupaten','Yahuliambut'),
(6975,24,'Papua',499,'Yahukimo','Kabupaten','Yogosem'),
(6976,24,'Papua',500,'Yalimo','Kabupaten','Abenaho'),
(6977,24,'Papua',500,'Yalimo','Kabupaten','Apalapsili'),
(6978,24,'Papua',500,'Yalimo','Kabupaten','Benawa'),
(6979,24,'Papua',500,'Yalimo','Kabupaten','Elelim'),
(6980,24,'Papua',500,'Yalimo','Kabupaten','Welarek'),
(6981,5,'DI Yogyakarta',501,'Yogyakarta','Kota','Danurejan'),
(6982,5,'DI Yogyakarta',501,'Yogyakarta','Kota','Gedong Tengen'),
(6983,5,'DI Yogyakarta',501,'Yogyakarta','Kota','Gondokusuman'),
(6984,5,'DI Yogyakarta',501,'Yogyakarta','Kota','Gondomanan'),
(6985,5,'DI Yogyakarta',501,'Yogyakarta','Kota','Jetis'),
(6986,5,'DI Yogyakarta',501,'Yogyakarta','Kota','Kotagede'),
(6987,5,'DI Yogyakarta',501,'Yogyakarta','Kota','Kraton'),
(6988,5,'DI Yogyakarta',501,'Yogyakarta','Kota','Mantrijeron'),
(6989,5,'DI Yogyakarta',501,'Yogyakarta','Kota','Mergangsan'),
(6990,5,'DI Yogyakarta',501,'Yogyakarta','Kota','Ngampilan'),
(6991,5,'DI Yogyakarta',501,'Yogyakarta','Kota','Pakualaman'),
(6992,5,'DI Yogyakarta',501,'Yogyakarta','Kota','Tegalrejo'),
(6993,5,'DI Yogyakarta',501,'Yogyakarta','Kota','Umbulharjo'),
(6994,5,'DI Yogyakarta',501,'Yogyakarta','Kota','Wirobrajan');

/*Table structure for table `menu` */

DROP TABLE IF EXISTS `menu`;

CREATE TABLE `menu` (
  `id` varchar(25) NOT NULL,
  `parent` varchar(25) DEFAULT '0',
  `ordering` int(11) NOT NULL DEFAULT '0',
  `status` tinyint(1) NOT NULL DEFAULT '0',
  `status_mode` enum('post','product','tags','other') NOT NULL,
  `status_single` tinyint(1) NOT NULL DEFAULT '0',
  `is_featured` int(1) DEFAULT '0',
  `filter_author` tinyint(1) DEFAULT '0',
  `filter_ordering` tinyint(1) NOT NULL DEFAULT '1',
  `filter_parent` tinyint(1) NOT NULL DEFAULT '1',
  `filter_title_sub` tinyint(1) DEFAULT '0',
  `filter_shortdesc` tinyint(1) NOT NULL DEFAULT '1',
  `filter_note` tinyint(1) DEFAULT '0',
  `filter_description` tinyint(1) NOT NULL DEFAULT '1',
  `filter_dashboard` int(11) NOT NULL DEFAULT '0',
  `filter_image` tinyint(1) NOT NULL DEFAULT '1',
  `filter_tags` tinyint(1) NOT NULL DEFAULT '1',
  `filter_featured` tinyint(1) DEFAULT '0',
  `filter_promo` tinyint(1) DEFAULT '0',
  `filter_icon` tinyint(1) DEFAULT '0',
  `filter_event_start` tinyint(1) DEFAULT '0',
  `filter_event_end` tinyint(1) DEFAULT '0',
  `filter_product_tags` tinyint(1) DEFAULT '0',
  `required_title` tinyint(1) DEFAULT '1',
  `required_title_sub` tinyint(1) DEFAULT '0',
  `required_shortdesc` tinyint(1) DEFAULT '0',
  `required_description` tinyint(1) DEFAULT '0',
  `required_note` tinyint(1) DEFAULT '0',
  `filter_brand` tinyint(1) DEFAULT '0',
  `recomended_image_size` varchar(50) DEFAULT NULL,
  `menu_cms_link` varchar(255) DEFAULT NULL,
  `menu_site_link` varchar(255) DEFAULT NULL,
  `published` datetime DEFAULT NULL,
  `text_product_tags` varchar(50) DEFAULT 'Product Tags',
  `text_brand` varchar(50) DEFAULT 'Brand',
  `text_ordering` varchar(50) DEFAULT 'Ordering',
  `text_parent` varchar(50) DEFAULT 'Parent',
  `text_title` varchar(50) DEFAULT 'Title',
  `text_title_sub` varchar(50) DEFAULT 'Subtitle',
  `text_shortdesc` varchar(50) DEFAULT 'Short Description',
  `text_note` varchar(50) DEFAULT 'Note',
  `text_description` varchar(50) DEFAULT 'Description',
  `text_image` varchar(50) DEFAULT 'Image',
  `text_promo` varchar(50) DEFAULT 'Promotion',
  `text_tags` varchar(50) DEFAULT 'Tags',
  `text_featured` varchar(50) DEFAULT 'Featured',
  `text_icon` varchar(50) DEFAULT 'Icon',
  `text_event_start` varchar(50) DEFAULT 'Event Start',
  `text_author` varchar(50) DEFAULT 'Author',
  `text_event_end` varchar(50) DEFAULT 'Event End',
  `disable_add` tinyint(1) DEFAULT '0',
  `disable_delete` tinyint(1) DEFAULT '0',
  `disable_status` tinyint(1) DEFAULT '0',
  `disabled_gallery` tinyint(1) DEFAULT '1',
  `mode_title_sub` enum('text','textarea limit','editor') DEFAULT 'text',
  `mode_shortdesc` enum('text','textarea limit','editor') DEFAULT 'textarea limit',
  `mode_description` enum('text','textarea limit','editor') DEFAULT 'editor',
  `mode_note` enum('text','textarea limit','editor') DEFAULT 'text',
  `mode_tags` enum('single','multiple') DEFAULT NULL,
  `mode_image` enum('single','multiple') DEFAULT 'single',
  `image_qty` int(11) DEFAULT '1',
  `tags_kt_id` varchar(25) DEFAULT NULL,
  `tags_brand_id` varchar(25) DEFAULT NULL,
  `tags_product_id` varchar(25) DEFAULT NULL,
  `link` varchar(50) DEFAULT NULL,
  `hit` int(11) NOT NULL DEFAULT '0',
  `icon` varchar(25) DEFAULT NULL,
  `ctd` datetime NOT NULL,
  `ctb` int(11) NOT NULL,
  `mdd` datetime NOT NULL,
  `mdb` int(11) NOT NULL,
  PRIMARY KEY (`id`)
) ENGINE=InnoDB DEFAULT CHARSET=latin1;

/*Data for the table `menu` */

insert  into `menu`(`id`,`parent`,`ordering`,`status`,`status_mode`,`status_single`,`is_featured`,`filter_author`,`filter_ordering`,`filter_parent`,`filter_title_sub`,`filter_shortdesc`,`filter_note`,`filter_description`,`filter_dashboard`,`filter_image`,`filter_tags`,`filter_featured`,`filter_promo`,`filter_icon`,`filter_event_start`,`filter_event_end`,`filter_product_tags`,`required_title`,`required_title_sub`,`required_shortdesc`,`required_description`,`required_note`,`filter_brand`,`recomended_image_size`,`menu_cms_link`,`menu_site_link`,`published`,`text_product_tags`,`text_brand`,`text_ordering`,`text_parent`,`text_title`,`text_title_sub`,`text_shortdesc`,`text_note`,`text_description`,`text_image`,`text_promo`,`text_tags`,`text_featured`,`text_icon`,`text_event_start`,`text_author`,`text_event_end`,`disable_add`,`disable_delete`,`disable_status`,`disabled_gallery`,`mode_title_sub`,`mode_shortdesc`,`mode_description`,`mode_note`,`mode_tags`,`mode_image`,`image_qty`,`tags_kt_id`,`tags_brand_id`,`tags_product_id`,`link`,`hit`,`icon`,`ctd`,`ctb`,`mdd`,`mdb`) values 
('1912185DF98252958B0','0',1,1,'post',0,1,0,1,1,0,1,0,1,0,1,1,0,0,0,0,0,0,1,0,0,0,0,0,'','','','2019-12-18 00:00:00','Product Tags','Brand','Ordering','Parent','Title','Subtitle','Short Description','Note','Description','Image','Promotion','Tags',NULL,'Icon','Event Start','Author','Event End',0,0,0,1,'text','textarea limit','editor','text','single','single',1,NULL,NULL,NULL,NULL,0,NULL,'2019-12-18 08:35:14',6,'2019-12-18 08:39:05',6),
('1912185DF98256171B4','0',2,1,'post',0,1,0,1,1,0,1,0,1,0,1,1,0,0,0,0,0,0,1,0,0,0,0,0,'','','','2019-12-18 00:00:00','Product Tags','Brand','Ordering','Parent','Title','Subtitle','Short Description','Note','Description','Image','Promotion','Tags',NULL,'Icon','Event Start','Author','Event End',0,0,0,1,'text','textarea limit','editor','text','single','single',1,NULL,NULL,NULL,NULL,0,NULL,'2019-12-18 08:35:18',6,'2019-12-18 08:49:10',6),
('1912185DF98259D1A67','0',3,1,'post',0,1,0,1,1,0,1,0,1,0,1,1,0,0,0,0,0,0,1,0,0,0,0,0,'','','','2019-12-18 00:00:00','Product Tags','Brand','Ordering','Parent','Title','Subtitle','Short Description','Note','Description','Image','Promotion','Tags',NULL,'Icon','Event Start','Author','Event End',0,0,0,1,'text','textarea limit','editor','text','single','single',1,NULL,NULL,NULL,NULL,0,NULL,'2019-12-18 08:35:21',6,'2019-12-18 08:36:40',6),
('1912185DF982AF5AE59','2001025E0D71F255709',4,1,'product',0,1,0,0,0,0,1,1,1,0,1,1,1,0,0,0,0,1,1,0,0,0,0,1,'540 x 555 pixel','mod_posted/index/product','','2020-02-10 00:00:00','Product Tags','Product Category','Ordering','Parent','Product Name','Subtitle','Description','Delivery','Formula','Image','Promotion','Category Menu','Recommended','Icon','Event Start','Author','Event End',0,0,0,1,'text','editor','editor','editor','single','multiple',12,'2002055E3A773F285AF','2002055E3A775E6CE5F','2002055E3A776DF1733',NULL,0,NULL,'2019-12-18 08:36:47',6,'2020-02-10 13:33:19',6),
('1912185DF982BF2E2B8','2002055E3A726DC02DC',5,1,'post',0,1,0,1,1,0,1,0,1,0,1,1,0,0,0,0,0,0,1,0,0,0,0,0,'','','','2020-02-05 00:00:00','Product Tags','Brand','Ordering','Parent','Title','Subtitle','Short Description','Note','Description','Image','Promotion','Tags','Featured','Icon','Event Start','Author','Event End',0,0,0,1,'text','textarea limit','editor','text','single','single',1,'All','All','All',NULL,0,NULL,'2019-12-18 08:37:03',6,'2020-02-05 14:44:57',6),
('1912185DF982C950CA0','2002055E3A726DC02DC',113,1,'post',0,1,0,1,1,0,1,0,1,0,1,1,0,0,0,0,0,0,1,0,0,0,0,0,'','','','2020-02-05 00:00:00','Product Tags','Brand','Ordering','Parent','Title','Subtitle','Short Description','Note','Description','Image','Promotion','Tags','Featured','Icon','Event Start','Author','Event End',0,0,0,1,'text','textarea limit','editor','text','single','single',1,'All','All','All',NULL,0,NULL,'2019-12-18 08:37:13',6,'2020-02-05 14:53:16',6),
('1912185DF982D2ECBD6','0',7,1,'post',0,1,0,1,1,0,1,0,1,0,1,1,0,0,0,0,0,0,1,0,0,0,0,0,'','','','2019-12-18 00:00:00','Product Tags','Brand','Ordering','Parent','Title','Subtitle','Short Description','Note','Description','Image','Promotion','Tags',NULL,'Icon','Event Start','Author','Event End',0,0,0,1,'text','textarea limit','editor','text','single','single',1,NULL,NULL,NULL,NULL,0,NULL,'2019-12-18 08:37:22',6,'2019-12-18 08:37:22',6),
('1912185DF982DE2D5F3','2002055E3A709CCB117',99,1,'post',0,1,0,1,1,0,1,0,1,0,1,1,0,0,0,0,0,0,1,0,0,0,0,0,'','mod_acs_config','','2020-02-05 00:00:00','Product Tags','Brand','Ordering','Parent','Title','Subtitle','Short Description','Note','Description','Image','Promotion','Tags','Featured','Icon','Event Start','Author','Event End',0,0,0,1,'text','textarea limit','editor','text','single','single',1,'All','All','All',NULL,0,NULL,'2019-12-18 08:37:34',6,'2020-02-05 14:42:14',6),
('1912185DF982E6C0E2C','0',9,1,'post',0,1,0,1,1,0,1,0,1,0,1,1,0,0,0,0,0,0,1,0,0,0,0,0,'','','','2019-12-18 00:00:00','Product Tags','Brand','Ordering','Parent','Title','Subtitle','Short Description','Note','Description','Image','Promotion','Tags',NULL,'Icon','Event Start','Author','Event End',0,0,0,1,'text','textarea limit','editor','text','single','single',1,NULL,NULL,NULL,NULL,0,NULL,'2019-12-18 08:37:42',6,'2019-12-18 08:37:42',6),
('1912185DF9832DD1E4F','1912185DF98252958B0',11,1,'other',0,1,0,1,1,0,1,0,1,0,1,1,0,0,0,0,0,0,1,0,0,0,0,0,'','mod_contact','contact-us','2020-02-05 00:00:00','Product Tags','Brand','Ordering','Parent','Title','Subtitle','Short Description','Note','Description','Image','Promotion','Tags','Featured','Icon','Event Start','Author','Event End',0,0,0,1,'text','textarea limit','editor','text','single','single',1,'All','All','All',NULL,0,NULL,'2019-12-18 08:38:53',6,'2020-02-05 11:16:13',6),
('1912185DF98347DBA6D','1912185DF98256171B4',12,1,'other',0,1,0,1,1,0,1,0,1,0,1,1,0,0,0,0,0,0,1,0,0,0,0,0,'','mod_acs_members','','2020-01-21 00:00:00','Product Tags','Brand','Ordering','Parent','Title','Subtitle','Short Description','Note','Description','Image','Promotion','Tags','Featured','Icon','Event Start','Author','Event End',0,0,0,1,'text','textarea limit','editor','text','single','single',1,'All','All','All',NULL,0,NULL,'2019-12-18 08:39:19',6,'2020-01-21 09:36:43',6),
('1912185DF9835B603E4','1912185DF98256171B4',13,1,'post',0,1,0,1,1,0,1,0,1,0,1,1,0,0,0,0,0,0,1,0,0,0,0,0,'','mod_acs_address','','2020-01-21 00:00:00','Product Tags','Brand','Ordering','Parent','Title','Subtitle','Short Description','Note','Description','Image','Promotion','Tags','Featured','Icon','Event Start','Author','Event End',0,0,0,1,'text','textarea limit','editor','text','single','single',1,'All','All','All',NULL,0,NULL,'2019-12-18 08:39:39',6,'2020-01-21 10:14:59',6),
('1912185DF9838C62DC5','1912185DF98259D1A67',15,1,'post',0,1,0,1,1,0,1,0,1,0,1,1,0,0,0,0,0,0,1,0,0,0,0,0,'','mod_orders','','2020-01-22 00:00:00','Product Tags','Brand','Ordering','Parent','Title','Subtitle','Short Description','Note','Description','Image','Promotion','Tags','Featured','Icon','Event Start','Author','Event End',0,0,0,1,'text','textarea limit','editor','text','single','single',1,'All','All','All',NULL,0,NULL,'2019-12-18 08:40:28',6,'2020-01-22 08:38:09',6),
('1912185DF983BDF2925','1912185DF982C950CA0',16,1,'post',0,1,0,1,0,1,1,0,1,0,1,0,0,0,0,0,0,0,1,1,1,0,0,0,'1366 x 515 pixel','mod_posted/index/home-banner','','2020-02-06 00:00:00','Product Tags','Brand','Ordering','Parent','Title','Button Text','Link ( must be include http/https )','Note','Description','Image','Promotion','Tags','Featured','Icon','Event Start','Author','Event End',1,1,0,1,'text','text','textarea limit','text','single','single',1,'All','All','All',NULL,0,NULL,'2019-12-18 08:41:17',6,'2020-02-06 13:50:17',6),
('1912185DF983D281175','1912185DF982C950CA0',17,1,'post',0,1,0,0,0,0,1,0,1,0,1,0,0,0,0,0,0,0,1,0,0,0,0,0,'1000 x 260 px','mod_posted/index/page-banner','','2020-02-06 00:00:00','Product Tags','Brand','Ordering','Parent','Title','Subtitle','Short Description','Note','Description','Image','Promotion','Tags','Featured','Icon','Event Start','Author','Event End',0,0,0,1,'text','text','editor','text','single','single',1,'All','All','All',NULL,0,NULL,'2019-12-18 08:41:38',6,'2020-02-06 15:23:37',6),
('1912185DF984FA7F533','1912185DF982BF2E2B8',28,1,'post',0,1,0,0,0,0,1,1,0,0,0,0,0,0,0,0,0,0,1,0,0,0,0,0,'','mod_posted/index/about','','2020-02-06 00:00:00','Product Tags','Brand','Ordering','Parent','Title','Subtitle','Link Youtube','Description','Introduction','Image','Promotion','Tags','Featured','Icon','Event Start','Author','Event End',1,1,0,1,'text','text','text','editor','single','single',1,'All','All','All',NULL,0,NULL,'2019-12-18 08:46:34',6,'2020-02-06 14:59:17',6),
('1912185DF98690C8FA5','1912185DF982BF2E2B8',39,1,'post',0,1,0,0,0,1,1,0,1,0,0,0,0,0,0,0,0,0,1,0,0,0,0,0,'','mod_posted/index/careers','careers','2020-01-06 00:00:00','Product Tags','Brand','Ordering','Parent','Career Name','Email Career PIC','Description','Note','Job Description','Image','Promotion','Tags','Featured','Icon','Event Start','Author','Event End',0,0,0,1,'text','editor','editor','text','single','single',1,'All',NULL,NULL,NULL,0,NULL,'2019-12-18 08:53:20',6,'2020-01-06 14:11:09',6),
('1912185DF986A6700B4','1912185DF982BF2E2B8',40,1,'post',0,1,0,1,0,0,1,0,0,0,0,1,0,0,1,0,0,0,1,0,0,0,0,0,'','mod_posted/index/faq','faq','2020-02-06 00:00:00','Product Tags','Brand','Ordering','Parent','Title','Subtitle','Short Description','Note','Description','Image','Promotion','Tags','Featured','Icon','Event Start','Author','Event End',0,0,0,1,'text','editor','editor','text','single','single',1,'2002055E3A76CA96A6F','All','All',NULL,0,NULL,'2019-12-18 08:53:42',6,'2020-02-06 15:19:59',6),
('1912185DF987023CC3A','1912185DF982BF2E2B8',42,1,'post',0,1,0,0,0,0,1,0,1,0,0,0,0,0,0,0,0,0,1,0,0,0,0,0,'','mod_posted/index/static-page','','2020-02-05 00:00:00','Product Tags','Brand','Ordering','Parent','Title','Subtitle','Short Description','Note','Description','Image','Promotion','Tags','Featured','Icon','Event Start','Author','Event End',1,1,1,1,'text','textarea limit','editor','text','single','single',1,'All','All','All',NULL,0,NULL,'2019-12-18 08:55:14',6,'2020-02-05 14:10:57',6),
('1912185DF987141323F','1912185DF982E6C0E2C',43,1,'post',0,1,0,1,1,0,1,0,1,0,1,1,0,0,0,0,0,0,1,0,0,0,0,0,'','mod_acs_users','','2020-01-29 00:00:00','Product Tags','Brand','Ordering','Parent','Title','Subtitle','Short Description','Note','Description','Image','Promotion','Tags','Featured','Icon','Event Start','Author','Event End',0,0,0,1,'text','textarea limit','editor','text','single','single',1,'All','All','All',NULL,0,NULL,'2019-12-18 08:55:32',6,'2020-01-29 11:55:02',6),
('1912185DF987262FE31','1912185DF982E6C0E2C',44,1,'post',0,1,0,1,1,0,1,0,1,0,1,1,0,0,0,0,0,0,1,0,0,0,0,0,'','mod_acs_group','','2020-01-29 00:00:00','Product Tags','Brand','Ordering','Parent','Title','Subtitle','Short Description','Note','Description','Image','Promotion','Tags','Featured','Icon','Event Start','Author','Event End',0,0,0,1,'text','textarea limit','editor','text','single','single',1,'All','All','All',NULL,0,NULL,'2019-12-18 08:55:50',6,'2020-01-29 11:55:17',6),
('1912195DFAF689B8322','1912185DF98252958B0',100,1,'post',0,1,0,1,1,0,1,0,1,0,1,1,0,0,0,0,0,0,1,0,0,0,0,0,'','mod_contact_subject','','2020-02-05 00:00:00','Product Tags','Brand','','','Title','Subtitle','','Note','','','Promotion','','Featured','Icon','Event Start','Author','Event End',0,0,0,1,'text','textarea limit','editor','text','single','single',1,'All','All','All',NULL,0,NULL,'2019-12-19 11:03:21',6,'2020-02-05 13:59:05',6),
('2001025E0D71F255709','0',4,1,'other',0,1,0,1,1,1,1,1,1,0,1,1,1,0,0,0,0,0,1,0,0,0,0,0,'','','','2020-02-05 00:00:00','Product Tags','Brand','','','','','','','','','Promotion','','Featured','Icon','Event Start','Author','Event End',1,1,1,1,'text','text','text','text','multiple','single',1,'All','All','All',NULL,0,NULL,'2020-01-02 11:30:42',6,'2020-02-05 11:24:29',6),
('2001085E152FE2811FB','2001025E0D71F255709',4,1,'post',0,1,0,1,1,1,1,1,1,0,1,1,1,0,1,0,0,0,1,0,0,0,0,0,'','','','2020-02-05 00:00:00','Product Tags','Brand','','','','','','','','','Promotion','','Featured','Featured','Event Start','Author','Event End',1,1,1,1,'text','text','text','text','multiple','single',1,'All','All','All',NULL,0,NULL,'2020-01-08 08:26:58',6,'2020-02-05 14:05:19',6),
('2001085E15302B7D589','2001085E152FE2811FB',104,1,'post',0,1,0,1,1,1,1,1,1,0,1,1,1,0,1,0,0,0,1,0,0,0,0,0,'','mod_coupon_category','','2020-01-08 00:00:00','Product Tags','Brand','','','','','','','','','Promotion','','Featured','Featured','Event Start','Author','Event End',1,1,1,1,'text','text','text','text','multiple','single',1,'All',NULL,NULL,NULL,0,NULL,'2020-01-08 08:28:11',6,'2020-01-08 08:29:24',6),
('2001085E15306149976','2001085E152FE2811FB',105,1,'post',0,1,0,1,1,1,1,1,1,0,1,1,1,0,1,0,0,0,1,0,0,0,0,0,'','mod_coupon','','2020-01-08 00:00:00','Product Tags','Brand','','','','','','','','','Promotion','','Featured','Featured','Event Start','Author','Event End',1,1,1,1,'text','text','text','text','multiple','single',1,'All',NULL,NULL,NULL,0,NULL,'2020-01-08 08:29:05',6,'2020-01-08 08:29:05',6),
('2001225E27A75AECB24','1912185DF982D2ECBD6',109,1,'other',0,1,1,1,1,1,1,1,1,0,1,1,1,1,1,1,1,1,1,1,1,1,1,1,'','mod_courier','','2020-01-22 00:00:00','Product Tags','Brand','','','','','','','','','Featured','','Featured','Featured','Event Start','Author','Event End',1,1,1,1,'text','text','text','text','multiple','single',1,'All','All','All',NULL,0,NULL,'2020-01-22 08:37:30',6,'2020-01-22 08:37:30',6),
('2001225E27FA3BD6214','2002055E3A709CCB117',110,1,'post',0,1,1,1,1,1,1,1,1,0,1,1,1,1,1,1,1,1,1,1,1,1,1,1,'','mod_tags_single/index/faq','','2020-02-05 00:00:00','Product Tags','Brand','','','','','','','','','Featured','','Featured','Featured','Event Start','Author','Event End',1,1,1,1,'text','text','text','text','multiple','single',1,'All','All','All',NULL,0,NULL,'2020-01-22 14:31:07',6,'2020-02-05 14:43:25',6),
('2002055E3A6A479F4EA','1912185DF982BF2E2B8',29,1,'post',0,1,1,1,1,1,1,1,1,0,1,1,1,1,1,1,1,1,1,1,1,1,1,1,'','mod_posted/index/our-formula','','2020-02-05 00:00:00','Product Tags','Brand','','','','','','','','','Featured','','Featured','Featured','Event Start','Author','Event End',1,1,1,1,'text','text','text','text','multiple','single',1,'All','All','All',NULL,0,NULL,'2020-02-05 14:09:59',6,'2020-02-05 14:11:14',6),
('2002055E3A709CCB117','0',111,1,'post',0,1,1,1,1,1,1,1,1,0,1,1,1,1,1,1,1,1,1,1,1,1,1,1,'','','','2020-02-05 00:00:00','Product Tags','Brand','','','','','','','','','Featured','','Featured','Featured','Event Start','Author','Event End',1,1,1,1,'text','text','text','text','multiple','single',1,'All','All','All',NULL,0,NULL,'2020-02-05 14:37:00',6,'2020-02-05 14:37:00',6),
('2002055E3A726DC02DC','0',5,1,'post',0,1,1,1,1,1,1,1,1,0,1,1,1,1,1,1,1,1,1,1,1,1,1,1,'','','','2020-02-05 00:00:00','Product Tags','Brand','','','','','','','','','Featured','','Featured','Featured','Event Start','Author','Event End',1,1,1,1,'text','text','text','text','multiple','single',1,'All','All','All',NULL,0,NULL,'2020-02-05 14:44:45',6,'2020-02-05 14:44:45',6),
('2002055E3A72932EA01','2002055E3A726DC02DC',112,1,'post',0,1,1,1,1,1,1,1,1,0,1,1,1,1,1,1,1,1,1,1,1,1,1,1,'','','','2020-02-05 00:00:00','Product Tags','Brand','','','','','','','','','Featured','','Featured','Featured','Event Start','Author','Event End',1,1,1,1,'text','text','text','text','multiple','single',1,'All','All','All',NULL,0,NULL,'2020-02-05 14:45:23',6,'2020-02-05 14:45:23',6),
('2002055E3A72C02F41C','2002055E3A72932EA01',113,1,'post',0,1,0,0,0,1,0,0,0,0,0,0,0,0,0,0,0,0,1,1,0,0,0,0,'','mod_posted/index/video-introduction','','2020-02-06 00:00:00','Product Tags','Brand','','','Title','Link Youtube','','','','','Featured','','Featured','Featured','Event Start','Author','Event End',1,1,1,1,'text','text','text','text','multiple','single',1,'All','All','All',NULL,0,NULL,'2020-02-05 14:46:08',6,'2020-02-06 16:17:32',6),
('2002055E3A73E42E463','2002055E3A72932EA01',114,1,'post',0,1,0,0,0,1,1,1,1,0,0,1,1,0,0,0,0,0,1,1,0,0,0,0,'','mod_posted/index/tutorial','','2020-02-07 00:00:00','Product Tags','Brand','','','Title','Link Youtube','Complexity','Duration','Description','','Featured','Tags','Featured','Featured','Event Start','Author','Event End',0,0,0,1,'text','text','editor','text','multiple','single',1,'2002075E3CE07C0DE3A','All','All',NULL,0,NULL,'2020-02-05 14:51:00',6,'2020-02-07 11:01:50',6),
('2002055E3A73F9F2E45','2002055E3A72932EA01',115,1,'post',0,1,0,0,0,1,1,1,1,0,1,0,0,0,0,1,1,0,1,0,0,0,0,0,'700 x 466 pixel','mod_posted/index/events','','2020-02-07 00:00:00','Product Tags','Brand','','','Title','Location','Map URL','Event Registration Info','Description','Event Image','Featured','','Featured','Featured','Event Start','Author','Event End',0,0,0,1,'editor','text','editor','editor','multiple','single',1,'All','All','All',NULL,0,NULL,'2020-02-05 14:51:21',6,'2020-02-07 11:14:42',6),
('2002055E3A740D61A4F','2002055E3A72932EA01',116,1,'post',0,1,0,1,0,1,0,0,0,0,1,0,0,0,0,0,0,0,1,0,0,0,0,0,'500 x 500 pixel','mod_posted/index/people','','2020-02-07 00:00:00','Product Tags','Brand','','','Name','Instagram ID','','','','Image','Featured','','Featured','Featured','Event Start','Author','Event End',0,0,0,1,'text','text','text','text','multiple','single',1,'All','All','All',NULL,0,NULL,'2020-02-05 14:51:41',6,'2020-02-07 11:29:10',6),
('2002055E3A7491496C8','2002055E3A726DC02DC',117,1,'post',0,1,1,1,1,1,1,1,1,0,1,1,1,1,1,1,1,1,1,1,1,1,1,1,'','','','2020-02-05 00:00:00','Product Tags','Brand','','','','','','','','','Featured','','Featured','Featured','Event Start','Author','Event End',1,1,1,1,'text','text','text','text','multiple','single',1,'All','All','All',NULL,0,NULL,'2020-02-05 14:53:53',6,'2020-02-05 14:53:53',6),
('2002055E3A74AF67E22','2002055E3A7491496C8',118,1,'post',0,1,0,0,0,1,1,0,0,0,0,0,0,0,0,0,0,0,1,0,0,0,0,0,'','mod_posted/index/store','','2020-02-07 00:00:00','Product Tags','Brand','','','Store Name','Address','Map URL','','','','Featured','','Featured','Featured','Event Start','Author','Event End',0,0,0,1,'editor','text','text','text','multiple','single',1,'All','All','All',NULL,0,NULL,'2020-02-05 14:54:23',6,'2020-02-07 11:35:05',6),
('2002055E3A74C33A375','2002055E3A7491496C8',119,1,'post',0,1,0,0,0,1,1,1,1,0,0,0,0,0,0,0,0,0,1,0,0,0,0,0,'','mod_posted/index/headquarter','','2020-02-07 00:00:00','Product Tags','Brand','','','Headquerter','Address','Phone','Email','Whatsapp','','Featured','','Featured','Featured','Event Start','Author','Event End',0,0,0,1,'editor','text','text','text','multiple','single',1,'All','All','All',NULL,0,NULL,'2020-02-05 14:54:43',6,'2020-02-07 11:39:25',6),
('2002055E3A753424D40','2001025E0D71F255709',120,1,'post',0,1,1,1,1,1,1,1,1,0,1,1,1,1,1,1,1,1,1,1,1,1,1,1,'','','','2020-02-05 00:00:00','Product Tags','Brand','','','','','','','','','Featured','','Featured','Featured','Event Start','Author','Event End',1,1,1,1,'text','text','text','text','multiple','single',1,'All','All','All',NULL,0,NULL,'2020-02-05 14:56:36',6,'2020-02-05 14:56:36',6),
('2002055E3A77B090B5C','2002055E3A753424D40',121,1,'post',0,1,1,1,1,1,1,1,1,0,1,1,1,1,1,1,1,1,1,1,1,1,1,1,'','mod_tags_single/index/category-menu','','2020-02-05 00:00:00','Product Tags','Brand','','','','','','','','','Featured','','Featured','Featured','Event Start','Author','Event End',1,1,1,1,'text','text','text','text','multiple','single',1,'All','All','All',NULL,0,NULL,'2020-02-05 15:07:12',6,'2020-02-05 15:07:12',6),
('2002055E3A78314CC64','2002055E3A753424D40',122,1,'post',0,1,1,1,1,1,1,1,1,0,1,1,1,1,1,1,1,1,1,1,1,1,1,1,'','mod_tags_single/index/product-category','','2020-02-05 00:00:00','Product Tags','Brand','','','','','','','','','Featured','','Featured','Featured','Event Start','Author','Event End',1,1,1,1,'text','text','text','text','multiple','single',1,'All','All','All',NULL,0,NULL,'2020-02-05 15:09:21',6,'2020-02-05 15:09:21',6),
('2002055E3A784C9C8FB','2001025E0D71F255709',123,1,'post',0,1,1,1,1,1,1,1,1,0,1,1,1,1,1,1,1,1,1,1,1,1,1,1,'','','','2020-02-05 00:00:00','Product Tags','Brand','','','','','','','','','Featured','','Featured','Featured','Event Start','Author','Event End',1,1,1,1,'text','text','text','text','multiple','single',1,'All','All','All',NULL,0,NULL,'2020-02-05 15:09:48',6,'2020-02-05 15:09:48',6),
('2002055E3A7868AA62B','2002055E3A784C9C8FB',124,1,'post',0,1,1,1,1,1,1,1,1,0,1,1,1,1,1,1,1,1,1,1,1,1,1,1,'','mod_tags_single/index/collection','','2020-02-05 00:00:00','Product Tags','Brand','','','','','','','','','Featured','','Featured','Featured','Event Start','Author','Event End',1,1,1,1,'text','text','text','text','multiple','single',1,'All','All','All',NULL,0,NULL,'2020-02-05 15:10:16',6,'2020-02-05 15:10:36',6),
('2002055E3A789D4A458','2002055E3A784C9C8FB',125,1,'post',0,1,1,1,1,1,1,1,1,0,1,1,1,1,1,1,1,1,1,1,1,1,1,1,'','mod_tags_single/index/color','','2020-02-05 00:00:00','Product Tags','Brand','','','','','','','','','Featured','','Featured','Featured','Event Start','Author','Event End',1,1,1,1,'text','text','text','text','multiple','single',1,'All','All','All',NULL,0,NULL,'2020-02-05 15:11:09',6,'2020-02-05 15:11:09',6),
('2002065E3BB687CDF3A','1912185DF982C950CA0',126,1,'post',0,1,0,1,0,1,1,0,0,0,1,0,0,0,0,0,0,0,1,1,1,1,1,0,'792 x 397 pixel','mod_posted/index/home-section','','2020-02-06 00:00:00','Product Tags','Brand','Ordering','','Title','Button Text','Link','','','Image','Featured','Tags','Featured','Featured','Event Start','Author','Event End',0,0,0,1,'text','text','text','text','multiple','single',1,'All','All','All',NULL,0,NULL,'2020-02-06 13:47:35',6,'2020-02-06 13:47:35',6),
('2002065E3BC8F091161','2002055E3A6A479F4EA',127,1,'post',0,1,0,1,0,0,0,0,0,0,1,0,0,0,0,0,0,0,1,1,1,1,1,0,'60 x 65 pixel','mod_posted/index/introduction','','2020-02-06 00:00:00','Product Tags','Brand','Ordering','','Title','','','','','Image Thumbnails','Featured','','Featured','Featured','Event Start','Author','Event End',0,0,0,1,'text','text','text','text','multiple','single',1,'All','All','All',NULL,0,NULL,'2020-02-06 15:06:08',6,'2020-02-06 15:08:24',6),
('2002065E3BCA21ED0C9','2002055E3A6A479F4EA',128,1,'post',0,1,0,1,0,0,0,0,1,0,1,0,0,0,0,0,0,0,1,0,0,0,0,0,'445 x 445 pixel','mod_posted/index/our-formula-article','','2020-02-06 00:00:00','Product Tags','Brand','Ordering','','Title','','','','Description','Image Thumbnails','Featured','','Featured','Featured','Event Start','Author','Event End',0,0,0,1,'text','text','editor','text','multiple','single',1,'All','All','All',NULL,0,NULL,'2020-02-06 15:11:13',6,'2020-02-06 15:12:45',6);

/*Table structure for table `menu_counter` */

DROP TABLE IF EXISTS `menu_counter`;

CREATE TABLE `menu_counter` (
  `id` int(11) NOT NULL AUTO_INCREMENT,
  `acs_users_id` int(11) NOT NULL,
  `client_ip` text NOT NULL,
  `client_browser` text NOT NULL,
  `menu_id` varchar(25) NOT NULL,
  `date` datetime NOT NULL,
  PRIMARY KEY (`id`)
) ENGINE=InnoDB DEFAULT CHARSET=latin1;

/*Data for the table `menu_counter` */

/*Table structure for table `menu_image` */

DROP TABLE IF EXISTS `menu_image`;

CREATE TABLE `menu_image` (
  `id` varchar(25) NOT NULL,
  `menu_id` varchar(25) NOT NULL,
  `file_name` varchar(50) NOT NULL,
  `file_location` text,
  `file_thumb` text,
  `file_original` text,
  `file_type` text,
  `ctb` int(11) NOT NULL,
  `ctd` datetime NOT NULL,
  `mdb` int(11) NOT NULL,
  `mdd` datetime NOT NULL,
  PRIMARY KEY (`id`),
  KEY `post_id` (`menu_id`),
  CONSTRAINT `menu_image_ibfk_1` FOREIGN KEY (`menu_id`) REFERENCES `menu` (`id`) ON DELETE CASCADE ON UPDATE CASCADE
) ENGINE=InnoDB DEFAULT CHARSET=latin1;

/*Data for the table `menu_image` */

/*Table structure for table `menu_lang` */

DROP TABLE IF EXISTS `menu_lang`;

CREATE TABLE `menu_lang` (
  `id` varchar(25) NOT NULL,
  `menu_id` varchar(25) NOT NULL,
  `acs_lang_id` varchar(25) NOT NULL,
  `title` varchar(255) NOT NULL,
  `title_aliases` varchar(255) NOT NULL DEFAULT '',
  `slug` varchar(255) NOT NULL,
  `description` text NOT NULL,
  `ctb` int(11) NOT NULL,
  `ctd` datetime NOT NULL,
  `mdb` int(11) NOT NULL,
  `mdd` datetime NOT NULL,
  PRIMARY KEY (`id`),
  KEY `post_kt_id` (`menu_id`),
  KEY `sys_lang_id` (`acs_lang_id`),
  CONSTRAINT `menu_lang_ibfk_1` FOREIGN KEY (`acs_lang_id`) REFERENCES `acs_lang` (`id`) ON DELETE CASCADE ON UPDATE CASCADE,
  CONSTRAINT `menu_lang_ibfk_2` FOREIGN KEY (`menu_id`) REFERENCES `menu` (`id`) ON DELETE CASCADE ON UPDATE CASCADE
) ENGINE=InnoDB DEFAULT CHARSET=latin1;

/*Data for the table `menu_lang` */

insert  into `menu_lang`(`id`,`menu_id`,`acs_lang_id`,`title`,`title_aliases`,`slug`,`description`,`ctb`,`ctd`,`mdb`,`mdd`) values 
('1912185DF9825295B0D','1912185DF98252958B0','LGEN','Contact','','contact','',6,'2019-12-18 08:35:14',1,'2019-12-18 08:39:05'),
('1912185DF9825295BC1','1912185DF98252958B0','LGID','Contact Us','','contact-us','',6,'2019-12-18 08:35:14',1,'2019-12-18 08:39:05'),
('1912185DF98256173EE','1912185DF98256171B4','LGEN','Portal Customers','','portal-customers','',6,'2019-12-18 08:35:18',1,'2019-12-18 08:49:10'),
('1912185DF982561745C','1912185DF98256171B4','LGID','Customers','','customers','',6,'2019-12-18 08:35:18',1,'2019-12-18 08:49:10'),
('1912185DF98259D1C8C','1912185DF98259D1A67','LGEN','Orders','','orders','',6,'2019-12-18 08:35:21',1,'2019-12-18 08:36:40'),
('1912185DF98259D1CF3','1912185DF98259D1A67','LGID','Orders','','orders','',6,'2019-12-18 08:35:21',1,'2019-12-18 08:36:40'),
('1912185DF982AF5AFF4','1912185DF982AF5AE59','LGEN','Product','','product','',6,'2019-12-18 08:36:47',1,'2020-02-10 13:33:19'),
('1912185DF982AF5B040','1912185DF982AF5AE59','LGID','Product','','product','',6,'2019-12-18 08:36:47',1,'2020-02-10 13:33:19'),
('1912185DF982BF2E4C3','1912185DF982BF2E2B8','LGEN','Pages','','pages','',6,'2019-12-18 08:37:03',1,'2020-02-05 14:44:57'),
('1912185DF982BF2E511','1912185DF982BF2E2B8','LGID','Pages','','pages','',6,'2019-12-18 08:37:03',1,'2020-02-05 14:44:57'),
('1912185DF982C950E8B','1912185DF982C950CA0','LGEN','Media','','media','',6,'2019-12-18 08:37:13',1,'2020-02-05 14:53:16'),
('1912185DF982C950EDD','1912185DF982C950CA0','LGID','Media','','media','',6,'2019-12-18 08:37:13',1,'2020-02-05 14:53:16'),
('1912185DF982D2ECE91','1912185DF982D2ECBD6','LGEN','Master','','master','',6,'2019-12-18 08:37:22',1,'2019-12-18 08:37:22'),
('1912185DF982D2ECEFD','1912185DF982D2ECBD6','LGID','Master','','master','',6,'2019-12-18 08:37:22',1,'2019-12-18 08:37:22'),
('1912185DF982DE2DA30','1912185DF982DE2D5F3','LGEN','General Settings','','general-settings','',6,'2019-12-18 08:37:34',1,'2020-02-05 14:42:14'),
('1912185DF982DE2DAFC','1912185DF982DE2D5F3','LGID','General Settings','','general-settings','',6,'2019-12-18 08:37:34',1,'2020-02-05 14:42:14'),
('1912185DF982E6C0FDB','1912185DF982E6C0E2C','LGEN','Administrator','','administrator','',6,'2019-12-18 08:37:42',1,'2019-12-18 08:37:42'),
('1912185DF982E6C1075','1912185DF982E6C0E2C','LGID','Administrator','','administrator','',6,'2019-12-18 08:37:42',1,'2019-12-18 08:37:42'),
('1912185DF9832DD2007','1912185DF9832DD1E4F','LGEN','Contact List','','contact-list','',6,'2019-12-18 08:38:53',1,'2020-02-05 11:16:13'),
('1912185DF9832DD2059','1912185DF9832DD1E4F','LGID','Contact List','','contact-list','',6,'2019-12-18 08:38:53',1,'2020-02-05 11:16:13'),
('1912185DF98347DBE3F','1912185DF98347DBA6D','LGEN','Customer List','','customer-list','',6,'2019-12-18 08:39:19',1,'2020-01-21 09:36:43'),
('1912185DF98347DBEFD','1912185DF98347DBA6D','LGID','Customer List','','customer-list','',6,'2019-12-18 08:39:19',1,'2020-01-21 09:36:43'),
('1912185DF9835B605A6','1912185DF9835B603E4','LGEN','Customer Address','','customer-address','',6,'2019-12-18 08:39:39',1,'2020-01-21 10:14:59'),
('1912185DF9835B60604','1912185DF9835B603E4','LGID','Customer Address','','customer-address','',6,'2019-12-18 08:39:39',1,'2020-01-21 10:14:59'),
('1912185DF9838C62FC0','1912185DF9838C62DC5','LGEN','Orders Product','','orders-product','',6,'2019-12-18 08:40:28',1,'2020-01-22 08:38:09'),
('1912185DF9838C6301B','1912185DF9838C62DC5','LGID','Orders Product','','orders-product','',6,'2019-12-18 08:40:28',1,'2020-01-22 08:38:09'),
('1912185DF983BDF2B07','1912185DF983BDF2925','LGEN','Home Banner','','home-banner','',6,'2019-12-18 08:41:17',1,'2020-02-06 13:50:17'),
('1912185DF983BDF2B5D','1912185DF983BDF2925','LGID','Home Banner','','home-banner','',6,'2019-12-18 08:41:17',1,'2020-02-06 13:50:17'),
('1912185DF983D281328','1912185DF983D281175','LGEN','Page Banner','','page-banner','',6,'2019-12-18 08:41:38',1,'2020-02-06 15:23:37'),
('1912185DF983D281376','1912185DF983D281175','LGID','Page Banner','','page-banner','',6,'2019-12-18 08:41:38',1,'2020-02-06 15:23:37'),
('1912185DF984FA7F76D','1912185DF984FA7F533','LGEN','About','','about','',6,'2019-12-18 08:46:34',1,'2020-02-06 14:59:17'),
('1912185DF984FA7F7BC','1912185DF984FA7F533','LGID','About','','about','',6,'2019-12-18 08:46:34',1,'2020-02-06 14:59:17'),
('1912185DF98690C961C','1912185DF98690C8FA5','LGEN','Careers','','careers','',6,'2019-12-18 08:53:20',1,'2020-01-06 14:11:09'),
('1912185DF98690C96AE','1912185DF98690C8FA5','LGID','Careers','','careers','',6,'2019-12-18 08:53:20',1,'2020-01-06 14:11:09'),
('1912185DF986A67046D','1912185DF986A6700B4','LGEN','FAQ','','faq','',6,'2019-12-18 08:53:42',1,'2020-02-06 15:19:59'),
('1912185DF986A6704D0','1912185DF986A6700B4','LGID','FAQ','','faq','',6,'2019-12-18 08:53:42',1,'2020-02-06 15:19:59'),
('1912185DF987023D078','1912185DF987023CC3A','LGEN','Static Page','','static-page','',6,'2019-12-18 08:55:14',1,'2020-02-05 14:10:57'),
('1912185DF987023D108','1912185DF987023CC3A','LGID','Static Page','','static-page','',6,'2019-12-18 08:55:14',1,'2020-02-05 14:10:57'),
('1912185DF98714134B2','1912185DF987141323F','LGEN','User Management','','user-management','',6,'2019-12-18 08:55:32',1,'2020-01-29 11:55:02'),
('1912185DF987141350D','1912185DF987141323F','LGID','User Management','','user-management','',6,'2019-12-18 08:55:32',1,'2020-01-29 11:55:02'),
('1912185DF987263000D','1912185DF987262FE31','LGEN','Access Level','','access-level','',6,'2019-12-18 08:55:50',1,'2020-01-29 11:55:17'),
('1912185DF9872630062','1912185DF987262FE31','LGID','Access Level','','access-level','',6,'2019-12-18 08:55:50',1,'2020-01-29 11:55:17'),
('1912195DFAF689BB4E8','1912195DFAF689B8322','LGEN','Contact Subject','','contact-subject','',6,'2019-12-19 11:03:21',1,'2020-02-05 13:59:05'),
('1912195DFAF689BB70A','1912195DFAF689B8322','LGID','Contact Subject','','contact-subject','',6,'2019-12-19 11:03:21',1,'2020-02-05 13:59:05'),
('2001025E0D71F257F29','2001025E0D71F255709','LGEN','Product Portal','','product-portal','',6,'2020-01-02 11:30:42',1,'2020-02-05 11:24:29'),
('2001025E0D71F258018','2001025E0D71F255709','LGID','Product Portal','','product-portal','',6,'2020-01-02 11:30:42',1,'2020-02-05 11:24:29'),
('2001085E152FE28496A','2001085E152FE2811FB','LGEN','Promotion Management','','promotion-management','',6,'2020-01-08 08:26:58',1,'2020-02-05 14:05:19'),
('2001085E152FE284A6B','2001085E152FE2811FB','LGID','Promotion Management','','promotion-management','',6,'2020-01-08 08:26:58',1,'2020-02-05 14:05:19'),
('2001085E15302B80C96','2001085E15302B7D589','LGEN','Promo Category','','promo-category','',6,'2020-01-08 08:28:11',1,'2020-01-08 08:29:24'),
('2001085E15302B80D54','2001085E15302B7D589','LGID','Promo Category','','promo-category','',6,'2020-01-08 08:28:11',1,'2020-01-08 08:29:24'),
('2001085E1530614D18A','2001085E15306149976','LGEN','Promo Code','','promo-code','',6,'2020-01-08 08:29:05',1,'2020-01-08 08:29:05'),
('2001085E1530614D274','2001085E15306149976','LGID','Promo Code','','promo-code','',6,'2020-01-08 08:29:05',1,'2020-01-08 08:29:05'),
('2001225E27A75AED016','2001225E27A75AECB24','LGEN','Courier','','courier','',6,'2020-01-22 08:37:30',1,'2020-01-22 08:37:30'),
('2001225E27A75AED1A0','2001225E27A75AECB24','LGID','Courier','','courier','',6,'2020-01-22 08:37:30',1,'2020-01-22 08:37:30'),
('2001225E27FA3BD6724','2001225E27FA3BD6214','LGEN','FAQ Category','','faq-category','',6,'2020-01-22 14:31:07',1,'2020-02-05 14:43:25'),
('2001225E27FA3BD68C8','2001225E27FA3BD6214','LGID','FAQ Category','','faq-category','',6,'2020-01-22 14:31:07',1,'2020-02-05 14:43:25'),
('2002055E3A6A47A2886','2002055E3A6A479F4EA','LGEN','Our Formula','','our-formula','',6,'2020-02-05 14:09:59',1,'2020-02-05 14:11:14'),
('2002055E3A6A47A2935','2002055E3A6A479F4EA','LGID','Our Formula','','our-formula','',6,'2020-02-05 14:09:59',1,'2020-02-05 14:11:14'),
('2002055E3A709CCED47','2002055E3A709CCB117','LGEN','All Setting','','all-setting','',6,'2020-02-05 14:37:00',1,'2020-02-05 14:37:00'),
('2002055E3A709CCEDE4','2002055E3A709CCB117','LGID','All Setting','','all-setting','',6,'2020-02-05 14:37:00',1,'2020-02-05 14:37:00'),
('2002055E3A726DC3342','2002055E3A726DC02DC','LGEN','Portal Pages','','portal-pages','',6,'2020-02-05 14:44:45',1,'2020-02-05 14:44:45'),
('2002055E3A726DC341B','2002055E3A726DC02DC','LGID','Portal Pages','','portal-pages','',6,'2020-02-05 14:44:45',1,'2020-02-05 14:44:45'),
('2002055E3A729331521','2002055E3A72932EA01','LGEN','The World of Sada','','the-world-of-sada','',6,'2020-02-05 14:45:23',1,'2020-02-05 14:45:23'),
('2002055E3A7293315A7','2002055E3A72932EA01','LGID','The World of Sada','','the-world-of-sada','',6,'2020-02-05 14:45:23',1,'2020-02-05 14:45:23'),
('2002055E3A72C0315CC','2002055E3A72C02F41C','LGEN','Video Introduction','','video-introduction','',6,'2020-02-05 14:46:08',1,'2020-02-06 16:17:32'),
('2002055E3A72C0316EB','2002055E3A72C02F41C','LGID','Video Introduction','','video-introduction','',6,'2020-02-05 14:46:08',1,'2020-02-06 16:17:32'),
('2002055E3A73E431DA8','2002055E3A73E42E463','LGEN','Tutorial','','tutorial','',6,'2020-02-05 14:51:00',1,'2020-02-07 11:01:50'),
('2002055E3A73E431E50','2002055E3A73E42E463','LGID','Tutorial','','tutorial','',6,'2020-02-05 14:51:00',1,'2020-02-07 11:01:50'),
('2002055E3A73FA00E73','2002055E3A73F9F2E45','LGEN','Events','','events','',6,'2020-02-05 14:51:22',1,'2020-02-07 11:14:42'),
('2002055E3A73FA00EF2','2002055E3A73F9F2E45','LGID','Events','','events','',6,'2020-02-05 14:51:22',1,'2020-02-07 11:14:42'),
('2002055E3A740D6486A','2002055E3A740D61A4F','LGEN','People','','people','',6,'2020-02-05 14:51:41',1,'2020-02-07 11:29:10'),
('2002055E3A740D648F7','2002055E3A740D61A4F','LGID','People','','people','',6,'2020-02-05 14:51:41',1,'2020-02-07 11:29:10'),
('2002055E3A74914C205','2002055E3A7491496C8','LGEN','Places','','places','',6,'2020-02-05 14:53:53',1,'2020-02-05 14:53:53'),
('2002055E3A74914C282','2002055E3A7491496C8','LGID','Places','','places','',6,'2020-02-05 14:53:53',1,'2020-02-05 14:53:53'),
('2002055E3A74AF6B67E','2002055E3A74AF67E22','LGEN','Store','','store','',6,'2020-02-05 14:54:23',1,'2020-02-07 11:35:05'),
('2002055E3A74AF6B753','2002055E3A74AF67E22','LGID','Store','','store','',6,'2020-02-05 14:54:23',1,'2020-02-07 11:35:05'),
('2002055E3A74C33CB8B','2002055E3A74C33A375','LGEN','Headquarter','','headquarter','',6,'2020-02-05 14:54:43',1,'2020-02-07 11:39:25'),
('2002055E3A74C33CC08','2002055E3A74C33A375','LGID','Headquarter','','headquarter','',6,'2020-02-05 14:54:43',1,'2020-02-07 11:39:25'),
('2002055E3A753429666','2002055E3A753424D40','LGEN','Category Product','','category-product','',6,'2020-02-05 14:56:36',1,'2020-02-05 14:56:36'),
('2002055E3A753429741','2002055E3A753424D40','LGID','Category Product','','category-product','',6,'2020-02-05 14:56:36',1,'2020-02-05 14:56:36'),
('2002055E3A77B09AF4D','2002055E3A77B090B5C','LGEN','Category Menu','','category-menu','',6,'2020-02-05 15:07:12',1,'2020-02-05 15:07:12'),
('2002055E3A77B09AFD7','2002055E3A77B090B5C','LGID','Category Menu','','category-menu','',6,'2020-02-05 15:07:12',1,'2020-02-05 15:07:12'),
('2002055E3A78314F61A','2002055E3A78314CC64','LGEN','Product Category','','product-category','',6,'2020-02-05 15:09:21',1,'2020-02-05 15:09:21'),
('2002055E3A78314F6A7','2002055E3A78314CC64','LGID','Product Category','','product-category','',6,'2020-02-05 15:09:21',1,'2020-02-05 15:09:21'),
('2002055E3A784CA0D55','2002055E3A784C9C8FB','LGEN','Tags','','tags','',6,'2020-02-05 15:09:48',1,'2020-02-05 15:09:48'),
('2002055E3A784CA0E25','2002055E3A784C9C8FB','LGID','Tags','','tags','',6,'2020-02-05 15:09:48',1,'2020-02-05 15:09:48'),
('2002055E3A7868ADD26','2002055E3A7868AA62B','LGEN','Collection','','collection','',6,'2020-02-05 15:10:16',1,'2020-02-05 15:10:36'),
('2002055E3A7868ADDCA','2002055E3A7868AA62B','LGID','Collection','','collection','',6,'2020-02-05 15:10:16',1,'2020-02-05 15:10:36'),
('2002055E3A789D50205','2002055E3A789D4A458','LGEN','Color','','color','',6,'2020-02-05 15:11:09',1,'2020-02-05 15:11:09'),
('2002055E3A789D5028A','2002055E3A789D4A458','LGID','Color','','color','',6,'2020-02-05 15:11:09',1,'2020-02-05 15:11:09'),
('2002065E3BB687D1520','2002065E3BB687CDF3A','LGEN','Home Section','','home-section','',6,'2020-02-06 13:47:35',1,'2020-02-06 13:47:35'),
('2002065E3BB687D15B0','2002065E3BB687CDF3A','LGID','Home Section','','home-section','',6,'2020-02-06 13:47:35',1,'2020-02-06 13:47:35'),
('2002065E3BC8F094502','2002065E3BC8F091161','LGEN','Introduction','','introduction','',6,'2020-02-06 15:06:08',1,'2020-02-06 15:08:24'),
('2002065E3BC8F0945DA','2002065E3BC8F091161','LGID','Introduction','','introduction','',6,'2020-02-06 15:06:08',1,'2020-02-06 15:08:24'),
('2002065E3BCA21EF59B','2002065E3BCA21ED0C9','LGEN','Our Formula Article','','our-formula-article','',6,'2020-02-06 15:11:13',1,'2020-02-06 15:12:45'),
('2002065E3BCA21EF622','2002065E3BCA21ED0C9','LGID','Our Formula Article','','our-formula-article','',6,'2020-02-06 15:11:13',1,'2020-02-06 15:12:45');

/*Table structure for table `notification_log` */

DROP TABLE IF EXISTS `notification_log`;

CREATE TABLE `notification_log` (
  `id` int(11) NOT NULL AUTO_INCREMENT,
  `product_order_id` varchar(40) NOT NULL,
  `transaction_status` varchar(50) NOT NULL,
  `fraud_status` varchar(50) NOT NULL,
  `payment_type` varchar(50) NOT NULL,
  `transaction_time` varchar(50) DEFAULT NULL,
  `notif` text,
  PRIMARY KEY (`id`)
) ENGINE=MyISAM AUTO_INCREMENT=100 DEFAULT CHARSET=latin1;

/*Data for the table `notification_log` */

/*Table structure for table `order_billing` */

DROP TABLE IF EXISTS `order_billing`;

CREATE TABLE `order_billing` (
  `id` varchar(40) NOT NULL,
  `product_order_id` varchar(40) NOT NULL,
  `first_name` varchar(50) NOT NULL,
  `last_name` varchar(50) NOT NULL,
  `address` text,
  `subdistrict_id` int(11) DEFAULT NULL,
  `zip_code` int(11) DEFAULT NULL,
  `phone` varchar(50) DEFAULT NULL,
  `country_code` varchar(10) DEFAULT NULL,
  `ctb` varchar(25) NOT NULL,
  `ctd` datetime NOT NULL,
  `mdb` varchar(25) NOT NULL,
  `mdd` datetime NOT NULL,
  PRIMARY KEY (`id`)
) ENGINE=MyISAM DEFAULT CHARSET=latin1;

/*Data for the table `order_billing` */

/*Table structure for table `order_customer` */

DROP TABLE IF EXISTS `order_customer`;

CREATE TABLE `order_customer` (
  `id` varchar(40) NOT NULL,
  `product_order_id` varchar(40) NOT NULL,
  `first_name` varchar(50) NOT NULL,
  `last_name` varchar(50) NOT NULL,
  `phone` varchar(50) DEFAULT NULL,
  `email` varchar(50) DEFAULT NULL,
  `ctb` varchar(25) NOT NULL,
  `ctd` datetime NOT NULL,
  `mdb` varchar(25) NOT NULL,
  `mdd` datetime NOT NULL,
  PRIMARY KEY (`id`)
) ENGINE=MyISAM DEFAULT CHARSET=latin1;

/*Data for the table `order_customer` */

/*Table structure for table `order_shiping` */

DROP TABLE IF EXISTS `order_shiping`;

CREATE TABLE `order_shiping` (
  `id` varchar(40) NOT NULL,
  `product_order_id` varchar(40) NOT NULL,
  `first_name` varchar(50) NOT NULL,
  `last_name` varchar(50) NOT NULL,
  `address` text,
  `subdistrict_id` int(11) DEFAULT NULL,
  `zip_code` int(11) DEFAULT NULL,
  `phone` varchar(50) DEFAULT NULL,
  `country_code` varchar(10) DEFAULT NULL,
  `ctb` varchar(25) NOT NULL,
  `ctd` datetime NOT NULL,
  `mdb` varchar(25) NOT NULL,
  `mdd` datetime NOT NULL,
  PRIMARY KEY (`id`)
) ENGINE=MyISAM DEFAULT CHARSET=latin1;

/*Data for the table `order_shiping` */

/*Table structure for table `post` */

DROP TABLE IF EXISTS `post`;

CREATE TABLE `post` (
  `id` varchar(25) NOT NULL,
  `menu_id` varchar(25) DEFAULT NULL,
  `type_id` int(11) NOT NULL DEFAULT '1',
  `parent` varchar(25) DEFAULT '0',
  `parent_branch` varchar(25) DEFAULT '0',
  `ordering` smallint(6) DEFAULT NULL,
  `published` datetime NOT NULL,
  `meta_title` varchar(255) DEFAULT NULL,
  `meta_keywords` varchar(255) DEFAULT NULL,
  `meta_description` varchar(255) DEFAULT NULL,
  `status` tinyint(1) NOT NULL DEFAULT '0',
  `flag` int(11) DEFAULT '0',
  `is_featured` int(1) DEFAULT '0',
  `icon` varchar(50) DEFAULT NULL,
  `file` varchar(100) DEFAULT NULL,
  `file_location` varchar(100) DEFAULT NULL,
  `province` int(11) DEFAULT NULL,
  `city` int(11) DEFAULT NULL,
  `subdistrict` int(11) DEFAULT NULL,
  `coupon_id` varchar(25) DEFAULT NULL,
  `event_start` date DEFAULT NULL,
  `event_end` date DEFAULT NULL,
  `author` varchar(100) DEFAULT NULL,
  `can_buy` tinyint(1) DEFAULT '0',
  `ctb` int(11) NOT NULL,
  `ctd` datetime NOT NULL,
  `mdb` int(11) NOT NULL,
  `mdd` datetime NOT NULL,
  PRIMARY KEY (`id`),
  KEY `post_kt_id` (`menu_id`),
  KEY `post_city_fk` (`city`),
  CONSTRAINT `post_ibfk_1` FOREIGN KEY (`menu_id`) REFERENCES `menu` (`id`) ON DELETE CASCADE ON UPDATE CASCADE
) ENGINE=InnoDB DEFAULT CHARSET=latin1;

/*Data for the table `post` */

insert  into `post`(`id`,`menu_id`,`type_id`,`parent`,`parent_branch`,`ordering`,`published`,`meta_title`,`meta_keywords`,`meta_description`,`status`,`flag`,`is_featured`,`icon`,`file`,`file_location`,`province`,`city`,`subdistrict`,`coupon_id`,`event_start`,`event_end`,`author`,`can_buy`,`ctb`,`ctd`,`mdb`,`mdd`) values 
('2002065E3BB8BE00E81','1912185DF983BDF2925',1,'0','0',1,'2020-02-06 00:00:00','','','',1,0,0,'',NULL,NULL,NULL,NULL,NULL,NULL,'2020-02-06','2020-02-06','',0,6,'2020-02-06 13:57:02',6,'2020-02-06 13:57:02'),
('2002065E3BB8F3645AD','1912185DF983BDF2925',1,'0','0',2,'2020-02-06 00:00:00','','','',1,0,0,'',NULL,NULL,NULL,NULL,NULL,NULL,'2020-02-06','2020-02-06','',0,6,'2020-02-06 13:57:55',6,'2020-02-06 13:57:55'),
('2002065E3BB9CDAAA91','2002065E3BB687CDF3A',1,'0','0',1,'2020-02-06 00:00:00','','','',1,0,0,'',NULL,NULL,NULL,NULL,NULL,NULL,'2020-02-06','2020-02-06','',0,6,'2020-02-06 14:01:33',6,'2020-02-06 14:01:33'),
('2002065E3BBA08D6ECA','2002065E3BB687CDF3A',1,'0','0',2,'2020-02-06 00:00:00','','','',1,0,0,'',NULL,NULL,NULL,NULL,NULL,NULL,'2020-02-06','2020-02-06','',0,6,'2020-02-06 14:02:32',6,'2020-02-06 14:02:32'),
('2002065E3BBA1E794A9','2002065E3BB687CDF3A',1,'0','0',3,'2020-02-06 00:00:00','','','',1,0,0,'',NULL,NULL,NULL,NULL,NULL,NULL,'2020-02-06','2020-02-06','',0,6,'2020-02-06 14:02:54',6,'2020-02-06 14:02:54'),
('2002065E3BBA35B82F7','2002065E3BB687CDF3A',1,'0','0',4,'2020-02-06 00:00:00','','','',1,0,0,'',NULL,NULL,NULL,NULL,NULL,NULL,'2020-02-06','2020-02-06','',0,6,'2020-02-06 14:03:17',6,'2020-02-06 14:03:17'),
('2002065E3BBAF75C7DE','1912185DF983D281175',1,'0','0',1,'2020-02-06 00:00:00','','','',1,0,0,'',NULL,NULL,NULL,NULL,NULL,NULL,'2020-02-06','2020-02-06','',0,6,'2020-02-06 14:06:31',6,'2020-02-06 14:06:31'),
('2002065E3BBBA31F94E','1912185DF984FA7F533',1,'0','0',1,'2020-02-06 00:00:00','','','',1,0,0,'',NULL,NULL,NULL,NULL,NULL,NULL,'2020-02-06','2020-02-06','',0,6,'2020-02-06 14:09:23',6,'2020-02-06 14:58:56'),
('2002065E3BC81ACE28D','1912185DF983D281175',1,'0','0',2,'2020-02-06 00:00:00','','','',1,0,0,'',NULL,NULL,NULL,NULL,NULL,NULL,'2020-02-06','2020-02-06','',0,6,'2020-02-06 15:02:34',6,'2020-02-06 15:02:34'),
('2002065E3BC9B255770','2002065E3BC8F091161',1,'0','0',1,'2020-02-06 00:00:00','','','',1,0,0,'',NULL,NULL,NULL,NULL,NULL,NULL,'2020-02-06','2020-02-06','',0,6,'2020-02-06 15:09:22',6,'2020-02-06 15:09:22'),
('2002065E3BC9C155242','2002065E3BC8F091161',1,'0','0',2,'2020-02-06 00:00:00','','','',1,0,0,'',NULL,NULL,NULL,NULL,NULL,NULL,'2020-02-06','2020-02-06','',0,6,'2020-02-06 15:09:37',6,'2020-02-06 15:09:37'),
('2002065E3BC9CB051B4','2002065E3BC8F091161',1,'0','0',3,'2020-02-06 00:00:00','','','',1,0,0,'',NULL,NULL,NULL,NULL,NULL,NULL,'2020-02-06','2020-02-06','',0,6,'2020-02-06 15:09:47',6,'2020-02-06 15:09:47'),
('2002065E3BC9DC93DD9','2002065E3BC8F091161',1,'0','0',4,'2020-02-06 00:00:00','','','',1,0,0,'',NULL,NULL,NULL,NULL,NULL,NULL,'2020-02-06','2020-02-06','',0,6,'2020-02-06 15:10:04',6,'2020-02-06 15:10:04'),
('2002065E3BCAB6A272E','2002065E3BCA21ED0C9',1,'0','0',1,'2020-02-06 00:00:00','','','',1,0,0,'',NULL,NULL,NULL,NULL,NULL,NULL,'2020-02-06','2020-02-06','',0,6,'2020-02-06 15:13:42',6,'2020-02-06 15:13:42'),
('2002065E3BCAC985E58','2002065E3BCA21ED0C9',1,'0','0',2,'2020-02-06 00:00:00','','','',1,0,0,'',NULL,NULL,NULL,NULL,NULL,NULL,'2020-02-06','2020-02-06','',0,6,'2020-02-06 15:14:01',6,'2020-02-06 15:14:01'),
('2002065E3BCB3240FEF','2002065E3BCA21ED0C9',1,'0','0',3,'2020-02-06 00:00:00','','','',1,0,0,'',NULL,NULL,NULL,NULL,NULL,NULL,'2020-02-06','2020-02-06','',0,6,'2020-02-06 15:15:46',6,'2020-02-06 15:15:46'),
('2002065E3BCB6D8128E','1912185DF98690C8FA5',1,'0','0',1,'2020-02-06 00:00:00','','','',1,0,0,'',NULL,NULL,NULL,NULL,NULL,NULL,'2020-02-06','2020-02-06','',0,6,'2020-02-06 15:16:45',6,'2020-02-06 15:16:45'),
('2002065E3BCB87718B8','1912185DF98690C8FA5',1,'0','0',2,'2020-02-06 00:00:00','','','',1,0,0,'',NULL,NULL,NULL,NULL,NULL,NULL,'2020-02-06','2020-02-06','',0,6,'2020-02-06 15:17:11',6,'2020-02-06 15:17:11'),
('2002065E3BCB9C199F5','1912185DF983D281175',1,'0','0',3,'2020-02-06 00:00:00','','','',1,0,0,'',NULL,NULL,NULL,NULL,NULL,NULL,'2020-02-06','2020-02-06','',0,6,'2020-02-06 15:17:32',6,'2020-02-06 15:17:32'),
('2002065E3BCC32A9576','1912185DF986A6700B4',1,'0','0',1,'2020-02-06 00:00:00','','','',1,0,0,'',NULL,NULL,NULL,NULL,NULL,NULL,'2020-02-06','2020-02-06','',0,6,'2020-02-06 15:20:02',6,'2020-02-06 15:20:10'),
('2002065E3BCC4B9B2A3','1912185DF986A6700B4',1,'0','0',2,'2020-02-06 00:00:00','','','',1,0,0,'',NULL,NULL,NULL,NULL,NULL,NULL,'2020-02-06','2020-02-06','',0,6,'2020-02-06 15:20:27',6,'2020-02-06 15:20:27'),
('2002065E3BCCABAA62D','1912185DF983D281175',1,'0','0',4,'2020-02-06 00:00:00','','','',1,0,0,'',NULL,NULL,NULL,NULL,NULL,NULL,'2020-02-06','2020-02-06','',0,6,'2020-02-06 15:22:03',6,'2020-02-06 15:22:03'),
('2002065E3BCD2F95F26','1912185DF983D281175',1,'0','0',5,'2020-02-06 00:00:00','','','',1,0,0,'',NULL,NULL,NULL,NULL,NULL,NULL,'2020-02-06','2020-02-06','',0,6,'2020-02-06 15:24:15',6,'2020-02-06 15:24:15'),
('2002065E3BCD613A10D','1912185DF987023CC3A',1,'0','0',1,'2020-02-06 00:00:00','','','',1,0,0,'',NULL,NULL,NULL,NULL,NULL,NULL,'2020-02-06','2020-02-06','',0,6,'2020-02-06 15:25:05',6,'2020-02-06 15:25:05'),
('2002065E3BCD7BAD505','1912185DF987023CC3A',1,'0','0',2,'2020-02-06 00:00:00','','','',1,0,0,'',NULL,NULL,NULL,NULL,NULL,NULL,'2020-02-06','2020-02-06','',0,6,'2020-02-06 15:25:31',6,'2020-02-06 15:25:31'),
('2002065E3BCD898C93A','1912185DF987023CC3A',1,'0','0',3,'2020-02-06 00:00:00','','','',1,0,0,'',NULL,NULL,NULL,NULL,NULL,NULL,'2020-02-06','2020-02-06','',0,6,'2020-02-06 15:25:45',6,'2020-02-06 15:46:11'),
('2002065E3BCDAE78A82','1912185DF983D281175',1,'0','0',6,'2020-02-06 00:00:00','','','',1,0,0,'',NULL,NULL,NULL,NULL,NULL,NULL,'2020-02-06','2020-02-06','',0,6,'2020-02-06 15:26:22',6,'2020-02-06 15:26:22'),
('2002065E3BCDBCCBB1E','1912185DF983D281175',1,'0','0',7,'2020-02-06 00:00:00','','','',1,0,0,'',NULL,NULL,NULL,NULL,NULL,NULL,'2020-02-06','2020-02-06','',0,6,'2020-02-06 15:26:36',6,'2020-02-06 15:26:36'),
('2002065E3BCDC2BFC12','1912185DF983D281175',1,'0','0',8,'2020-02-06 00:00:00','','','',1,0,0,'',NULL,NULL,NULL,NULL,NULL,NULL,'2020-02-06','2020-02-06','',0,6,'2020-02-06 15:26:42',6,'2020-02-06 15:26:42'),
('2002065E3BCDCD077F2','1912185DF983D281175',1,'0','0',9,'2020-02-06 00:00:00','','','',1,0,0,'',NULL,NULL,NULL,NULL,NULL,NULL,'2020-02-06','2020-02-06','',0,6,'2020-02-06 15:26:53',6,'2020-02-06 15:26:53'),
('2002065E3BCE782884D','1912185DF983D281175',1,'0','0',10,'2020-02-06 00:00:00','','','',1,0,0,'',NULL,NULL,NULL,NULL,NULL,NULL,'2020-02-06','2020-02-06','',0,6,'2020-02-06 15:29:44',6,'2020-02-06 15:29:44'),
('2002065E3BDA1294E27','1912185DF983D281175',1,'0','0',11,'2020-02-06 00:00:00','','','',1,0,0,'',NULL,NULL,NULL,NULL,NULL,NULL,'2020-02-06','2020-02-06','',0,6,'2020-02-06 16:19:14',6,'2020-02-06 16:19:14'),
('2002075E3CDB28CF376','2002055E3A72C02F41C',1,'0','0',1,'2020-02-07 00:00:00','','','',1,0,0,'',NULL,NULL,NULL,NULL,NULL,NULL,'2020-02-07','2020-02-07','',0,6,'2020-02-07 10:36:08',6,'2020-02-07 10:36:08'),
('2002075E3CE136427A5','2002055E3A73E42E463',1,'0','0',1,'2020-02-07 00:00:00','','','',1,0,0,'',NULL,NULL,NULL,NULL,NULL,NULL,'2020-02-07','2020-02-07','',0,6,'2020-02-07 11:01:58',6,'2020-02-07 11:02:34'),
('2002075E3CE49D1D2C9','2002055E3A73F9F2E45',1,'0','0',1,'2020-02-07 00:00:00','','','',1,0,0,'',NULL,NULL,NULL,NULL,NULL,NULL,'2020-02-07','2020-02-07','',0,6,'2020-02-07 11:16:29',6,'2020-02-07 11:25:19'),
('2002075E3CE58F15612','1912185DF983D281175',1,'0','0',12,'2020-02-07 00:00:00','','','',1,0,0,'',NULL,NULL,NULL,NULL,NULL,NULL,'2020-02-07','2020-02-07','',0,6,'2020-02-07 11:20:31',6,'2020-02-07 11:20:31'),
('2002075E3CE7B39F028','2002055E3A740D61A4F',1,'0','0',1,'2020-02-07 00:00:00','','','',1,0,0,'',NULL,NULL,NULL,NULL,NULL,NULL,'2020-02-07','2020-02-07','',0,6,'2020-02-07 11:29:39',6,'2020-02-07 11:29:39'),
('2002075E3CE96DD7CB1','2002055E3A74AF67E22',1,'0','0',1,'2020-02-07 00:00:00','','','',1,0,0,'',NULL,NULL,NULL,NULL,NULL,NULL,'2020-02-07','2020-02-07','',0,6,'2020-02-07 11:37:01',6,'2020-02-07 11:37:01'),
('2002075E3CEA26CC2BD','2002055E3A74C33A375',1,'0','0',1,'2020-02-07 00:00:00','','','',1,0,0,'',NULL,NULL,NULL,NULL,NULL,NULL,'2020-02-07','2020-02-07','',0,6,'2020-02-07 11:40:06',6,'2020-02-07 11:40:06'),
('2002105E4127662C3E5','1912185DF982AF5AE59',1,'0','0',1,'2020-02-10 00:00:00','','','',1,0,0,'',NULL,NULL,1,128,1768,NULL,'2020-02-10','2020-02-10','',1,6,'2020-02-10 16:50:30',6,'2020-02-10 17:00:25');

/*Table structure for table `post_counter` */

DROP TABLE IF EXISTS `post_counter`;

CREATE TABLE `post_counter` (
  `post_id` varchar(25) NOT NULL,
  `tanggal` datetime NOT NULL,
  `counter` bigint(20) NOT NULL DEFAULT '0',
  PRIMARY KEY (`post_id`),
  KEY `post_id` (`post_id`)
) ENGINE=InnoDB DEFAULT CHARSET=latin1;

/*Data for the table `post_counter` */

/*Table structure for table `post_image` */

DROP TABLE IF EXISTS `post_image`;

CREATE TABLE `post_image` (
  `id` varchar(25) NOT NULL,
  `post_id` varchar(25) NOT NULL,
  `file_name` text,
  `image_alt` varchar(255) DEFAULT NULL,
  `image_caption` varchar(255) DEFAULT NULL,
  `file_location` text,
  `file_thumb` text,
  `file_original` text,
  `file_type` varchar(50) NOT NULL,
  `status_cover` tinyint(1) NOT NULL DEFAULT '0',
  `ctb` int(11) NOT NULL,
  `ctd` datetime NOT NULL,
  `mdb` int(11) NOT NULL,
  `mdd` datetime NOT NULL,
  PRIMARY KEY (`id`),
  KEY `post_id` (`post_id`),
  CONSTRAINT `post_image_ibfk_1` FOREIGN KEY (`post_id`) REFERENCES `post` (`id`) ON DELETE CASCADE ON UPDATE CASCADE
) ENGINE=InnoDB DEFAULT CHARSET=latin1;

/*Data for the table `post_image` */

insert  into `post_image`(`id`,`post_id`,`file_name`,`image_alt`,`image_caption`,`file_location`,`file_thumb`,`file_original`,`file_type`,`status_cover`,`ctb`,`ctd`,`mdb`,`mdd`) values 
('2002065E3BB8BE547C2Y48A5','2002065E3BB8BE00E81','',NULL,NULL,'userfiles/post/','thumb_5e3bb8be290e0.jpg','5e3bb8be290e0.jpg','image',0,1,'2020-02-06 13:57:02',1,'2020-02-06 13:57:02'),
('2002065E3BB8F3BAAA2IWYTX','2002065E3BB8F3645AD','',NULL,NULL,'userfiles/post/','thumb_5e3bb8f39c9b7.jpg','5e3bb8f39c9b7.jpg','image',0,1,'2020-02-06 13:57:55',1,'2020-02-06 13:57:55'),
('2002065E3BB9CDD1C37TI972','2002065E3BB9CDAAA91','',NULL,NULL,'userfiles/post/','thumb_5e3bb9cdc1204.jpg','5e3bb9cdc1204.jpg','image',0,1,'2020-02-06 14:01:33',1,'2020-02-06 14:01:33'),
('2002065E3BBA0914157D5DNZ','2002065E3BBA08D6ECA','',NULL,NULL,'userfiles/post/','thumb_5e3bba0901f7b.jpg','5e3bba0901f7b.jpg','image',0,1,'2020-02-06 14:02:33',1,'2020-02-06 14:02:33'),
('2002065E3BBA1E9A1DEKVFTO','2002065E3BBA1E794A9','',NULL,NULL,'userfiles/post/','thumb_5e3bba1e89c96.jpg','5e3bba1e89c96.jpg','image',0,1,'2020-02-06 14:02:54',1,'2020-02-06 14:02:54'),
('2002065E3BBA35F1447ODZEP','2002065E3BBA35B82F7','',NULL,NULL,'userfiles/post/','thumb_5e3bba35dfce6.jpg','5e3bba35dfce6.jpg','image',0,1,'2020-02-06 14:03:17',1,'2020-02-06 14:03:17'),
('2002065E3BBAF78D11DZSNN5','2002065E3BBAF75C7DE','',NULL,NULL,'userfiles/post/','thumb_5e3bbaf76dc8c.jpg','5e3bbaf76dc8c.jpg','image',0,1,'2020-02-06 14:06:31',1,'2020-02-06 14:06:31'),
('2002065E3BC81B03ED3KK589','2002065E3BC81ACE28D','',NULL,NULL,'userfiles/post/','thumb_5e3bc81addd40.jpg','5e3bc81addd40.jpg','image',0,1,'2020-02-06 15:02:35',1,'2020-02-06 15:02:35'),
('2002065E3BC9B26E406I2MY9','2002065E3BC9B255770','',NULL,NULL,'userfiles/post/','thumb_5e3bc9b2659d6.png','5e3bc9b2659d6.png','image',0,1,'2020-02-06 15:09:22',1,'2020-02-06 15:09:22'),
('2002065E3BC9C18F848M3R5J','2002065E3BC9C155242','',NULL,NULL,'userfiles/post/','thumb_5e3bc9c17b753.png','5e3bc9c17b753.png','image',0,1,'2020-02-06 15:09:37',1,'2020-02-06 15:09:37'),
('2002065E3BC9CB15575QJ4GZ','2002065E3BC9CB051B4','',NULL,NULL,'userfiles/post/','thumb_5e3bc9cb103b4.png','5e3bc9cb103b4.png','image',0,1,'2020-02-06 15:09:47',1,'2020-02-06 15:09:47'),
('2002065E3BC9DCB47B9AGRRX','2002065E3BC9DC93DD9','',NULL,NULL,'userfiles/post/','thumb_5e3bc9dca28ee.png','5e3bc9dca28ee.png','image',0,1,'2020-02-06 15:10:04',1,'2020-02-06 15:10:04'),
('2002065E3BCAB6DBD845NYBM','2002065E3BCAB6A272E','',NULL,NULL,'userfiles/post/','thumb_5e3bcab6c65af.jpg','5e3bcab6c65af.jpg','image',0,1,'2020-02-06 15:13:42',1,'2020-02-06 15:13:42'),
('2002065E3BCAC9A50B8G2W7B','2002065E3BCAC985E58','',NULL,NULL,'userfiles/post/','thumb_5e3bcac993dc7.jpg','5e3bcac993dc7.jpg','image',0,1,'2020-02-06 15:14:01',1,'2020-02-06 15:14:01'),
('2002065E3BCD2FB5CA6RVCE3','2002065E3BCD2F95F26','',NULL,NULL,'userfiles/post/','thumb_5e3bcd2fa54cf.jpg','5e3bcd2fa54cf.jpg','image',0,1,'2020-02-06 15:24:15',1,'2020-02-06 15:24:15'),
('2002065E3BDA12CEB7DX5WF3','2002065E3BDA1294E27','',NULL,NULL,'userfiles/post/','thumb_5e3bda12a9c44.jpg','5e3bda12a9c44.jpg','image',0,1,'2020-02-06 16:19:14',1,'2020-02-06 16:19:14'),
('2002075E3CE49D3A69F83IZV','2002075E3CE49D1D2C9','',NULL,NULL,'userfiles/post/','thumb_5e3ce49d2f434.jpg','5e3ce49d2f434.jpg','image',0,1,'2020-02-07 11:16:29',1,'2020-02-07 11:16:29'),
('2002075E3CE7B3BE3FFQAIVF','2002075E3CE7B39F028','',NULL,NULL,'userfiles/post/','thumb_5e3ce7b3b4c96.jpg','5e3ce7b3b4c96.jpg','image',0,1,'2020-02-07 11:29:39',1,'2020-02-07 11:29:39'),
('2002105E4127666A985M90DY','2002105E4127662C3E5','',NULL,NULL,'userfiles/post/','thumb_5e41276652c06.jpg','5e41276652c06.jpg','image',0,1,'2020-02-10 16:50:30',1,'2020-02-10 16:50:30'),
('2002105E4127666A9ED3VM4R','2002105E4127662C3E5','',NULL,NULL,'userfiles/post/','thumb_5e41276659cf0.jpg','5e41276659cf0.jpg','image',0,1,'2020-02-10 16:50:30',1,'2020-02-10 16:50:30');

/*Table structure for table `post_lang` */

DROP TABLE IF EXISTS `post_lang`;

CREATE TABLE `post_lang` (
  `id` varchar(25) NOT NULL,
  `post_id` varchar(25) NOT NULL,
  `acs_lang_id` varchar(25) NOT NULL,
  `title` varchar(255) NOT NULL,
  `slug` varchar(255) NOT NULL,
  `title_sub` text,
  `short_description` text,
  `description` text,
  `note` text,
  `ctb` int(11) NOT NULL,
  `ctd` datetime NOT NULL,
  `mdb` int(11) NOT NULL,
  `mdd` datetime NOT NULL,
  PRIMARY KEY (`id`),
  KEY `post_kt_id` (`post_id`),
  KEY `sys_lang_id` (`acs_lang_id`),
  CONSTRAINT `post_lang_ibfk_1` FOREIGN KEY (`acs_lang_id`) REFERENCES `acs_lang` (`id`) ON DELETE CASCADE ON UPDATE CASCADE,
  CONSTRAINT `post_lang_ibfk_2` FOREIGN KEY (`post_id`) REFERENCES `post` (`id`) ON DELETE CASCADE ON UPDATE CASCADE
) ENGINE=InnoDB DEFAULT CHARSET=latin1;

/*Data for the table `post_lang` */

insert  into `post_lang`(`id`,`post_id`,`acs_lang_id`,`title`,`slug`,`title_sub`,`short_description`,`description`,`note`,`ctb`,`ctd`,`mdb`,`mdd`) values 
('2002065E3BB8BE07D67','2002065E3BB8BE00E81','LGEN','See Asian Beauty in a Different light','see-asian-beauty-in-a-different-light','DIscover','https://google.com','Introducing SADA by Cathy Sharon','',6,'2020-02-06 13:57:02',1,'2020-02-06 13:57:02'),
('2002065E3BB8BE07E01','2002065E3BB8BE00E81','LGID','See Asian Beauty in a Different light','see-asian-beauty-in-a-different-light','DIscover','https://google.com','Introducing SADA by Cathy Sharon','',6,'2020-02-06 13:57:02',1,'2020-02-06 13:57:02'),
('2002065E3BB8F3692DA','2002065E3BB8F3645AD','LGEN','Formulated Specifically for Asian Weather','formulated-specifically-for-asian-weather','Learn More','https://google.com','','',6,'2020-02-06 13:57:55',1,'2020-02-06 13:57:55'),
('2002065E3BB8F3693DF','2002065E3BB8F3645AD','LGID','Formulated Specifically for Asian Weather','formulated-specifically-for-asian-weather','Learn More','https://google.com','','',6,'2020-02-06 13:57:55',1,'2020-02-06 13:57:55'),
('2002065E3BB9CDB02CA','2002065E3BB9CDAAA91','LGEN','Sada Product','sada-product','Discover','https://google.com','','',6,'2020-02-06 14:01:33',1,'2020-02-06 14:01:33'),
('2002065E3BB9CDB03AA','2002065E3BB9CDAAA91','LGID','Sada Product','sada-product','Discover','https://google.com','','',6,'2020-02-06 14:01:33',1,'2020-02-06 14:01:33'),
('2002065E3BBA08DACF2','2002065E3BBA08D6ECA','LGEN','Sada Make Up','sada-make-up','DIscover','https://google.com','','',6,'2020-02-06 14:02:32',1,'2020-02-06 14:02:32'),
('2002065E3BBA08DAD97','2002065E3BBA08D6ECA','LGID','Sada Make Up','sada-make-up','DIscover','https://google.com','','',6,'2020-02-06 14:02:32',1,'2020-02-06 14:02:32'),
('2002065E3BBA1E7CC6C','2002065E3BBA1E794A9','LGEN','Sada Sale','sada-sale','DIscover','https://google.com','','',6,'2020-02-06 14:02:54',1,'2020-02-06 14:02:54'),
('2002065E3BBA1E7CD67','2002065E3BBA1E794A9','LGID','Sada Sale','sada-sale','DIscover','https://google.com','','',6,'2020-02-06 14:02:54',1,'2020-02-06 14:02:54'),
('2002065E3BBA35BBE50','2002065E3BBA35B82F7','LGEN','Sada','sada','Discover','https://google.com','','',6,'2020-02-06 14:03:17',1,'2020-02-06 14:03:17'),
('2002065E3BBA35BBEF1','2002065E3BBA35B82F7','LGID','Sada','sada','Discover','https://google.com','','',6,'2020-02-06 14:03:17',1,'2020-02-06 14:03:17'),
('2002065E3BBAF75EF82','2002065E3BBAF75C7DE','LGEN','About Us','about-us','','','','',6,'2020-02-06 14:06:31',1,'2020-02-06 14:06:31'),
('2002065E3BBAF75F071','2002065E3BBAF75C7DE','LGID','About Us','about-us','','','','',6,'2020-02-06 14:06:31',1,'2020-02-06 14:06:31'),
('2002065E3BBBA32314A','2002065E3BBBA31F94E','LGEN','HELLO PRETTY!','hello-pretty','WOMEN CAN BE ANYTHING, JUST WITH A BIT OF CONFIDENCE','https://www.youtube.com/watch?v=_32kvI3IgrI','HELLO PRETTY!','<p>Lorem ipsum dolor sit amet, consectetur adipisicing elit, sed do eiusmod tempor incididunt ut labore et dolore magna aliqua. Ut enim ad minim veniam, quis nostrud exercitation ullamco laboris nisi ut aliquip ex ea commodo consequat. Duis aute irure dolor in reprehenderit in voluptate velit esse cillum dolore eu fugiat nulla pariatur. Excepteur sint occaecat cupidatat non proident, sunt in culpa qui officia deserunt mollit anim id est laborum.</p>\r\n\r\n<p>Lorem ipsum dolor sit amet, consectetur adipisicing elit, sed do eiusmod tempor incididunt ut labore et dolore magna aliqua. Ut enim ad minim veniam, quis nostrud exercitation ullamco laboris nisi ut aliquip ex ea commodo consequat. Duis aute irure dolor in reprehenderit in voluptate velit esse cillum dolore eu fugiat nulla pariatur. Excepteur sint occaecat cupidatat non proident, sunt in culpa qui officia deserunt mollit anim id est laborum.</p>\r\n\r\n<p>Lorem ipsum dolor sit amet, consectetur adipisicing elit, sed do eiusmod tempor incididunt ut labore et dolore magna aliqua. Ut enim ad minim veniam, quis nostrud exercitation ullamco laboris nisi ut aliquip ex ea commodo consequat. Duis aute irure dolor in reprehenderit in voluptate velit esse cillum dolore eu fugiat nulla pariatur. Excepteur sint occaecat cupidatat non proident, sunt in culpa qui officia deserunt mollit anim id est laborum.</p>\r\n\r\n<p>Lorem ipsum dolor sit amet, consectetur adipisicing elit, sed do eiusmod tempor incididunt ut labore et dolore magna aliqua. Ut enim ad minim veniam, quis nostrud exercitation ullamco laboris nisi ut aliquip ex ea commodo consequat. Duis aute irure dolor in reprehenderit in voluptate velit esse cillum dolore eu fugiat nulla pariatur. Excepteur sint occaecat cupidatat non proident, sunt in culpa qui officia deserunt mollit anim id est laborum.</p>\r\n\r\n<p>Lorem ipsum dolor sit amet, consectetur adipisicing elit, sed do eiusmod tempor incididunt ut labore et dolore magna aliqua. Ut enim ad minim veniam, quis nostrud exercitation ullamco laboris nisi ut aliquip ex ea commodo consequat. Duis aute irure dolor in reprehenderit in voluptate velit esse cillum dolore eu fugiat nulla pariatur. Excepteur sint occaecat cupidatat non proident, sunt in culpa qui officia deserunt mollit anim id est laborum.</p>\r\n\r\n<p>Lorem ipsum dolor sit amet, consectetur adipisicing elit, sed do eiusmod tempor incididunt ut labore et dolore magna aliqua. Ut enim ad minim veniam, quis nostrud exercitation ullamco laboris nisi ut aliquip ex ea commodo consequat. Duis aute irure dolor in reprehenderit in voluptate velit esse cillum dolore eu fugiat nulla pariatur. Excepteur sint occaecat cupidatat non proident, sunt in culpa qui officia deserunt mollit anim id est laborum.</p>\r\n\r\n<p>Break barriers,&nbsp;<strong>SEE ASIAN BEAUTY IN A DIFFERENT LIGHT.</strong></p>\r\n',6,'2020-02-06 14:09:23',1,'2020-02-06 14:58:56'),
('2002065E3BBBA32328A','2002065E3BBBA31F94E','LGID','HELLO PRETTY!','hello-pretty','WOMEN CAN BE ANYTHING, JUST WITH A BIT OF CONFIDENCE','https://www.youtube.com/watch?v=_32kvI3IgrI','HELLO PRETTY!','<p>Lorem ipsum dolor sit amet, consectetur adipisicing elit, sed do eiusmod tempor incididunt ut labore et dolore magna aliqua. Ut enim ad minim veniam, quis nostrud exercitation ullamco laboris nisi ut aliquip ex ea commodo consequat. Duis aute irure dolor in reprehenderit in voluptate velit esse cillum dolore eu fugiat nulla pariatur. Excepteur sint occaecat cupidatat non proident, sunt in culpa qui officia deserunt mollit anim id est laborum.</p>\r\n\r\n<p>Lorem ipsum dolor sit amet, consectetur adipisicing elit, sed do eiusmod tempor incididunt ut labore et dolore magna aliqua. Ut enim ad minim veniam, quis nostrud exercitation ullamco laboris nisi ut aliquip ex ea commodo consequat. Duis aute irure dolor in reprehenderit in voluptate velit esse cillum dolore eu fugiat nulla pariatur. Excepteur sint occaecat cupidatat non proident, sunt in culpa qui officia deserunt mollit anim id est laborum.</p>\r\n\r\n<p>Lorem ipsum dolor sit amet, consectetur adipisicing elit, sed do eiusmod tempor incididunt ut labore et dolore magna aliqua. Ut enim ad minim veniam, quis nostrud exercitation ullamco laboris nisi ut aliquip ex ea commodo consequat. Duis aute irure dolor in reprehenderit in voluptate velit esse cillum dolore eu fugiat nulla pariatur. Excepteur sint occaecat cupidatat non proident, sunt in culpa qui officia deserunt mollit anim id est laborum.</p>\r\n\r\n<p>Lorem ipsum dolor sit amet, consectetur adipisicing elit, sed do eiusmod tempor incididunt ut labore et dolore magna aliqua. Ut enim ad minim veniam, quis nostrud exercitation ullamco laboris nisi ut aliquip ex ea commodo consequat. Duis aute irure dolor in reprehenderit in voluptate velit esse cillum dolore eu fugiat nulla pariatur. Excepteur sint occaecat cupidatat non proident, sunt in culpa qui officia deserunt mollit anim id est laborum.</p>\r\n\r\n<p>Lorem ipsum dolor sit amet, consectetur adipisicing elit, sed do eiusmod tempor incididunt ut labore et dolore magna aliqua. Ut enim ad minim veniam, quis nostrud exercitation ullamco laboris nisi ut aliquip ex ea commodo consequat. Duis aute irure dolor in reprehenderit in voluptate velit esse cillum dolore eu fugiat nulla pariatur. Excepteur sint occaecat cupidatat non proident, sunt in culpa qui officia deserunt mollit anim id est laborum.</p>\r\n\r\n<p>Lorem ipsum dolor sit amet, consectetur adipisicing elit, sed do eiusmod tempor incididunt ut labore et dolore magna aliqua. Ut enim ad minim veniam, quis nostrud exercitation ullamco laboris nisi ut aliquip ex ea commodo consequat. Duis aute irure dolor in reprehenderit in voluptate velit esse cillum dolore eu fugiat nulla pariatur. Excepteur sint occaecat cupidatat non proident, sunt in culpa qui officia deserunt mollit anim id est laborum.</p>\r\n\r\n<p>Break barriers,&nbsp;<strong>SEE ASIAN BEAUTY IN A DIFFERENT LIGHT.</strong></p>\r\n',6,'2020-02-06 14:09:23',1,'2020-02-06 14:58:56'),
('2002065E3BC81AD146D','2002065E3BC81ACE28D','LGEN','Our Formula','our-formula','','WOMEN CAN BE ANYTHING, JUST WITH A BIT OF CONFIDENCE','','',6,'2020-02-06 15:02:34',1,'2020-02-06 15:02:34'),
('2002065E3BC81AD155E','2002065E3BC81ACE28D','LGID','Our Formula','our-formula','','WOMEN CAN BE ANYTHING, JUST WITH A BIT OF CONFIDENCE','','',6,'2020-02-06 15:02:34',1,'2020-02-06 15:02:34'),
('2002065E3BC9B2598E0','2002065E3BC9B255770','LGEN','PARABEN FREE','paraben-free','','','','',6,'2020-02-06 15:09:22',1,'2020-02-06 15:09:22'),
('2002065E3BC9B259A1F','2002065E3BC9B255770','LGID','PARABEN FREE','paraben-free','','','','',6,'2020-02-06 15:09:22',1,'2020-02-06 15:09:22'),
('2002065E3BC9C1588F8','2002065E3BC9C155242','LGEN','CRUELTY FREE','cruelty-free','','','','',6,'2020-02-06 15:09:37',1,'2020-02-06 15:09:37'),
('2002065E3BC9C158984','2002065E3BC9C155242','LGID','CRUELTY FREE','cruelty-free','','','','',6,'2020-02-06 15:09:37',1,'2020-02-06 15:09:37'),
('2002065E3BC9CB08502','2002065E3BC9CB051B4','LGEN','HALAL','halal','','','','',6,'2020-02-06 15:09:47',1,'2020-02-06 15:09:47'),
('2002065E3BC9CB085D5','2002065E3BC9CB051B4','LGID','HALAL','halal','','','','',6,'2020-02-06 15:09:47',1,'2020-02-06 15:09:47'),
('2002065E3BC9DC975C6','2002065E3BC9DC93DD9','LGEN','FREE DELIVERY > 250K','free-delivery-250k','','','','',6,'2020-02-06 15:10:04',1,'2020-02-06 15:10:04'),
('2002065E3BC9DC97662','2002065E3BC9DC93DD9','LGID','FREE DELIVERY > 250K','free-delivery-250k','','','','',6,'2020-02-06 15:10:04',1,'2020-02-06 15:10:04'),
('2002065E3BCAB6A658F','2002065E3BCAB6A272E','LGEN','LOREM IPSUM DOLOR SIT AMET','lorem-ipsum-dolor-sit-amet','','','<p>Lorem ipsum dolor sit amet, consectetur adipisicing elit, sed do eiusmod tempor incididunt ut labore et dolore magna aliqua. Ut enim ad minim veniam, quis nostrud exercitation ullamco laboris nisi ut aliquip ex ea commodo consequat. Duis aute irure dolor in reprehenderit in voluptate velit esse cillum dolore eu fugiat nulla pariatur. Excepteur sint occaecat cupidatat non proident, sunt in culpa qui officia deserunt mollit anim id est laborum.</p>\r\n\r\n<p>Lorem ipsum dolor sit amet, consectetur adipisicing elit, sed do eiusmod tempor incididunt ut labore et dolore magna aliqua. Ut enim ad minim veniam, quis nostrud exercitation ullamco laboris nisi ut aliquip ex ea commodo consequat. Duis aute irure dolor in reprehenderit in voluptate velit esse cillum dolore eu fugiat nulla pariatur. Excepteur sint occaecat cupidatat non proident, sunt in culpa qui officia deserunt mollit anim id est laborum.</p>\r\n','',6,'2020-02-06 15:13:42',1,'2020-02-06 15:13:42'),
('2002065E3BCAB6A661B','2002065E3BCAB6A272E','LGID','LOREM IPSUM DOLOR SIT AMET','lorem-ipsum-dolor-sit-amet','','','<p>Lorem ipsum dolor sit amet, consectetur adipisicing elit, sed do eiusmod tempor incididunt ut labore et dolore magna aliqua. Ut enim ad minim veniam, quis nostrud exercitation ullamco laboris nisi ut aliquip ex ea commodo consequat. Duis aute irure dolor in reprehenderit in voluptate velit esse cillum dolore eu fugiat nulla pariatur. Excepteur sint occaecat cupidatat non proident, sunt in culpa qui officia deserunt mollit anim id est laborum.</p>\r\n\r\n<p>Lorem ipsum dolor sit amet, consectetur adipisicing elit, sed do eiusmod tempor incididunt ut labore et dolore magna aliqua. Ut enim ad minim veniam, quis nostrud exercitation ullamco laboris nisi ut aliquip ex ea commodo consequat. Duis aute irure dolor in reprehenderit in voluptate velit esse cillum dolore eu fugiat nulla pariatur. Excepteur sint occaecat cupidatat non proident, sunt in culpa qui officia deserunt mollit anim id est laborum.</p>\r\n','',6,'2020-02-06 15:13:42',1,'2020-02-06 15:13:42'),
('2002065E3BCAC988DFA','2002065E3BCAC985E58','LGEN','LOREM IPSUM DOLOR SIT AMET','lorem-ipsum-dolor-sit-amet','','','<p>Lorem ipsum dolor sit amet, consectetur adipisicing elit, sed do eiusmod tempor incididunt ut labore et dolore magna aliqua. Ut enim ad minim veniam, quis nostrud exercitation ullamco laboris nisi ut aliquip ex ea commodo consequat. Duis aute irure dolor in reprehenderit in voluptate velit esse cillum dolore eu fugiat nulla pariatur. Excepteur sint occaecat cupidatat non proident, sunt in culpa qui officia deserunt mollit anim id est laborum.</p>\r\n\r\n<p>Lorem ipsum dolor sit amet, consectetur adipisicing elit, sed do eiusmod tempor incididunt ut labore et dolore magna aliqua. Ut enim ad minim veniam, quis nostrud exercitation ullamco laboris nisi ut aliquip ex ea commodo consequat. Duis aute irure dolor in reprehenderit in voluptate velit esse cillum dolore eu fugiat nulla pariatur. Excepteur sint occaecat cupidatat non proident, sunt in culpa qui officia deserunt mollit anim id est laborum.</p>\r\n','',6,'2020-02-06 15:14:01',1,'2020-02-06 15:14:01'),
('2002065E3BCAC988E89','2002065E3BCAC985E58','LGID','LOREM IPSUM DOLOR SIT AMET','lorem-ipsum-dolor-sit-amet','','','<p>Lorem ipsum dolor sit amet, consectetur adipisicing elit, sed do eiusmod tempor incididunt ut labore et dolore magna aliqua. Ut enim ad minim veniam, quis nostrud exercitation ullamco laboris nisi ut aliquip ex ea commodo consequat. Duis aute irure dolor in reprehenderit in voluptate velit esse cillum dolore eu fugiat nulla pariatur. Excepteur sint occaecat cupidatat non proident, sunt in culpa qui officia deserunt mollit anim id est laborum.</p>\r\n\r\n<p>Lorem ipsum dolor sit amet, consectetur adipisicing elit, sed do eiusmod tempor incididunt ut labore et dolore magna aliqua. Ut enim ad minim veniam, quis nostrud exercitation ullamco laboris nisi ut aliquip ex ea commodo consequat. Duis aute irure dolor in reprehenderit in voluptate velit esse cillum dolore eu fugiat nulla pariatur. Excepteur sint occaecat cupidatat non proident, sunt in culpa qui officia deserunt mollit anim id est laborum.</p>\r\n','',6,'2020-02-06 15:14:01',1,'2020-02-06 15:14:01'),
('2002065E3BCB3243947','2002065E3BCB3240FEF','LGEN','BREAK BARRIERS,','break-barriers','','','<blockquote>\r\n<h3 style=\"text-align: center;\">CHALLENGING THE NOTION OF STEREOTYPICAL BEAUTY. SADA BY CATHY SHARON IS A BEAUTY BRAND WITH A MISSION: TO HIGHLIGHT ASIAN BEAUTY IN ALL ITS FORMS.</h3>\r\n\r\n<h3 style=\"text-align: center;\">BREAK BARRIERS,<br />\r\nAND SEE ASIAN BEAUTY&nbsp;<span style=\"color:#ffffcc\">IN A DIFFERENT LIGHT</span></h3>\r\n</blockquote>\r\n','',6,'2020-02-06 15:15:46',1,'2020-02-06 15:15:46'),
('2002065E3BCB32439D5','2002065E3BCB3240FEF','LGID','BREAK BARRIERS,','break-barriers','','','<blockquote>\r\n<h3 style=\"text-align: center;\">CHALLENGING THE NOTION OF STEREOTYPICAL BEAUTY. SADA BY CATHY SHARON IS A BEAUTY BRAND WITH A MISSION: TO HIGHLIGHT ASIAN BEAUTY IN ALL ITS FORMS.</h3>\r\n\r\n<h3 style=\"text-align: center;\">BREAK BARRIERS,<br />\r\nAND SEE ASIAN BEAUTY&nbsp;<span style=\"color:#ffffcc\">IN A DIFFERENT LIGHT</span></h3>\r\n</blockquote>\r\n','',6,'2020-02-06 15:15:46',1,'2020-02-06 15:15:46'),
('2002065E3BCB6D8451C','2002065E3BCB6D8128E','LGEN','Beauty Advisor','beauty-advisor','career@sada.com','<p>Anim pariatur cliche reprehenderit, enim eiusmod high life accusamus terry richardson ad squid. 3 wolf moon officia aute, non cupidatat skateboard dolor brunch. Food truck quinoa nesciunt laborum eiusmod:</p>\r\n\r\n<ul>\r\n	<li>non cupidatat skateboard dolor brunch</li>\r\n	<li>Food truck quinoa nesciunt laborum eiusmod</li>\r\n	<li>non cupidatat skateboard dolor brunch</li>\r\n	<li>Food truck quinoa nesciunt laborum eiusmod</li>\r\n</ul>\r\n','','',6,'2020-02-06 15:16:45',1,'2020-02-06 15:16:45'),
('2002065E3BCB6D8460F','2002065E3BCB6D8128E','LGID','Beauty Advisor','beauty-advisor','career@sada.com','<p>Anim pariatur cliche reprehenderit, enim eiusmod high life accusamus terry richardson ad squid. 3 wolf moon officia aute, non cupidatat skateboard dolor brunch. Food truck quinoa nesciunt laborum eiusmod:</p>\r\n\r\n<ul>\r\n	<li>non cupidatat skateboard dolor brunch</li>\r\n	<li>Food truck quinoa nesciunt laborum eiusmod</li>\r\n	<li>non cupidatat skateboard dolor brunch</li>\r\n	<li>Food truck quinoa nesciunt laborum eiusmod</li>\r\n</ul>\r\n','','',6,'2020-02-06 15:16:45',1,'2020-02-06 15:16:45'),
('2002065E3BCB8775896','2002065E3BCB87718B8','LGEN','Team Leader','team-leader','sada@career.com','<p>Anim pariatur cliche reprehenderit, enim eiusmod high life accusamus terry richardson ad squid. 3 wolf moon officia aute, non cupidatat skateboard dolor brunch. Enim eiusmod high life accusamus terry richardson ad squid. Food truck quinoa nesciunt laborum eiusmod:</p>\r\n\r\n<ul>\r\n	<li>non cupidatat skateboard dolor brunch</li>\r\n	<li>Food truck quinoa nesciunt laborum eiusmod</li>\r\n</ul>\r\n','','',6,'2020-02-06 15:17:11',1,'2020-02-06 15:17:11'),
('2002065E3BCB8775921','2002065E3BCB87718B8','LGID','Team Leader','team-leader','sada@career.com','<p>Anim pariatur cliche reprehenderit, enim eiusmod high life accusamus terry richardson ad squid. 3 wolf moon officia aute, non cupidatat skateboard dolor brunch. Enim eiusmod high life accusamus terry richardson ad squid. Food truck quinoa nesciunt laborum eiusmod:</p>\r\n\r\n<ul>\r\n	<li>non cupidatat skateboard dolor brunch</li>\r\n	<li>Food truck quinoa nesciunt laborum eiusmod</li>\r\n</ul>\r\n','','',6,'2020-02-06 15:17:11',1,'2020-02-06 15:17:11'),
('2002065E3BCB9C1BD34','2002065E3BCB9C199F5','LGEN','Careers','careers','','LOREM IPSUM DOLOR SIT AMET, CONSECTETUR ADIPISICING ELIT','','',6,'2020-02-06 15:17:32',1,'2020-02-06 15:17:32'),
('2002065E3BCB9C1BE34','2002065E3BCB9C199F5','LGID','Careers','careers','','LOREM IPSUM DOLOR SIT AMET, CONSECTETUR ADIPISICING ELIT','','',6,'2020-02-06 15:17:32',1,'2020-02-06 15:17:32'),
('2002065E3BCC32ABB53','2002065E3BCC32A9576','LGEN','Anim pariatur cliche reprehenderit ?','anim-pariatur-cliche-reprehenderit','','<p>Anim pariatur cliche reprehenderit, enim eiusmod high life accusamus terry richardson ad squid. 3 wolf moon officia aute, non cupidatat skateboard dolor brunch. Food truck quinoa nesciunt laborum eiusmod. Brunch 3 wolf moon tempor, sunt aliqua put a bird on it squid single-origin coffee nulla assumenda shoreditch et. Nihil anim keffiyeh helvetica, craft beer labore wes anderson cred nesciunt sapiente ea proident. Ad vegan excepteur butcher vice lomo. Leggings occaecat craft beer farm-to-table, raw denim aesthetic synth nesciunt you probably haven&#39;t heard of them accusamus labore sustainable VHS.</p>\r\n','','',6,'2020-02-06 15:20:02',1,'2020-02-06 15:20:10'),
('2002065E3BCC32ABBE2','2002065E3BCC32A9576','LGID','Anim pariatur cliche reprehenderit ?','anim-pariatur-cliche-reprehenderit','','<p>Anim pariatur cliche reprehenderit, enim eiusmod high life accusamus terry richardson ad squid. 3 wolf moon officia aute, non cupidatat skateboard dolor brunch. Food truck quinoa nesciunt laborum eiusmod. Brunch 3 wolf moon tempor, sunt aliqua put a bird on it squid single-origin coffee nulla assumenda shoreditch et. Nihil anim keffiyeh helvetica, craft beer labore wes anderson cred nesciunt sapiente ea proident. Ad vegan excepteur butcher vice lomo. Leggings occaecat craft beer farm-to-table, raw denim aesthetic synth nesciunt you probably haven&#39;t heard of them accusamus labore sustainable VHS.</p>\r\n','','',6,'2020-02-06 15:20:02',1,'2020-02-06 15:20:10'),
('2002065E3BCC4B9DE54','2002065E3BCC4B9B2A3','LGEN','How to Orders','how-to-orders','','<p>Potenti vivamus proin? Bibendum, voluptate eget facilisis aut, fames, autem auctor tellus luctus, hac, mus nibh? Ipsa amet inventore sint! Quidem velit, tenetur quaerat! Sollicitudin torquent eligendi eros eiusmod habitant esse lacus officiis consequatur voluptas, vitae? Perferendis volutpat lorem, ratione, ullamcorper sociis? Primis taciti! Fringilla? Nisi modi aperiam adipiscing aut.</p>\r\n\r\n<p>Class consequuntur occaecat provident odit. Ipsa iure vel dictum et magnam cupiditate? Mauris distinctio commodi, inceptos mollis possimus curae rem, facere unde eu expedita minus. Fermentum viverra sequi. Rutrum ipsam libero cursus dictum hac anim hac. Fames rhoncus vero luctus, eos blandit atque quidem porta! Proident parturient sagittis, eum! Corporis.</p>\r\n','','',6,'2020-02-06 15:20:27',1,'2020-02-06 15:20:27'),
('2002065E3BCC4B9DEE0','2002065E3BCC4B9B2A3','LGID','How to Orders','how-to-orders','','<p>Potenti vivamus proin? Bibendum, voluptate eget facilisis aut, fames, autem auctor tellus luctus, hac, mus nibh? Ipsa amet inventore sint! Quidem velit, tenetur quaerat! Sollicitudin torquent eligendi eros eiusmod habitant esse lacus officiis consequatur voluptas, vitae? Perferendis volutpat lorem, ratione, ullamcorper sociis? Primis taciti! Fringilla? Nisi modi aperiam adipiscing aut.</p>\r\n\r\n<p>Class consequuntur occaecat provident odit. Ipsa iure vel dictum et magnam cupiditate? Mauris distinctio commodi, inceptos mollis possimus curae rem, facere unde eu expedita minus. Fermentum viverra sequi. Rutrum ipsam libero cursus dictum hac anim hac. Fames rhoncus vero luctus, eos blandit atque quidem porta! Proident parturient sagittis, eum! Corporis.</p>\r\n','','',6,'2020-02-06 15:20:27',1,'2020-02-06 15:20:27'),
('2002065E3BCCABAD22F','2002065E3BCCABAA62D','LGEN','FAQ','faq','','','','',6,'2020-02-06 15:22:03',1,'2020-02-06 15:22:03'),
('2002065E3BCCABAD2F6','2002065E3BCCABAA62D','LGID','FAQ','faq','','','','',6,'2020-02-06 15:22:03',1,'2020-02-06 15:22:03'),
('2002065E3BCD2F98E74','2002065E3BCD2F95F26','LGEN','Contact Us','contact-us','','WOMEN CAN BE ANYTHING, JUST WITH A BIT CONFIDENCE','<p>For questions about your order, please contact us at 021-789456<br />\r\nIf you have other comments, concerns or suggestions, please feel free to share them by filling out the form below.</p>\r\n','',6,'2020-02-06 15:24:15',1,'2020-02-06 15:24:15'),
('2002065E3BCD2F98F19','2002065E3BCD2F95F26','LGID','Contact Us','contact-us','','WOMEN CAN BE ANYTHING, JUST WITH A BIT CONFIDENCE','<p>For questions about your order, please contact us at 021-789456<br />\r\nIf you have other comments, concerns or suggestions, please feel free to share them by filling out the form below.</p>\r\n','',6,'2020-02-06 15:24:15',1,'2020-02-06 15:24:15'),
('2002065E3BCD613D755','2002065E3BCD613A10D','LGEN','Terms and Conditions','terms-and-conditions','','','<p>Lorem ipsum dolor sit amet, consectetur adipisicing elit, sed do eiusmod tempor incididunt ut labore et dolore magna aliqua. Ut enim ad minim veniam, quis nostrud exercitation ullamco laboris nisi ut aliquip ex ea commodo consequat. Duis aute irure dolor in reprehenderit in voluptate velit esse cillum dolore eu fugiat nulla pariatur. Excepteur sint occaecat cupidatat non proident, sunt in culpa qui officia deserunt mollit anim id est laborum.</p>\r\n\r\n<p>Lorem ipsum dolor sit amet, consectetur adipisicing elit, sed do eiusmod tempor incididunt ut labore et dolore magna aliqua. Ut enim ad minim veniam, quis nostrud exercitation ullamco laboris nisi ut aliquip ex ea commodo consequat. Duis aute irure dolor in reprehenderit in voluptate velit esse cillum dolore eu fugiat nulla pariatur. Excepteur sint occaecat cupidatat non proident, sunt in culpa qui officia deserunt mollit anim id est laborum.</p>\r\n\r\n<p>Lorem ipsum dolor sit amet, consectetur adipisicing elit, sed do eiusmod tempor incididunt ut labore et dolore magna aliqua. Ut enim ad minim veniam, quis nostrud exercitation ullamco laboris nisi ut aliquip ex ea commodo consequat. Duis aute irure dolor in reprehenderit in voluptate velit esse cillum dolore eu fugiat nulla pariatur. Excepteur sint occaecat cupidatat non proident, sunt in culpa qui officia deserunt mollit anim id est laborum.</p>\r\n\r\n<p>Lorem ipsum dolor sit amet, consectetur adipisicing elit, sed do eiusmod tempor incididunt ut labore et dolore magna aliqua. Ut enim ad minim veniam, quis nostrud exercitation ullamco laboris nisi ut aliquip ex ea commodo consequat. Duis aute irure dolor in reprehenderit in voluptate velit esse cillum dolore eu fugiat nulla pariatur. Excepteur sint occaecat cupidatat non proident, sunt in culpa qui officia deserunt mollit anim id est laborum.</p>\r\n\r\n<p>Lorem ipsum dolor sit amet, consectetur adipisicing elit, sed do eiusmod tempor incididunt ut labore et dolore magna aliqua. Ut enim ad minim veniam, quis nostrud exercitation ullamco laboris nisi ut aliquip ex ea commodo consequat. Duis aute irure dolor in reprehenderit in voluptate velit esse cillum dolore eu fugiat nulla pariatur. Excepteur sint occaecat cupidatat non proident, sunt in culpa qui officia deserunt mollit anim id est laborum.</p>\r\n\r\n<p>Lorem ipsum dolor sit amet, consectetur adipisicing elit, sed do eiusmod tempor incididunt ut labore et dolore magna aliqua. Ut enim ad minim veniam, quis nostrud exercitation ullamco laboris nisi ut aliquip ex ea commodo consequat. Duis aute irure dolor in reprehenderit in voluptate velit esse cillum dolore eu fugiat nulla pariatur. Excepteur sint occaecat cupidatat non proident, sunt in culpa qui officia deserunt mollit anim id est laborum.</p>\r\n','',6,'2020-02-06 15:25:05',1,'2020-02-06 15:25:05'),
('2002065E3BCD613D847','2002065E3BCD613A10D','LGID','Terms and Conditions','terms-and-conditions','','','<p>Lorem ipsum dolor sit amet, consectetur adipisicing elit, sed do eiusmod tempor incididunt ut labore et dolore magna aliqua. Ut enim ad minim veniam, quis nostrud exercitation ullamco laboris nisi ut aliquip ex ea commodo consequat. Duis aute irure dolor in reprehenderit in voluptate velit esse cillum dolore eu fugiat nulla pariatur. Excepteur sint occaecat cupidatat non proident, sunt in culpa qui officia deserunt mollit anim id est laborum.</p>\r\n\r\n<p>Lorem ipsum dolor sit amet, consectetur adipisicing elit, sed do eiusmod tempor incididunt ut labore et dolore magna aliqua. Ut enim ad minim veniam, quis nostrud exercitation ullamco laboris nisi ut aliquip ex ea commodo consequat. Duis aute irure dolor in reprehenderit in voluptate velit esse cillum dolore eu fugiat nulla pariatur. Excepteur sint occaecat cupidatat non proident, sunt in culpa qui officia deserunt mollit anim id est laborum.</p>\r\n\r\n<p>Lorem ipsum dolor sit amet, consectetur adipisicing elit, sed do eiusmod tempor incididunt ut labore et dolore magna aliqua. Ut enim ad minim veniam, quis nostrud exercitation ullamco laboris nisi ut aliquip ex ea commodo consequat. Duis aute irure dolor in reprehenderit in voluptate velit esse cillum dolore eu fugiat nulla pariatur. Excepteur sint occaecat cupidatat non proident, sunt in culpa qui officia deserunt mollit anim id est laborum.</p>\r\n\r\n<p>Lorem ipsum dolor sit amet, consectetur adipisicing elit, sed do eiusmod tempor incididunt ut labore et dolore magna aliqua. Ut enim ad minim veniam, quis nostrud exercitation ullamco laboris nisi ut aliquip ex ea commodo consequat. Duis aute irure dolor in reprehenderit in voluptate velit esse cillum dolore eu fugiat nulla pariatur. Excepteur sint occaecat cupidatat non proident, sunt in culpa qui officia deserunt mollit anim id est laborum.</p>\r\n\r\n<p>Lorem ipsum dolor sit amet, consectetur adipisicing elit, sed do eiusmod tempor incididunt ut labore et dolore magna aliqua. Ut enim ad minim veniam, quis nostrud exercitation ullamco laboris nisi ut aliquip ex ea commodo consequat. Duis aute irure dolor in reprehenderit in voluptate velit esse cillum dolore eu fugiat nulla pariatur. Excepteur sint occaecat cupidatat non proident, sunt in culpa qui officia deserunt mollit anim id est laborum.</p>\r\n\r\n<p>Lorem ipsum dolor sit amet, consectetur adipisicing elit, sed do eiusmod tempor incididunt ut labore et dolore magna aliqua. Ut enim ad minim veniam, quis nostrud exercitation ullamco laboris nisi ut aliquip ex ea commodo consequat. Duis aute irure dolor in reprehenderit in voluptate velit esse cillum dolore eu fugiat nulla pariatur. Excepteur sint occaecat cupidatat non proident, sunt in culpa qui officia deserunt mollit anim id est laborum.</p>\r\n','',6,'2020-02-06 15:25:05',1,'2020-02-06 15:25:05'),
('2002065E3BCD7BB0B3D','2002065E3BCD7BAD505','LGEN','Privacy Policy','privacy-policy','','','<p>Lorem ipsum dolor sit amet, consectetur adipisicing elit, sed do eiusmod tempor incididunt ut labore et dolore magna aliqua. Ut enim ad minim veniam, quis nostrud exercitation ullamco laboris nisi ut aliquip ex ea commodo consequat. Duis aute irure dolor in reprehenderit in voluptate velit esse cillum dolore eu fugiat nulla pariatur. Excepteur sint occaecat cupidatat non proident, sunt in culpa qui officia deserunt mollit anim id est laborum.</p>\r\n\r\n<p>Lorem ipsum dolor sit amet, consectetur adipisicing elit, sed do eiusmod tempor incididunt ut labore et dolore magna aliqua. Ut enim ad minim veniam, quis nostrud exercitation ullamco laboris nisi ut aliquip ex ea commodo consequat. Duis aute irure dolor in reprehenderit in voluptate velit esse cillum dolore eu fugiat nulla pariatur. Excepteur sint occaecat cupidatat non proident, sunt in culpa qui officia deserunt mollit anim id est laborum.</p>\r\n\r\n<p>Lorem ipsum dolor sit amet, consectetur adipisicing elit, sed do eiusmod tempor incididunt ut labore et dolore magna aliqua. Ut enim ad minim veniam, quis nostrud exercitation ullamco laboris nisi ut aliquip ex ea commodo consequat. Duis aute irure dolor in reprehenderit in voluptate velit esse cillum dolore eu fugiat nulla pariatur. Excepteur sint occaecat cupidatat non proident, sunt in culpa qui officia deserunt mollit anim id est laborum.</p>\r\n\r\n<p>Lorem ipsum dolor sit amet, consectetur adipisicing elit, sed do eiusmod tempor incididunt ut labore et dolore magna aliqua. Ut enim ad minim veniam, quis nostrud exercitation ullamco laboris nisi ut aliquip ex ea commodo consequat. Duis aute irure dolor in reprehenderit in voluptate velit esse cillum dolore eu fugiat nulla pariatur. Excepteur sint occaecat cupidatat non proident, sunt in culpa qui officia deserunt mollit anim id est laborum.</p>\r\n\r\n<p>Lorem ipsum dolor sit amet, consectetur adipisicing elit, sed do eiusmod tempor incididunt ut labore et dolore magna aliqua. Ut enim ad minim veniam, quis nostrud exercitation ullamco laboris nisi ut aliquip ex ea commodo consequat. Duis aute irure dolor in reprehenderit in voluptate velit esse cillum dolore eu fugiat nulla pariatur. Excepteur sint occaecat cupidatat non proident, sunt in culpa qui officia deserunt mollit anim id est laborum.</p>\r\n\r\n<p>Lorem ipsum dolor sit amet, consectetur adipisicing elit, sed do eiusmod tempor incididunt ut labore et dolore magna aliqua. Ut enim ad minim veniam, quis nostrud exercitation ullamco laboris nisi ut aliquip ex ea commodo consequat. Duis aute irure dolor in reprehenderit in voluptate velit esse cillum dolore eu fugiat nulla pariatur. Excepteur sint occaecat cupidatat non proident, sunt in culpa qui officia deserunt mollit anim id est laborum.</p>\r\n','',6,'2020-02-06 15:25:31',1,'2020-02-06 15:25:31'),
('2002065E3BCD7BB0C63','2002065E3BCD7BAD505','LGID','Privacy Policy','privacy-policy','','','<p>Lorem ipsum dolor sit amet, consectetur adipisicing elit, sed do eiusmod tempor incididunt ut labore et dolore magna aliqua. Ut enim ad minim veniam, quis nostrud exercitation ullamco laboris nisi ut aliquip ex ea commodo consequat. Duis aute irure dolor in reprehenderit in voluptate velit esse cillum dolore eu fugiat nulla pariatur. Excepteur sint occaecat cupidatat non proident, sunt in culpa qui officia deserunt mollit anim id est laborum.</p>\r\n\r\n<p>Lorem ipsum dolor sit amet, consectetur adipisicing elit, sed do eiusmod tempor incididunt ut labore et dolore magna aliqua. Ut enim ad minim veniam, quis nostrud exercitation ullamco laboris nisi ut aliquip ex ea commodo consequat. Duis aute irure dolor in reprehenderit in voluptate velit esse cillum dolore eu fugiat nulla pariatur. Excepteur sint occaecat cupidatat non proident, sunt in culpa qui officia deserunt mollit anim id est laborum.</p>\r\n\r\n<p>Lorem ipsum dolor sit amet, consectetur adipisicing elit, sed do eiusmod tempor incididunt ut labore et dolore magna aliqua. Ut enim ad minim veniam, quis nostrud exercitation ullamco laboris nisi ut aliquip ex ea commodo consequat. Duis aute irure dolor in reprehenderit in voluptate velit esse cillum dolore eu fugiat nulla pariatur. Excepteur sint occaecat cupidatat non proident, sunt in culpa qui officia deserunt mollit anim id est laborum.</p>\r\n\r\n<p>Lorem ipsum dolor sit amet, consectetur adipisicing elit, sed do eiusmod tempor incididunt ut labore et dolore magna aliqua. Ut enim ad minim veniam, quis nostrud exercitation ullamco laboris nisi ut aliquip ex ea commodo consequat. Duis aute irure dolor in reprehenderit in voluptate velit esse cillum dolore eu fugiat nulla pariatur. Excepteur sint occaecat cupidatat non proident, sunt in culpa qui officia deserunt mollit anim id est laborum.</p>\r\n\r\n<p>Lorem ipsum dolor sit amet, consectetur adipisicing elit, sed do eiusmod tempor incididunt ut labore et dolore magna aliqua. Ut enim ad minim veniam, quis nostrud exercitation ullamco laboris nisi ut aliquip ex ea commodo consequat. Duis aute irure dolor in reprehenderit in voluptate velit esse cillum dolore eu fugiat nulla pariatur. Excepteur sint occaecat cupidatat non proident, sunt in culpa qui officia deserunt mollit anim id est laborum.</p>\r\n\r\n<p>Lorem ipsum dolor sit amet, consectetur adipisicing elit, sed do eiusmod tempor incididunt ut labore et dolore magna aliqua. Ut enim ad minim veniam, quis nostrud exercitation ullamco laboris nisi ut aliquip ex ea commodo consequat. Duis aute irure dolor in reprehenderit in voluptate velit esse cillum dolore eu fugiat nulla pariatur. Excepteur sint occaecat cupidatat non proident, sunt in culpa qui officia deserunt mollit anim id est laborum.</p>\r\n','',6,'2020-02-06 15:25:31',1,'2020-02-06 15:25:31'),
('2002065E3BCD8990043','2002065E3BCD898C93A','LGEN','Disclaimer','disclaimer','','','<p>Lorem ipsum dolor sit amet, consectetur adipisicing elit, sed do eiusmod tempor incididunt ut labore et dolore magna aliqua. Ut enim ad minim veniam, quis nostrud exercitation ullamco laboris nisi ut aliquip ex ea commodo consequat. Duis aute irure dolor in reprehenderit in voluptate velit esse cillum dolore eu fugiat nulla pariatur. Excepteur sint occaecat cupidatat non proident, sunt in culpa qui officia deserunt mollit anim id est laborum.</p>\r\n\r\n<p>Lorem ipsum dolor sit amet, consectetur adipisicing elit, sed do eiusmod tempor incididunt ut labore et dolore magna aliqua. Ut enim ad minim veniam, quis nostrud exercitation ullamco laboris nisi ut aliquip ex ea commodo consequat. Duis aute irure dolor in reprehenderit in voluptate velit esse cillum dolore eu fugiat nulla pariatur. Excepteur sint occaecat cupidatat non proident, sunt in culpa qui officia deserunt mollit anim id est laborum.</p>\r\n\r\n<p>Lorem ipsum dolor sit amet, consectetur adipisicing elit, sed do eiusmod tempor incididunt ut labore et dolore magna aliqua. Ut enim ad minim veniam, quis nostrud exercitation ullamco laboris nisi ut aliquip ex ea commodo consequat. Duis aute irure dolor in reprehenderit in voluptate velit esse cillum dolore eu fugiat nulla pariatur. Excepteur sint occaecat cupidatat non proident, sunt in culpa qui officia deserunt mollit anim id est laborum.</p>\r\n\r\n<p>Lorem ipsum dolor sit amet, consectetur adipisicing elit, sed do eiusmod tempor incididunt ut labore et dolore magna aliqua. Ut enim ad minim veniam, quis nostrud exercitation ullamco laboris nisi ut aliquip ex ea commodo consequat. Duis aute irure dolor in reprehenderit in voluptate velit esse cillum dolore eu fugiat nulla pariatur. Excepteur sint occaecat cupidatat non proident, sunt in culpa qui officia deserunt mollit anim id est laborum.</p>\r\n\r\n<p>Lorem ipsum dolor sit amet, consectetur adipisicing elit, sed do eiusmod tempor incididunt ut labore et dolore magna aliqua. Ut enim ad minim veniam, quis nostrud exercitation ullamco laboris nisi ut aliquip ex ea commodo consequat. Duis aute irure dolor in reprehenderit in voluptate velit esse cillum dolore eu fugiat nulla pariatur. Excepteur sint occaecat cupidatat non proident, sunt in culpa qui officia deserunt mollit anim id est laborum.</p>\r\n\r\n<p>Lorem ipsum dolor sit amet, consectetur adipisicing elit, sed do eiusmod tempor incididunt ut labore et dolore magna aliqua. Ut enim ad minim veniam, quis nostrud exercitation ullamco laboris nisi ut aliquip ex ea commodo consequat. Duis aute irure dolor in reprehenderit in voluptate velit esse cillum dolore eu fugiat nulla pariatur. Excepteur sint occaecat cupidatat non proident, sunt in culpa qui officia deserunt mollit anim id est laborum.</p>\r\n','',6,'2020-02-06 15:25:45',1,'2020-02-06 15:46:11'),
('2002065E3BCD89900D1','2002065E3BCD898C93A','LGID','Dsiclaimer','dsiclaimer','','','<p>Lorem ipsum dolor sit amet, consectetur adipisicing elit, sed do eiusmod tempor incididunt ut labore et dolore magna aliqua. Ut enim ad minim veniam, quis nostrud exercitation ullamco laboris nisi ut aliquip ex ea commodo consequat. Duis aute irure dolor in reprehenderit in voluptate velit esse cillum dolore eu fugiat nulla pariatur. Excepteur sint occaecat cupidatat non proident, sunt in culpa qui officia deserunt mollit anim id est laborum.</p>\r\n\r\n<p>Lorem ipsum dolor sit amet, consectetur adipisicing elit, sed do eiusmod tempor incididunt ut labore et dolore magna aliqua. Ut enim ad minim veniam, quis nostrud exercitation ullamco laboris nisi ut aliquip ex ea commodo consequat. Duis aute irure dolor in reprehenderit in voluptate velit esse cillum dolore eu fugiat nulla pariatur. Excepteur sint occaecat cupidatat non proident, sunt in culpa qui officia deserunt mollit anim id est laborum.</p>\r\n\r\n<p>Lorem ipsum dolor sit amet, consectetur adipisicing elit, sed do eiusmod tempor incididunt ut labore et dolore magna aliqua. Ut enim ad minim veniam, quis nostrud exercitation ullamco laboris nisi ut aliquip ex ea commodo consequat. Duis aute irure dolor in reprehenderit in voluptate velit esse cillum dolore eu fugiat nulla pariatur. Excepteur sint occaecat cupidatat non proident, sunt in culpa qui officia deserunt mollit anim id est laborum.</p>\r\n\r\n<p>Lorem ipsum dolor sit amet, consectetur adipisicing elit, sed do eiusmod tempor incididunt ut labore et dolore magna aliqua. Ut enim ad minim veniam, quis nostrud exercitation ullamco laboris nisi ut aliquip ex ea commodo consequat. Duis aute irure dolor in reprehenderit in voluptate velit esse cillum dolore eu fugiat nulla pariatur. Excepteur sint occaecat cupidatat non proident, sunt in culpa qui officia deserunt mollit anim id est laborum.</p>\r\n\r\n<p>Lorem ipsum dolor sit amet, consectetur adipisicing elit, sed do eiusmod tempor incididunt ut labore et dolore magna aliqua. Ut enim ad minim veniam, quis nostrud exercitation ullamco laboris nisi ut aliquip ex ea commodo consequat. Duis aute irure dolor in reprehenderit in voluptate velit esse cillum dolore eu fugiat nulla pariatur. Excepteur sint occaecat cupidatat non proident, sunt in culpa qui officia deserunt mollit anim id est laborum.</p>\r\n\r\n<p>Lorem ipsum dolor sit amet, consectetur adipisicing elit, sed do eiusmod tempor incididunt ut labore et dolore magna aliqua. Ut enim ad minim veniam, quis nostrud exercitation ullamco laboris nisi ut aliquip ex ea commodo consequat. Duis aute irure dolor in reprehenderit in voluptate velit esse cillum dolore eu fugiat nulla pariatur. Excepteur sint occaecat cupidatat non proident, sunt in culpa qui officia deserunt mollit anim id est laborum.</p>\r\n','',6,'2020-02-06 15:25:45',1,'2020-02-06 15:46:11'),
('2002065E3BCDAE7BBD1','2002065E3BCDAE78A82','LGEN','Terms and Conditions','terms-and-conditions','','','','',6,'2020-02-06 15:26:22',1,'2020-02-06 15:26:22'),
('2002065E3BCDAE7BC60','2002065E3BCDAE78A82','LGID','Terms and Conditions','terms-and-conditions','','','','',6,'2020-02-06 15:26:22',1,'2020-02-06 15:26:22'),
('2002065E3BCDBCCE8C8','2002065E3BCDBCCBB1E','LGEN','Privacy Policy','privacy-policy','','','','',6,'2020-02-06 15:26:36',1,'2020-02-06 15:26:36'),
('2002065E3BCDBCCE954','2002065E3BCDBCCBB1E','LGID','Privacy Policy','privacy-policy','','','','',6,'2020-02-06 15:26:36',1,'2020-02-06 15:26:36'),
('2002065E3BCDC2C2AF9','2002065E3BCDC2BFC12','LGEN','Disclaimer','disclaimer','','','','',6,'2020-02-06 15:26:42',1,'2020-02-06 15:26:42'),
('2002065E3BCDC2C2B84','2002065E3BCDC2BFC12','LGID','Disclaimer','disclaimer','','','','',6,'2020-02-06 15:26:42',1,'2020-02-06 15:26:42'),
('2002065E3BCDCD09B8B','2002065E3BCDCD077F2','LGEN','Sitemap','sitemap','','','','',6,'2020-02-06 15:26:53',1,'2020-02-06 15:26:53'),
('2002065E3BCDCD09C14','2002065E3BCDCD077F2','LGID','Sitemap','sitemap','','','','',6,'2020-02-06 15:26:53',1,'2020-02-06 15:26:53'),
('2002065E3BCE782AF40','2002065E3BCE782884D','LGEN','Shipping','shipping','','','','',6,'2020-02-06 15:29:44',1,'2020-02-06 15:29:44'),
('2002065E3BCE782AFD3','2002065E3BCE782884D','LGID','Shipping','shipping','','','','',6,'2020-02-06 15:29:44',1,'2020-02-06 15:29:44'),
('2002065E3BDA129772C','2002065E3BDA1294E27','LGEN','The World of SADA','the-world-of-sada','','A BRAND THAT STANDS TO BREAK BARRIERS AND STEREOTYPES ON ASIAN BEAUTY','','',6,'2020-02-06 16:19:14',1,'2020-02-06 16:19:14'),
('2002065E3BDA1297844','2002065E3BDA1294E27','LGID','The World of SADA','the-world-of-sada','','A BRAND THAT STANDS TO BREAK BARRIERS AND STEREOTYPES ON ASIAN BEAUTY','','',6,'2020-02-06 16:19:14',1,'2020-02-06 16:19:14'),
('2002075E3CDB28D30BB','2002075E3CDB28CF376','LGEN','The World of SADA','the-world-of-sada','http://do.imajiku.com/sada/html/themes/videos/sada.mp4','','','',6,'2020-02-07 10:36:08',1,'2020-02-07 10:36:08'),
('2002075E3CDB28D318D','2002075E3CDB28CF376','LGID','The World of SADA','the-world-of-sada','http://do.imajiku.com/sada/html/themes/videos/sada.mp4','','','',6,'2020-02-07 10:36:08',1,'2020-02-07 10:36:08'),
('2002075E3CE13644C32','2002075E3CE136427A5','LGEN','Holiday Make Up Tutorial','holiday-make-up-tutorial','https://www.youtube.com/watch?v=WMVGdz_sAnA','Hard','<p>Lorem ipsum dolor sit amet, consectetur adipisicing elit, sed do eiusmod tempor incididunt ut labore et dolore magna aliqua. Ut enim ad minim veniam, quis nostrud exercitation ullamco laboris nisi ut aliquip ex ea commodo consequat. Duis aute irure dolor in reprehenderit in voluptate velit esse cillum dolore eu fugiat nulla pariatur. Excepteur sint occaecat cupidatat non proident, sunt in culpa qui officia deserunt mollit anim id est laborum.</p>\r\n\r\n<p>Lorem ipsum dolor sit amet, consectetur adipisicing elit, sed do eiusmod tempor incididunt ut labore et dolore magna aliqua. Ut enim ad minim veniam, quis nostrud exercitation ullamco laboris nisi ut aliquip ex ea commodo consequat. Duis aute irure dolor in reprehenderit in voluptate velit esse cillum dolore eu fugiat nulla pariatur. Excepteur sint occaecat cupidatat non proident, sunt in culpa qui officia deserunt mollit anim id est laborum.</p>\r\n\r\n<p>Lorem ipsum dolor sit amet, consectetur adipisicing elit, sed do eiusmod tempor incididunt ut labore et dolore magna aliqua. Ut enim ad minim veniam, quis nostrud exercitation ullamco laboris nisi ut aliquip ex ea commodo consequat. Duis aute irure dolor in reprehenderit in voluptate velit esse cillum dolore eu fugiat nulla pariatur. Excepteur sint occaecat cupidatat non proident, sunt in culpa qui officia deserunt mollit anim id est laborum.</p>\r\n\r\n<p>Lorem ipsum dolor sit amet, consectetur adipisicing elit, sed do eiusmod tempor incididunt ut labore et dolore magna aliqua. Ut enim ad minim veniam, quis nostrud exercitation ullamco laboris nisi ut aliquip ex ea commodo consequat. Duis aute irure dolor in reprehenderit in voluptate velit esse cillum dolore eu fugiat nulla pariatur. Excepteur sint occaecat cupidatat non proident, sunt in culpa qui officia deserunt mollit anim id est laborum.</p>\r\n','1 hours',6,'2020-02-07 11:01:58',1,'2020-02-07 11:02:34'),
('2002075E3CE13644CF9','2002075E3CE136427A5','LGID','Holiday Make Up Tutorial','holiday-make-up-tutorial','https://www.youtube.com/watch?v=WMVGdz_sAnA','Hard','<p>Lorem ipsum dolor sit amet, consectetur adipisicing elit, sed do eiusmod tempor incididunt ut labore et dolore magna aliqua. Ut enim ad minim veniam, quis nostrud exercitation ullamco laboris nisi ut aliquip ex ea commodo consequat. Duis aute irure dolor in reprehenderit in voluptate velit esse cillum dolore eu fugiat nulla pariatur. Excepteur sint occaecat cupidatat non proident, sunt in culpa qui officia deserunt mollit anim id est laborum.</p>\r\n\r\n<p>Lorem ipsum dolor sit amet, consectetur adipisicing elit, sed do eiusmod tempor incididunt ut labore et dolore magna aliqua. Ut enim ad minim veniam, quis nostrud exercitation ullamco laboris nisi ut aliquip ex ea commodo consequat. Duis aute irure dolor in reprehenderit in voluptate velit esse cillum dolore eu fugiat nulla pariatur. Excepteur sint occaecat cupidatat non proident, sunt in culpa qui officia deserunt mollit anim id est laborum.</p>\r\n\r\n<p>Lorem ipsum dolor sit amet, consectetur adipisicing elit, sed do eiusmod tempor incididunt ut labore et dolore magna aliqua. Ut enim ad minim veniam, quis nostrud exercitation ullamco laboris nisi ut aliquip ex ea commodo consequat. Duis aute irure dolor in reprehenderit in voluptate velit esse cillum dolore eu fugiat nulla pariatur. Excepteur sint occaecat cupidatat non proident, sunt in culpa qui officia deserunt mollit anim id est laborum.</p>\r\n\r\n<p>Lorem ipsum dolor sit amet, consectetur adipisicing elit, sed do eiusmod tempor incididunt ut labore et dolore magna aliqua. Ut enim ad minim veniam, quis nostrud exercitation ullamco laboris nisi ut aliquip ex ea commodo consequat. Duis aute irure dolor in reprehenderit in voluptate velit esse cillum dolore eu fugiat nulla pariatur. Excepteur sint occaecat cupidatat non proident, sunt in culpa qui officia deserunt mollit anim id est laborum.</p>\r\n','1 hours',6,'2020-02-07 11:01:58',1,'2020-02-07 11:02:34'),
('2002075E3CE49D1FBBC','2002075E3CE49D1D2C9','LGEN','Exclusive Preview SADA by Cathy Sharon','exclusive-preview-sada-by-cathy-sharon','<p>Jl. Gatot Subroto No.Kav. 37, RT.6/RW.3, Kuningan, Kuningan Tim., Kecamatan Setiabudi, Kota Jakarta Selatan, Daerah Khusus Ibukota Jakarta 12950</p>\r\n','https://goo.gl/maps/8uQaGhmhx3M7Ymr2A','<p>Lorem ipsum dolor sit amet, consectetur adipisicing elit, sed do eiusmod tempor incididunt ut labore et dolore magna aliqua. Ut enim ad minim veniam, quis nostrud exercitation ullamco laboris nisi ut aliquip ex ea commodo consequat. Duis aute irure dolor in reprehenderit in voluptate velit esse cillum dolore eu fugiat nulla pariatur. Excepteur sint occaecat cupidatat non proident, sunt in culpa qui officia deserunt mollit anim id est laborum.Duis aute irure dolor in reprehenderit in voluptate velit esse cillum dolore eu fugiat nulla pariatur. Excepteur sint occaecat cupidatat non proident, sunt in culpa qui officia deserunt mollit anim id est laborum.</p>\r\n\r\n<p>Lorem ipsum dolor sit amet, consectetur adipisicing elit, sed do eiusmod tempor incididunt ut labore et dolore magna aliqua. Ut enim ad minim veniam, quis nostrud exercitation ullamco laboris nisi ut aliquip ex ea commodo consequat. Duis aute irure dolor in reprehenderit in voluptate velit esse cillum dolore eu fugiat nulla pariatur.</p>\r\n','',6,'2020-02-07 11:16:29',1,'2020-02-07 11:25:19'),
('2002075E3CE49D1FD63','2002075E3CE49D1D2C9','LGID','Exclusive Preview SADA by Cathy Sharon','exclusive-preview-sada-by-cathy-sharon','<p>Jl. Gatot Subroto No.Kav. 37, RT.6/RW.3, Kuningan, Kuningan Tim., Kecamatan Setiabudi, Kota Jakarta Selatan, Daerah Khusus Ibukota Jakarta 12950</p>\r\n','https://goo.gl/maps/8uQaGhmhx3M7Ymr2A','<p>Lorem ipsum dolor sit amet, consectetur adipisicing elit, sed do eiusmod tempor incididunt ut labore et dolore magna aliqua. Ut enim ad minim veniam, quis nostrud exercitation ullamco laboris nisi ut aliquip ex ea commodo consequat. Duis aute irure dolor in reprehenderit in voluptate velit esse cillum dolore eu fugiat nulla pariatur. Excepteur sint occaecat cupidatat non proident, sunt in culpa qui officia deserunt mollit anim id est laborum.Duis aute irure dolor in reprehenderit in voluptate velit esse cillum dolore eu fugiat nulla pariatur. Excepteur sint occaecat cupidatat non proident, sunt in culpa qui officia deserunt mollit anim id est laborum.</p>\r\n\r\n<p>Lorem ipsum dolor sit amet, consectetur adipisicing elit, sed do eiusmod tempor incididunt ut labore et dolore magna aliqua. Ut enim ad minim veniam, quis nostrud exercitation ullamco laboris nisi ut aliquip ex ea commodo consequat. Duis aute irure dolor in reprehenderit in voluptate velit esse cillum dolore eu fugiat nulla pariatur.</p>\r\n','',6,'2020-02-07 11:16:29',1,'2020-02-07 11:25:19'),
('2002075E3CE58F1785F','2002075E3CE58F15612','LGEN','Sada Event','sada-event','','','','',6,'2020-02-07 11:20:31',1,'2020-02-07 11:20:31'),
('2002075E3CE58F17900','2002075E3CE58F15612','LGID','Sada Event','sada-event','','','','',6,'2020-02-07 11:20:31',1,'2020-02-07 11:20:31'),
('2002075E3CE7B3A19DE','2002075E3CE7B39F028','LGEN','Cathy Sharon','cathy-sharon','@cathysharon','','','',6,'2020-02-07 11:29:39',1,'2020-02-07 11:29:39'),
('2002075E3CE7B3A1A67','2002075E3CE7B39F028','LGID','Cathy Sharon','cathy-sharon','@cathysharon','','','',6,'2020-02-07 11:29:39',1,'2020-02-07 11:29:39'),
('2002075E3CE96DE01E6','2002075E3CE96DD7CB1','LGEN','PLAZA INDONESIA','plaza-indonesia','<p>4th Floor, Jl. M. H. Thamrin NO. Kav. 28-30,<br />\r\nJakarta Pusat, Jakarta 10350</p>\r\n','https://goo.gl/maps/Cp6KbWYa2iGABgfc8','','',6,'2020-02-07 11:37:01',1,'2020-02-07 11:37:01'),
('2002075E3CE96DE02C5','2002075E3CE96DD7CB1','LGID','PLAZA INDONESIA','plaza-indonesia','<p>4th Floor, Jl. M. H. Thamrin NO. Kav. 28-30,<br />\r\nJakarta Pusat, Jakarta 10350</p>\r\n','https://goo.gl/maps/Cp6KbWYa2iGABgfc8','','',6,'2020-02-07 11:37:01',1,'2020-02-07 11:37:01'),
('2002075E3CEA26D15D3','2002075E3CEA26CC2BD','LGEN','SADA BY CATHY SHARON HEADQUARTER','sada-by-cathy-sharon-headquarter','<p>Jl. Lorem Ipsum No 123, Kav. 15 Jakarta Selatan, Jakarta 789456</p>\r\n','(021) 123 456 7890','(021) 123 456 7890','customercare@sada.com',6,'2020-02-07 11:40:06',1,'2020-02-07 11:40:06'),
('2002075E3CEA26D16FC','2002075E3CEA26CC2BD','LGID','SADA BY CATHY SHARON HEADQUARTER','sada-by-cathy-sharon-headquarter','<p>Jl. Lorem Ipsum No 123, Kav. 15 Jakarta Selatan, Jakarta 789456</p>\r\n','(021) 123 456 7890','(021) 123 456 7890','customercare@sada.com',6,'2020-02-07 11:40:06',1,'2020-02-07 11:40:06'),
('2002105E4127662F85F','2002105E4127662C3E5','LGEN','Sada Matte Lipcolour','sada-matte-lipcolour','','<p>Terinspirasi dari sensibilitas seorang putri keraton, Sada Matte Lipcolor Sogan ini menampilkan warna warm peach yang kaya. Cocok untuk mencerahkan penampilanmu, warna ini akan memberi kesan elegan di segala acaramu. Dengan tekstur yang sangat ringan dan ketahanan yang lama, lipstick ini akan terlihat luar biasa di semua warna kulit, nyaman untuk berbagai acara.</p>\r\n','<p>Terinspirasi dari sensibilitas seorang putri keraton, Sada Matte Lipcolor Sogan ini menampilkan warna warm peach yang kaya. Cocok untuk mencerahkan penampilanmu, warna ini akan memberi kesan elegan di segala acaramu. Dengan tekstur yang sangat ringan dan ketahanan yang lama, lipstick ini akan terlihat luar biasa di semua warna kulit, nyaman untuk berbagai acara.</p>\r\n','<p>Terinspirasi dari sensibilitas seorang putri keraton, Sada Matte Lipcolor Sogan ini menampilkan warna warm peach yang kaya. Cocok untuk mencerahkan penampilanmu, warna ini akan memberi kesan elegan di segala acaramu. Dengan tekstur yang sangat ringan dan ketahanan yang lama, lipstick ini akan terlihat luar biasa di semua warna kulit, nyaman untuk berbagai acara.</p>\r\n',6,'2020-02-10 16:50:30',1,'2020-02-10 17:00:25'),
('2002105E4127662F8ED','2002105E4127662C3E5','LGID','Sada Matte Lipcolour','sada-matte-lipcolour','','<p>Terinspirasi dari sensibilitas seorang putri keraton, Sada Matte Lipcolor Sogan ini menampilkan warna warm peach yang kaya. Cocok untuk mencerahkan penampilanmu, warna ini akan memberi kesan elegan di segala acaramu. Dengan tekstur yang sangat ringan dan ketahanan yang lama, lipstick ini akan terlihat luar biasa di semua warna kulit, nyaman untuk berbagai acara.</p>\r\n','<p>Terinspirasi dari sensibilitas seorang putri keraton, Sada Matte Lipcolor Sogan ini menampilkan warna warm peach yang kaya. Cocok untuk mencerahkan penampilanmu, warna ini akan memberi kesan elegan di segala acaramu. Dengan tekstur yang sangat ringan dan ketahanan yang lama, lipstick ini akan terlihat luar biasa di semua warna kulit, nyaman untuk berbagai acara.</p>\r\n','<p>Terinspirasi dari sensibilitas seorang putri keraton, Sada Matte Lipcolor Sogan ini menampilkan warna warm peach yang kaya. Cocok untuk mencerahkan penampilanmu, warna ini akan memberi kesan elegan di segala acaramu. Dengan tekstur yang sangat ringan dan ketahanan yang lama, lipstick ini akan terlihat luar biasa di semua warna kulit, nyaman untuk berbagai acara.</p>\r\n',6,'2020-02-10 16:50:30',1,'2020-02-10 17:00:25');

/*Table structure for table `post_menu` */

DROP TABLE IF EXISTS `post_menu`;

CREATE TABLE `post_menu` (
  `id` int(11) NOT NULL AUTO_INCREMENT,
  `post_id` varchar(25) NOT NULL,
  `menu_id` varchar(25) NOT NULL,
  PRIMARY KEY (`id`),
  KEY `produk_id` (`post_id`),
  KEY `post_kt_id` (`menu_id`),
  CONSTRAINT `post_menu_ibfk_1` FOREIGN KEY (`menu_id`) REFERENCES `menu` (`id`) ON DELETE CASCADE ON UPDATE CASCADE,
  CONSTRAINT `post_menu_ibfk_2` FOREIGN KEY (`post_id`) REFERENCES `post` (`id`) ON DELETE CASCADE ON UPDATE CASCADE
) ENGINE=InnoDB DEFAULT CHARSET=latin1;

/*Data for the table `post_menu` */

/*Table structure for table `post_product` */

DROP TABLE IF EXISTS `post_product`;

CREATE TABLE `post_product` (
  `id` varchar(25) NOT NULL,
  `post_id` varchar(25) DEFAULT NULL,
  `sku` varchar(25) DEFAULT NULL,
  `price` bigint(25) DEFAULT '0',
  `price_promo` bigint(25) DEFAULT '0',
  `color_id` varchar(25) DEFAULT NULL,
  `weight` int(11) DEFAULT '1',
  `stock` bigint(25) DEFAULT '0',
  `sold` int(11) DEFAULT '0',
  `ctb` int(11) NOT NULL,
  `ctd` datetime NOT NULL,
  `mdb` int(11) NOT NULL,
  `mdd` datetime NOT NULL,
  PRIMARY KEY (`id`),
  KEY `post_id` (`post_id`),
  KEY `color_id` (`color_id`),
  CONSTRAINT `post_product_ibfk_1` FOREIGN KEY (`post_id`) REFERENCES `post` (`id`) ON DELETE CASCADE ON UPDATE CASCADE,
  CONSTRAINT `post_product_ibfk_2` FOREIGN KEY (`color_id`) REFERENCES `tags` (`id`) ON DELETE CASCADE ON UPDATE CASCADE
) ENGINE=InnoDB DEFAULT CHARSET=latin1;

/*Data for the table `post_product` */

insert  into `post_product`(`id`,`post_id`,`sku`,`price`,`price_promo`,`color_id`,`weight`,`stock`,`sold`,`ctb`,`ctd`,`mdb`,`mdd`) values 
('2002105E412956C95D8','2002105E4127662C3E5','SKUY',25,27,'2002105E40E14D99E5E',17,18,0,6,'2020-02-10 17:00:25',6,'2020-02-10 17:00:25'),
('2002105E41296850408','2002105E4127662C3E5','SKUY',29,37,'2002105E40E14D99E5E',37,30,0,6,'2020-02-10 17:00:25',6,'2020-02-10 17:00:25'),
('2002105E4129A3CB09E','2002105E4127662C3E5','SKUY',33,24,'2002105E40E14D99E5E',28,21,0,6,'2020-02-10 17:00:25',6,'2020-02-10 17:00:25');

/*Table structure for table `post_product_variant` */

DROP TABLE IF EXISTS `post_product_variant`;

CREATE TABLE `post_product_variant` (
  `id` varchar(25) NOT NULL,
  `post_product_id` varchar(25) DEFAULT NULL,
  `variant_type_id` varchar(25) DEFAULT NULL,
  `variant` varchar(50) DEFAULT NULL,
  `ctb` int(11) NOT NULL,
  `ctd` datetime NOT NULL,
  `mdb` int(11) NOT NULL,
  `mdd` datetime NOT NULL,
  PRIMARY KEY (`id`),
  KEY `variant_type_id` (`variant_type_id`),
  KEY `post_product_id` (`post_product_id`),
  CONSTRAINT `post_product_variant_ibfk_1` FOREIGN KEY (`variant_type_id`) REFERENCES `variant_type` (`id`) ON DELETE CASCADE ON UPDATE CASCADE,
  CONSTRAINT `post_product_variant_ibfk_2` FOREIGN KEY (`post_product_id`) REFERENCES `post_product` (`id`) ON DELETE CASCADE ON UPDATE CASCADE
) ENGINE=InnoDB DEFAULT CHARSET=latin1;

/*Data for the table `post_product_variant` */

/*Table structure for table `post_related` */

DROP TABLE IF EXISTS `post_related`;

CREATE TABLE `post_related` (
  `id` varchar(25) NOT NULL,
  `post_id` varchar(25) DEFAULT NULL,
  `related_id` varchar(25) DEFAULT NULL,
  PRIMARY KEY (`id`)
) ENGINE=InnoDB DEFAULT CHARSET=latin1;

/*Data for the table `post_related` */

/*Table structure for table `post_room` */

DROP TABLE IF EXISTS `post_room`;

CREATE TABLE `post_room` (
  `id` varchar(50) NOT NULL,
  `post_id` varchar(50) DEFAULT NULL,
  `metres` varchar(25) DEFAULT NULL,
  `feet` varchar(25) DEFAULT NULL,
  `banquet` varchar(25) DEFAULT NULL,
  `classroom` varchar(25) DEFAULT NULL,
  `theatre` varchar(25) DEFAULT NULL,
  `reception` varchar(25) DEFAULT NULL,
  `ctd` datetime DEFAULT NULL,
  `ctb` datetime DEFAULT NULL,
  `mdd` datetime DEFAULT NULL,
  `mdb` datetime DEFAULT NULL,
  PRIMARY KEY (`id`)
) ENGINE=InnoDB DEFAULT CHARSET=latin1;

/*Data for the table `post_room` */

/*Table structure for table `post_tags` */

DROP TABLE IF EXISTS `post_tags`;

CREATE TABLE `post_tags` (
  `id` varchar(25) NOT NULL,
  `post_id` varchar(25) NOT NULL,
  `tags_id` varchar(25) NOT NULL,
  PRIMARY KEY (`id`),
  KEY `post_id` (`post_id`),
  KEY `tags_id` (`tags_id`),
  CONSTRAINT `post_tags_ibfk_1` FOREIGN KEY (`post_id`) REFERENCES `post` (`id`) ON DELETE CASCADE ON UPDATE CASCADE,
  CONSTRAINT `post_tags_ibfk_2` FOREIGN KEY (`tags_id`) REFERENCES `tags` (`id`) ON DELETE CASCADE ON UPDATE CASCADE
) ENGINE=InnoDB DEFAULT CHARSET=latin1;

/*Data for the table `post_tags` */

insert  into `post_tags`(`id`,`post_id`,`tags_id`) values 
('2002065E3BCC3AB7671','2002065E3BCC32A9576','2002065E3BCBC875638'),
('2002065E3BCC4BB1A08','2002065E3BCC4B9B2A3','2002065E3BCBD418335'),
('2002075E3CE15AE15D7','2002075E3CE136427A5','2002075E3CE15AE44C4'),
('2002075E3CE15AE45F3','2002075E3CE136427A5','2002075E3CE15AE6171'),
('2002075E3CE15AE6267','2002075E3CE136427A5','2002075E3CE15AE755C'),
('2002105E4127663CD69','2002105E4127662C3E5','2002105E41266EDC6E0');

/*Table structure for table `post_type` */

DROP TABLE IF EXISTS `post_type`;

CREATE TABLE `post_type` (
  `id` int(11) NOT NULL AUTO_INCREMENT,
  `name` varchar(50) DEFAULT NULL,
  `form` varchar(50) DEFAULT NULL,
  PRIMARY KEY (`id`)
) ENGINE=MyISAM AUTO_INCREMENT=17 DEFAULT CHARSET=latin1;

/*Data for the table `post_type` */

/*Table structure for table `product_brand` */

DROP TABLE IF EXISTS `product_brand`;

CREATE TABLE `product_brand` (
  `id` varchar(25) NOT NULL,
  `post_id` varchar(25) NOT NULL,
  `tags_id` varchar(25) NOT NULL,
  PRIMARY KEY (`id`),
  KEY `post_id` (`post_id`),
  KEY `tags_id` (`tags_id`),
  CONSTRAINT `product_brand_ibfk_1` FOREIGN KEY (`post_id`) REFERENCES `post` (`id`) ON DELETE CASCADE ON UPDATE CASCADE,
  CONSTRAINT `product_brand_ibfk_2` FOREIGN KEY (`tags_id`) REFERENCES `tags` (`id`) ON DELETE CASCADE ON UPDATE CASCADE
) ENGINE=InnoDB DEFAULT CHARSET=latin1;

/*Data for the table `product_brand` */

insert  into `product_brand`(`id`,`post_id`,`tags_id`) values 
('2002105E4127663F0E4','2002105E4127662C3E5','2002105E4126926B001');

/*Table structure for table `product_cart` */

DROP TABLE IF EXISTS `product_cart`;

CREATE TABLE `product_cart` (
  `id` varchar(25) NOT NULL,
  `post_product_id` varchar(25) NOT NULL,
  `user_id` varchar(25) DEFAULT NULL,
  `qty` int(11) NOT NULL DEFAULT '1',
  `ctb` varchar(25) NOT NULL,
  `ctd` datetime NOT NULL,
  `mdb` varchar(25) NOT NULL,
  `mdd` datetime NOT NULL,
  `product_order_id` varchar(40) DEFAULT '0',
  PRIMARY KEY (`id`)
) ENGINE=MyISAM DEFAULT CHARSET=latin1;

/*Data for the table `product_cart` */

/*Table structure for table `product_order` */

DROP TABLE IF EXISTS `product_order`;

CREATE TABLE `product_order` (
  `id` varchar(40) NOT NULL,
  `order_number` varchar(40) NOT NULL,
  `user_id` int(11) NOT NULL,
  `first_name` varchar(50) NOT NULL,
  `last_name` varchar(50) NOT NULL,
  `phone` varchar(50) NOT NULL,
  `email` varchar(50) NOT NULL,
  `address` text,
  `subdistrict_id` int(11) DEFAULT NULL,
  `zip_code` int(11) DEFAULT NULL,
  `note` text,
  `courier_code` varchar(25) NOT NULL,
  `courier_package` varchar(25) DEFAULT NULL,
  `coupon_code` varchar(25) DEFAULT NULL,
  `coupon_nominal` bigint(20) DEFAULT NULL,
  `postal_fee` bigint(20) DEFAULT NULL,
  `cart_total` bigint(20) DEFAULT NULL,
  `price_total` bigint(20) DEFAULT NULL,
  `payment_method` varchar(50) DEFAULT NULL,
  `status` tinyint(1) NOT NULL DEFAULT '0',
  `ctb` varchar(25) NOT NULL,
  `ctd` datetime NOT NULL,
  `mdb` varchar(25) NOT NULL,
  `mdd` datetime NOT NULL,
  `snap` varchar(50) DEFAULT NULL,
  `status_dropship` tinyint(1) DEFAULT '0',
  `registration_number` varchar(50) DEFAULT NULL,
  PRIMARY KEY (`id`)
) ENGINE=MyISAM DEFAULT CHARSET=latin1;

/*Data for the table `product_order` */

/*Table structure for table `product_tags` */

DROP TABLE IF EXISTS `product_tags`;

CREATE TABLE `product_tags` (
  `id` varchar(25) NOT NULL,
  `post_id` varchar(25) NOT NULL,
  `tags_id` varchar(25) NOT NULL,
  PRIMARY KEY (`id`),
  KEY `post_id` (`post_id`),
  KEY `tags_id` (`tags_id`),
  CONSTRAINT `product_tags_ibfk_1` FOREIGN KEY (`post_id`) REFERENCES `post` (`id`) ON DELETE CASCADE ON UPDATE CASCADE,
  CONSTRAINT `product_tags_ibfk_2` FOREIGN KEY (`tags_id`) REFERENCES `tags` (`id`) ON DELETE CASCADE ON UPDATE CASCADE
) ENGINE=InnoDB DEFAULT CHARSET=latin1;

/*Data for the table `product_tags` */

insert  into `product_tags`(`id`,`post_id`,`tags_id`) values 
('2002105E412766427F4','2002105E4127662C3E5','2002105E41264701F9B');

/*Table structure for table `service_type` */

DROP TABLE IF EXISTS `service_type`;

CREATE TABLE `service_type` (
  `id` varchar(25) NOT NULL,
  `title` varchar(255) NOT NULL,
  `slug` varchar(255) NOT NULL,
  `email` varchar(50) NOT NULL,
  `status` tinyint(1) NOT NULL DEFAULT '0',
  `ctb` varchar(25) NOT NULL,
  `ctd` datetime NOT NULL,
  `mdb` varchar(25) NOT NULL,
  `mdd` datetime NOT NULL,
  `price` bigint(20) DEFAULT NULL,
  PRIMARY KEY (`id`)
) ENGINE=InnoDB DEFAULT CHARSET=latin1;

/*Data for the table `service_type` */

/*Table structure for table `services` */

DROP TABLE IF EXISTS `services`;

CREATE TABLE `services` (
  `id` varchar(25) NOT NULL,
  `user_id` varchar(100) DEFAULT NULL,
  `name` varchar(150) NOT NULL,
  `company` varchar(50) DEFAULT NULL,
  `company_address` text,
  `city` int(11) DEFAULT NULL,
  `province` int(11) DEFAULT NULL,
  `email` varchar(50) DEFAULT NULL,
  `phone` varchar(50) DEFAULT NULL,
  `brand_id` varchar(25) DEFAULT NULL,
  `product_name` varchar(50) DEFAULT NULL,
  `product_serial_number` varchar(50) DEFAULT NULL,
  `product_invoice_number` varchar(50) DEFAULT NULL,
  `product_store_name` varchar(50) DEFAULT NULL,
  `product_store_address` text,
  `product_city` int(11) DEFAULT NULL,
  `product_province` int(11) DEFAULT NULL,
  `pic_name` varchar(50) DEFAULT NULL,
  `pic_phone` varchar(50) DEFAULT NULL,
  `pic_email` varchar(50) DEFAULT NULL,
  `file_location` varchar(100) DEFAULT NULL,
  `file_thumb` varchar(100) DEFAULT NULL,
  `file_original` varchar(100) DEFAULT NULL,
  `service_type_id` varchar(25) DEFAULT NULL,
  `service_date` date DEFAULT NULL,
  `price` bigint(20) DEFAULT NULL,
  `service_problem` text,
  `status` tinyint(1) NOT NULL DEFAULT '0',
  `ctb` varchar(25) NOT NULL,
  `ctd` datetime NOT NULL,
  `mdb` varchar(25) NOT NULL,
  `mdd` datetime NOT NULL,
  PRIMARY KEY (`id`)
) ENGINE=InnoDB DEFAULT CHARSET=latin1;

/*Data for the table `services` */

/*Table structure for table `tags` */

DROP TABLE IF EXISTS `tags`;

CREATE TABLE `tags` (
  `id` varchar(25) NOT NULL,
  `parent` varchar(25) NOT NULL DEFAULT '0',
  `tags_kt_id` varchar(25) DEFAULT NULL,
  `title` varchar(255) NOT NULL,
  `slug` varchar(255) NOT NULL,
  `status` tinyint(1) NOT NULL DEFAULT '0',
  `color_hex` varchar(50) DEFAULT NULL,
  `file_location` varchar(50) DEFAULT NULL,
  `file_original` varchar(50) DEFAULT NULL,
  `ctb` int(11) NOT NULL,
  `ctd` datetime NOT NULL,
  `mdb` int(11) NOT NULL,
  `mdd` datetime NOT NULL,
  PRIMARY KEY (`id`),
  KEY `post_tags_kt_id` (`tags_kt_id`),
  CONSTRAINT `tags_ibfk_1` FOREIGN KEY (`tags_kt_id`) REFERENCES `tags_kt` (`id`) ON DELETE CASCADE ON UPDATE CASCADE
) ENGINE=InnoDB DEFAULT CHARSET=latin1;

/*Data for the table `tags` */

insert  into `tags`(`id`,`parent`,`tags_kt_id`,`title`,`slug`,`status`,`color_hex`,`file_location`,`file_original`,`ctb`,`ctd`,`mdb`,`mdd`) values 
('2002065E3BCBC875638','0','2002055E3A76CA96A6F','Account','account',1,NULL,NULL,NULL,6,'2020-02-06 15:18:16',6,'2020-02-06 15:18:16'),
('2002065E3BCBD418335','0','2002055E3A76CA96A6F','How To Order','how-to-order',1,NULL,NULL,NULL,6,'2020-02-06 15:18:28',6,'2020-02-06 15:18:28'),
('2002065E3BCBDB83D10','0','2002055E3A76CA96A6F','Services','services',1,NULL,NULL,NULL,6,'2020-02-06 15:18:35',6,'2020-02-06 15:18:35'),
('2002075E3CE15AE44C4','0','2002075E3CE07C0DE3A','MakeUpTutorial','makeuptutorial',1,NULL,NULL,NULL,6,'2020-02-07 11:02:34',6,'2020-02-07 11:02:34'),
('2002075E3CE15AE6171','0','2002075E3CE07C0DE3A','HolidayMakeUpTutorial','holidaymakeuptutorial',1,NULL,NULL,NULL,6,'2020-02-07 11:02:34',6,'2020-02-07 11:02:34'),
('2002075E3CE15AE755C','0','2002075E3CE07C0DE3A','BoldMakeUp','boldmakeup',1,NULL,NULL,NULL,6,'2020-02-07 11:02:34',6,'2020-02-07 11:02:34'),
('2002105E40E14D99E5E','0','2002055E3A77759C904','Maroon','maroon',1,'#c84b4b',NULL,NULL,6,'2020-02-10 11:51:25',6,'2020-02-10 11:53:00'),
('2002105E41264701F9B','0','2002055E3A776DF1733','SADA Collection','sada-collection',1,NULL,NULL,NULL,6,'2020-02-10 16:45:43',6,'2020-02-10 16:45:43'),
('2002105E41266EDC6E0','0','2002055E3A773F285AF','Sale','sale',1,NULL,NULL,NULL,6,'2020-02-10 16:46:22',6,'2020-02-10 16:46:22'),
('2002105E4126926B001','0','2002055E3A775E6CE5F','Make Up','make-up',1,NULL,NULL,NULL,6,'2020-02-10 16:46:58',6,'2020-02-10 16:46:58'),
('2002105E41269DA5764','2002105E4126926B001','2002055E3A775E6CE5F','Make Up Remover','make-up-remover',1,NULL,NULL,NULL,6,'2020-02-10 16:47:09',6,'2020-02-10 16:47:09');

/*Table structure for table `tags_kt` */

DROP TABLE IF EXISTS `tags_kt`;

CREATE TABLE `tags_kt` (
  `id` varchar(25) NOT NULL,
  `parent` varchar(25) DEFAULT '0',
  `ordering` int(11) NOT NULL DEFAULT '0',
  `published` datetime DEFAULT NULL,
  `status` tinyint(1) NOT NULL DEFAULT '0',
  `status_mode` enum('post','product','tags','other') NOT NULL,
  `status_single` tinyint(1) NOT NULL DEFAULT '0',
  `ctb` int(11) NOT NULL,
  `ctd` datetime NOT NULL,
  `mdb` int(11) NOT NULL,
  `mdd` datetime NOT NULL,
  PRIMARY KEY (`id`)
) ENGINE=InnoDB DEFAULT CHARSET=latin1;

/*Data for the table `tags_kt` */

insert  into `tags_kt`(`id`,`parent`,`ordering`,`published`,`status`,`status_mode`,`status_single`,`ctb`,`ctd`,`mdb`,`mdd`) values 
('2002055E3A76CA96A6F','0',1,'2020-02-05 00:00:00',1,'post',0,6,'2020-02-05 15:03:22',6,'2020-02-05 15:03:22'),
('2002055E3A773F285AF','0',2,'2020-02-05 00:00:00',1,'post',0,6,'2020-02-05 15:05:19',6,'2020-02-05 15:05:19'),
('2002055E3A775E6CE5F','0',3,'2020-02-05 00:00:00',1,'post',0,6,'2020-02-05 15:05:50',6,'2020-02-05 15:05:50'),
('2002055E3A776DF1733','0',4,'2020-02-05 00:00:00',1,'post',0,6,'2020-02-05 15:06:05',6,'2020-02-05 15:06:05'),
('2002055E3A77759C904','0',5,'2020-02-05 00:00:00',1,'post',0,6,'2020-02-05 15:06:13',6,'2020-02-05 15:06:13'),
('2002075E3CE07C0DE3A','0',6,'2020-02-07 00:00:00',1,'post',0,6,'2020-02-07 10:58:52',6,'2020-02-07 10:58:52');

/*Table structure for table `tags_kt_image` */

DROP TABLE IF EXISTS `tags_kt_image`;

CREATE TABLE `tags_kt_image` (
  `id` varchar(25) NOT NULL,
  `tags_kt_id` varchar(25) NOT NULL,
  `file_name` text,
  `file_location` text,
  `file_thumb` text,
  `file_original` text,
  `ctb` int(11) NOT NULL,
  `ctd` datetime NOT NULL,
  `mdb` int(11) NOT NULL,
  `mdd` datetime NOT NULL,
  PRIMARY KEY (`id`),
  KEY `post_id` (`tags_kt_id`),
  CONSTRAINT `tags_kt_image_ibfk_1` FOREIGN KEY (`tags_kt_id`) REFERENCES `tags_kt` (`id`) ON DELETE CASCADE ON UPDATE CASCADE
) ENGINE=InnoDB DEFAULT CHARSET=latin1;

/*Data for the table `tags_kt_image` */

/*Table structure for table `tags_kt_lang` */

DROP TABLE IF EXISTS `tags_kt_lang`;

CREATE TABLE `tags_kt_lang` (
  `id` varchar(25) NOT NULL,
  `tags_kt_id` varchar(25) NOT NULL,
  `acs_lang_id` varchar(25) NOT NULL,
  `title` varchar(255) NOT NULL,
  `slug` varchar(255) NOT NULL,
  `description` text NOT NULL,
  `ctb` int(11) NOT NULL,
  `ctd` datetime NOT NULL,
  `mdb` int(11) NOT NULL,
  `mdd` datetime NOT NULL,
  PRIMARY KEY (`id`),
  KEY `post_kt_id` (`tags_kt_id`),
  KEY `sys_lang_id` (`acs_lang_id`),
  CONSTRAINT `tags_kt_lang_ibfk_1` FOREIGN KEY (`acs_lang_id`) REFERENCES `acs_lang` (`id`) ON DELETE CASCADE ON UPDATE CASCADE,
  CONSTRAINT `tags_kt_lang_ibfk_2` FOREIGN KEY (`tags_kt_id`) REFERENCES `tags_kt` (`id`) ON DELETE CASCADE ON UPDATE CASCADE
) ENGINE=InnoDB DEFAULT CHARSET=latin1;

/*Data for the table `tags_kt_lang` */

insert  into `tags_kt_lang`(`id`,`tags_kt_id`,`acs_lang_id`,`title`,`slug`,`description`,`ctb`,`ctd`,`mdb`,`mdd`) values 
('2002055E3A76CA9A583','2002055E3A76CA96A6F','LGEN','FAQ','faq','',6,'2020-02-05 15:03:22',1,'2020-02-05 15:03:22'),
('2002055E3A76CA9A5F9','2002055E3A76CA96A6F','LGID','FAQ','faq','',6,'2020-02-05 15:03:22',1,'2020-02-05 15:03:22'),
('2002055E3A773F2BF3D','2002055E3A773F285AF','LGEN','Category Menu','category-menu','',6,'2020-02-05 15:05:19',1,'2020-02-05 15:05:19'),
('2002055E3A773F2BFC6','2002055E3A773F285AF','LGID','Category Menu','category-menu','',6,'2020-02-05 15:05:19',1,'2020-02-05 15:05:19'),
('2002055E3A775E6F4ED','2002055E3A775E6CE5F','LGEN','Product Category','product-category','',6,'2020-02-05 15:05:50',1,'2020-02-05 15:05:50'),
('2002055E3A775E6F561','2002055E3A775E6CE5F','LGID','Product Category','product-category','',6,'2020-02-05 15:05:50',1,'2020-02-05 15:05:50'),
('2002055E3A776E0026E','2002055E3A776DF1733','LGEN','Collection','collection','',6,'2020-02-05 15:06:06',1,'2020-02-05 15:06:06'),
('2002055E3A776E002EE','2002055E3A776DF1733','LGID','Collection','collection','',6,'2020-02-05 15:06:06',1,'2020-02-05 15:06:06'),
('2002055E3A77759EE61','2002055E3A77759C904','LGEN','Color','color','',6,'2020-02-05 15:06:13',1,'2020-02-05 15:06:13'),
('2002055E3A77759EED8','2002055E3A77759C904','LGID','Color','color','',6,'2020-02-05 15:06:13',1,'2020-02-05 15:06:13'),
('2002075E3CE07C11372','2002075E3CE07C0DE3A','LGEN','Tutorial','tutorial','',6,'2020-02-07 10:58:52',1,'2020-02-07 10:58:52'),
('2002075E3CE07C113F1','2002075E3CE07C0DE3A','LGID','Tutorial','tutorial','',6,'2020-02-07 10:58:52',1,'2020-02-07 10:58:52');

/*Table structure for table `variant_type` */

DROP TABLE IF EXISTS `variant_type`;

CREATE TABLE `variant_type` (
  `id` varchar(25) NOT NULL,
  `name` text,
  `status` tinyint(1) DEFAULT '1',
  `ctb` int(11) NOT NULL,
  `ctd` datetime NOT NULL,
  `mdb` int(11) NOT NULL,
  `mdd` datetime NOT NULL,
  PRIMARY KEY (`id`)
) ENGINE=InnoDB DEFAULT CHARSET=latin1;

/*Data for the table `variant_type` */

/* Function  structure for function  `strip_tags` */

/*!50003 DROP FUNCTION IF EXISTS `strip_tags` */;
DELIMITER $$

/*!50003 CREATE DEFINER=`root`@`localhost` FUNCTION `strip_tags`($str TEXT) RETURNS text CHARSET latin1
BEGIN

	    DECLARE $START, $END INT DEFAULT 1;
	    LOOP
		SET $START = LOCATE("<", $str, $START);
		IF (!$START) THEN RETURN $str; END IF;
		SET $END = LOCATE(">", $str, $START);
		IF (!$END) THEN SET $END = $START; END IF;
		SET $str = INSERT($str, $START, $END - $START + 1, "");
	    END LOOP;
    END */$$
DELIMITER ;

/*!40101 SET SQL_MODE=@OLD_SQL_MODE */;
/*!40014 SET FOREIGN_KEY_CHECKS=@OLD_FOREIGN_KEY_CHECKS */;
/*!40014 SET UNIQUE_CHECKS=@OLD_UNIQUE_CHECKS */;
/*!40111 SET SQL_NOTES=@OLD_SQL_NOTES */;
